Copyright 1986-2022 Xilinx, Inc. All Rights Reserved. Copyright 2022-2026 Advanced Micro Devices, Inc. All Rights Reserved.
-------------------------------------------------------------------------------------------------------------------------------------------------------------------------------------------------------------------
| Tool Version : Vivado v.2026.1 (win64) Build 6511674 Tue Jun 16 11:02:23 MDT 2026
| Date         : Sat Sep 19 19:17:23 2026
| Host         : <redacted>
| Command      : report_timing_summary -delay_type min_max -max_paths 20 -report_unconstrained -check_timing_verbose -file <report-path>/timing_summary_100mhz.rpt
| Design       : picorv_sha_soc
| Device       : 7a35t-cpg236
| Speed File   : -1  PRODUCTION 1.23 2018-06-13
| Design State : Routed
-------------------------------------------------------------------------------------------------------------------------------------------------------------------------------------------------------------------

Timing Summary Report

------------------------------------------------------------------------------------------------
| Timer Settings
| --------------
------------------------------------------------------------------------------------------------

  Enable Multi Corner Analysis               :  Yes
  Enable Pessimism Removal                   :  Yes
  Pessimism Removal Resolution               :  Nearest Common Node
  Enable Input Delay Default Clock           :  No
  Enable Preset / Clear Arcs                 :  No
  Disable Flight Delays                      :  No
  Ignore I/O Paths                           :  No
  Timing Early Launch at Borrowing Latches   :  No
  Borrow Time for Max Delay Exceptions       :  Yes
  Merge Timing Exceptions                    :  Yes
  Inter-SLR Compensation                     :  Conservative

  Corner  Analyze    Analyze    
  Name    Max Paths  Min Paths  
  ------  ---------  ---------  
  Slow    Yes        Yes        
  Fast    Yes        Yes        


------------------------------------------------------------------------------------------------
| Report Methodology
| ------------------
------------------------------------------------------------------------------------------------

Rule       Severity  Description                                 Violations  
---------  --------  ------------------------------------------  ----------  
SYNTH-6    Warning   Timing of a RAM block might be sub-optimal  16          
SYNTH-15   Warning   Byte wide write enable not inferred         16          
TIMING-18  Warning   Missing input or output delay               2           

Note: This report is based on the most recent report_methodology run and may not be up-to-date. Run report_methodology on the current design for the latest report.



check_timing report

Table of Contents
-----------------
1. checking no_clock (0)
2. checking constant_clock (0)
3. checking pulse_width_clock (0)
4. checking unconstrained_internal_endpoints (0)
5. checking no_input_delay (1)
6. checking no_output_delay (1)
7. checking multiple_clock (0)
8. checking generated_clocks (0)
9. checking loops (0)
10. checking partial_input_delay (0)
11. checking partial_output_delay (0)
12. checking latch_loops (0)

1. checking no_clock (0)
------------------------
 There are 0 register/latch pins with no clock.


2. checking constant_clock (0)
------------------------------
 There are 0 register/latch pins with constant_clock.


3. checking pulse_width_clock (0)
---------------------------------
 There are 0 register/latch pins which need pulse_width check


4. checking unconstrained_internal_endpoints (0)
------------------------------------------------
 There are 0 pins that are not constrained for maximum delay.

 There are 0 pins that are not constrained for maximum delay due to constant clock.


5. checking no_input_delay (1)
------------------------------
 There is 1 input port with no input delay specified. (HIGH)

reset_n

 There are 0 input ports with no input delay but user has a false path constraint.


6. checking no_output_delay (1)
-------------------------------
 There is 1 port with no output delay specified. (HIGH)

trap

 There are 0 ports with no output delay but user has a false path constraint

 There are 0 ports with no output delay but with a timing clock defined on it or propagating through it


7. checking multiple_clock (0)
------------------------------
 There are 0 register/latch pins with multiple clocks.


8. checking generated_clocks (0)
--------------------------------
 There are 0 generated clocks that are not connected to a clock source.


9. checking loops (0)
---------------------
 There are 0 combinational loops in the design.


10. checking partial_input_delay (0)
------------------------------------
 There are 0 input ports with partial input delay specified.


11. checking partial_output_delay (0)
-------------------------------------
 There are 0 ports with partial output delay specified.


12. checking latch_loops (0)
----------------------------
 There are 0 combinational latch loops in the design through latch input



------------------------------------------------------------------------------------------------
| Design Timing Summary
| ---------------------
------------------------------------------------------------------------------------------------

    WNS(ns)      TNS(ns)  TNS Failing Endpoints  TNS Total Endpoints      WHS(ns)      THS(ns)  THS Failing Endpoints  THS Total Endpoints     WPWS(ns)     TPWS(ns)  TPWS Failing Endpoints  TPWS Total Endpoints  
    -------      -------  ---------------------  -------------------      -------      -------  ---------------------  -------------------     --------     --------  ----------------------  --------------------  
      0.079        0.000                      0                 7114        0.036        0.000                      0                 7114        3.750        0.000                       0                  3066  


All user specified timing constraints are met.


------------------------------------------------------------------------------------------------
| Clock Summary
| -------------
------------------------------------------------------------------------------------------------

Clock    Waveform(ns)       Period(ns)      Frequency(MHz)
-----    ------------       ----------      --------------
sys_clk  {0.000 5.000}      10.000          100.000         


------------------------------------------------------------------------------------------------
| Intra Clock Table
| -----------------
------------------------------------------------------------------------------------------------

Clock             WNS(ns)      TNS(ns)  TNS Failing Endpoints  TNS Total Endpoints      WHS(ns)      THS(ns)  THS Failing Endpoints  THS Total Endpoints     WPWS(ns)     TPWS(ns)  TPWS Failing Endpoints  TPWS Total Endpoints  
-----             -------      -------  ---------------------  -------------------      -------      -------  ---------------------  -------------------     --------     --------  ----------------------  --------------------  
sys_clk             0.079        0.000                      0                 7114        0.036        0.000                      0                 7114        3.750        0.000                       0                  3066  


------------------------------------------------------------------------------------------------
| Inter Clock Table
| -----------------
------------------------------------------------------------------------------------------------

From Clock    To Clock          WNS(ns)      TNS(ns)  TNS Failing Endpoints  TNS Total Endpoints      WHS(ns)      THS(ns)  THS Failing Endpoints  THS Total Endpoints  
----------    --------          -------      -------  ---------------------  -------------------      -------      -------  ---------------------  -------------------  


------------------------------------------------------------------------------------------------
| Other Path Groups Table
| -----------------------
------------------------------------------------------------------------------------------------

Path Group    From Clock    To Clock          WNS(ns)      TNS(ns)  TNS Failing Endpoints  TNS Total Endpoints      WHS(ns)      THS(ns)  THS Failing Endpoints  THS Total Endpoints  
----------    ----------    --------          -------      -------  ---------------------  -------------------      -------      -------  ---------------------  -------------------  


------------------------------------------------------------------------------------------------
| User Ignored Path Table
| -----------------------
------------------------------------------------------------------------------------------------

Path Group    From Clock    To Clock    
----------    ----------    --------    


------------------------------------------------------------------------------------------------
| Unconstrained Path Table
| ------------------------
------------------------------------------------------------------------------------------------

Path Group    From Clock    To Clock    
----------    ----------    --------    
(none)        sys_clk                     
(none)                      sys_clk       


------------------------------------------------------------------------------------------------
| Timing Details
| --------------
------------------------------------------------------------------------------------------------


---------------------------------------------------------------------------------------------------
From Clock:  sys_clk
  To Clock:  sys_clk

Setup :            0  Failing Endpoints,  Worst Slack        0.079ns,  Total Violation        0.000ns
Hold  :            0  Failing Endpoints,  Worst Slack        0.036ns,  Total Violation        0.000ns
PW    :            0  Failing Endpoints,  Worst Slack        3.750ns,  Total Violation        0.000ns
---------------------------------------------------------------------------------------------------


Max Delay Paths
--------------------------------------------------------------------------------------
Slack (MET) :             0.079ns  (required time - arrival time)
  Source:                 sha/reg_if_inst/sha_inst/scheduler_inst/w_mem_reg[0][15]/C
                            (rising edge-triggered cell FDCE clocked by sys_clk  {rise@0.000ns fall@5.000ns period=10.000ns})
  Destination:            sha/reg_if_inst/sha_inst/scheduler_inst/w_mem_reg[8][26]/D
                            (rising edge-triggered cell FDCE clocked by sys_clk  {rise@0.000ns fall@5.000ns period=10.000ns})
  Path Group:             sys_clk
  Path Type:              Setup (Max at Slow Process Corner)
  Requirement:            10.000ns  (sys_clk rise@10.000ns - sys_clk rise@0.000ns)
  Data Path Delay:        9.833ns  (logic 3.636ns (36.976%)  route 6.197ns (63.024%))
  Logic Levels:           13  (CARRY4=5 LUT3=3 LUT5=1 LUT6=3 MUXF7=1)
  Clock Path Skew:        -0.127ns (DCD - SCD + CPR)
    Destination Clock Delay (DCD):    4.771ns = ( 14.771 - 10.000 ) 
    Source Clock Delay      (SCD):    5.086ns
    Clock Pessimism Removal (CPR):    0.188ns
  Clock Uncertainty:      0.035ns  ((TSJ^2 + TIJ^2)^1/2 + DJ) / 2 + PE
    Total System Jitter     (TSJ):    0.071ns
    Total Input Jitter      (TIJ):    0.000ns
    Discrete Jitter          (DJ):    0.000ns
    Phase Error              (PE):    0.000ns

    Location             Delay type                Incr(ns)  Path(ns)    Netlist Resource(s)
  -------------------------------------------------------------------    -------------------
                         (clock sys_clk rise edge)    0.000     0.000 r  <hidden>
    W5                                                0.000     0.000 r  clk
                         net (fo=0)                   0.000     0.000    clk
    W5                   IBUF (Prop_ibuf_I_O)         1.458     1.458 r  clk_IBUF_inst/O
                         net (fo=1, routed)           1.967     3.425    clk_IBUF
    BUFGCTRL_X0Y0        BUFG (Prop_bufg_I_O)         0.096     3.521 r  clk_IBUF_BUFG_inst/O
                         net (fo=3065, routed)        1.565     5.086    sha/reg_if_inst/sha_inst/scheduler_inst/clk_IBUF_BUFG
    SLICE_X37Y6          FDCE                                         r  sha/reg_if_inst/sha_inst/scheduler_inst/w_mem_reg[0][15]/C
  -------------------------------------------------------------------    -------------------
    SLICE_X37Y6          FDCE (Prop_fdce_C_Q)         0.419     5.505 r  sha/reg_if_inst/sha_inst/scheduler_inst/w_mem_reg[0][15]/Q
                         net (fo=3, routed)           1.161     6.667    sha/reg_if_inst/sha_inst/scheduler_inst/w_mem_reg[0]_15[15]
    SLICE_X39Y11         LUT6 (Prop_lut6_I0_O)        0.297     6.964 r  sha/reg_if_inst/sha_inst/scheduler_inst/w_mem[1][19]_i_57/O
                         net (fo=1, routed)           0.000     6.964    sha/reg_if_inst/sha_inst/scheduler_inst/w_mem[1][19]_i_57_n_0
    SLICE_X39Y11         MUXF7 (Prop_muxf7_I1_O)      0.217     7.181 r  sha/reg_if_inst/sha_inst/scheduler_inst/w_mem_reg[1][19]_i_36/O
                         net (fo=2, routed)           0.645     7.826    sha/reg_if_inst/sha_inst/scheduler_inst/w_mem_reg[1][19]_i_36_n_0
    SLICE_X39Y10         LUT3 (Prop_lut3_I0_O)        0.295     8.121 r  sha/reg_if_inst/sha_inst/scheduler_inst/w_mem[1][31]_i_40/O
                         net (fo=4, routed)           0.849     8.970    sha/reg_if_inst/sha_inst/scheduler_inst/rotr2_return[29]
    SLICE_X38Y9          LUT6 (Prop_lut6_I5_O)        0.327     9.297 r  sha/reg_if_inst/sha_inst/scheduler_inst/w_mem[1][11]_i_16/O
                         net (fo=3, routed)           0.564     9.861    sha/reg_if_inst/sha_inst/scheduler_inst/sig0_return__0[8]
    SLICE_X37Y9          LUT3 (Prop_lut3_I0_O)        0.124     9.985 r  sha/reg_if_inst/sha_inst/scheduler_inst/w_mem[1][11]_i_22/O
                         net (fo=2, routed)           0.812    10.797    sha/reg_if_inst/sha_inst/scheduler_inst/w_mem[1][11]_i_22_n_0
    SLICE_X38Y9          LUT5 (Prop_lut5_I4_O)        0.150    10.947 r  sha/reg_if_inst/sha_inst/scheduler_inst/w_mem[1][11]_i_5/O
                         net (fo=2, routed)           0.716    11.663    sha/reg_if_inst/sha_inst/scheduler_inst/w_mem[1][11]_i_5_n_0
    SLICE_X36Y9          LUT6 (Prop_lut6_I3_O)        0.348    12.011 r  sha/reg_if_inst/sha_inst/scheduler_inst/w_mem[1][11]_i_9/O
                         net (fo=1, routed)           0.000    12.011    sha/reg_if_inst/sha_inst/scheduler_inst/w_mem[1][11]_i_9_n_0
    SLICE_X36Y9          CARRY4 (Prop_carry4_S[1]_CO[3])
                                                      0.550    12.561 r  sha/reg_if_inst/sha_inst/scheduler_inst/w_mem_reg[1][11]_i_2/CO[3]
                         net (fo=1, routed)           0.000    12.561    sha/reg_if_inst/sha_inst/scheduler_inst/w_mem_reg[1][11]_i_2_n_0
    SLICE_X36Y10         CARRY4 (Prop_carry4_CI_CO[3])
                                                      0.114    12.675 r  sha/reg_if_inst/sha_inst/scheduler_inst/w_mem_reg[1][15]_i_2/CO[3]
                         net (fo=1, routed)           0.000    12.675    sha/reg_if_inst/sha_inst/scheduler_inst/w_mem_reg[1][15]_i_2_n_0
    SLICE_X36Y11         CARRY4 (Prop_carry4_CI_CO[3])
                                                      0.114    12.789 r  sha/reg_if_inst/sha_inst/scheduler_inst/w_mem_reg[1][19]_i_2/CO[3]
                         net (fo=1, routed)           0.000    12.789    sha/reg_if_inst/sha_inst/scheduler_inst/w_mem_reg[1][19]_i_2_n_0
    SLICE_X36Y12         CARRY4 (Prop_carry4_CI_CO[3])
                                                      0.114    12.903 r  sha/reg_if_inst/sha_inst/scheduler_inst/w_mem_reg[1][23]_i_2/CO[3]
                         net (fo=1, routed)           0.000    12.903    sha/reg_if_inst/sha_inst/scheduler_inst/w_mem_reg[1][23]_i_2_n_0
    SLICE_X36Y13         CARRY4 (Prop_carry4_CI_O[2])
                                                      0.239    13.142 r  sha/reg_if_inst/sha_inst/scheduler_inst/w_mem_reg[1][27]_i_2/O[2]
                         net (fo=17, routed)          1.449    14.592    sha/reg_if_inst/sha_inst/scheduler_inst/w_new[26]
    SLICE_X33Y26         LUT3 (Prop_lut3_I2_O)        0.328    14.920 r  sha/reg_if_inst/sha_inst/scheduler_inst/w_mem[8][26]_i_1/O
                         net (fo=1, routed)           0.000    14.920    sha/reg_if_inst/sha_inst/scheduler_inst/w_mem[8][26]_i_1_n_0
    SLICE_X33Y26         FDCE                                         r  sha/reg_if_inst/sha_inst/scheduler_inst/w_mem_reg[8][26]/D
  -------------------------------------------------------------------    -------------------

                         (clock sys_clk rise edge)   10.000    10.000 r  <hidden>
    W5                                                0.000    10.000 r  clk
                         net (fo=0)                   0.000    10.000    clk
    W5                   IBUF (Prop_ibuf_I_O)         1.388    11.388 r  clk_IBUF_inst/O
                         net (fo=1, routed)           1.862    13.250    clk_IBUF
    BUFGCTRL_X0Y0        BUFG (Prop_bufg_I_O)         0.091    13.341 r  clk_IBUF_BUFG_inst/O
                         net (fo=3065, routed)        1.430    14.771    sha/reg_if_inst/sha_inst/scheduler_inst/clk_IBUF_BUFG
    SLICE_X33Y26         FDCE                                         r  sha/reg_if_inst/sha_inst/scheduler_inst/w_mem_reg[8][26]/C
                         clock pessimism              0.188    14.959    <hidden>
                         clock uncertainty           -0.035    14.924    <hidden>
    SLICE_X33Y26         FDCE (Setup_fdce_C_D)        0.075    14.999    sha/reg_if_inst/sha_inst/scheduler_inst/w_mem_reg[8][26]
  -------------------------------------------------------------------
                         required time                         14.999    <hidden>
                         arrival time                         -14.920    <hidden>
  -------------------------------------------------------------------
                         slack                                  0.079    <hidden>

Slack (MET) :             0.141ns  (required time - arrival time)
  Source:                 sha/reg_if_inst/sha_inst/scheduler_inst/w_mem_reg[0][15]/C
                            (rising edge-triggered cell FDCE clocked by sys_clk  {rise@0.000ns fall@5.000ns period=10.000ns})
  Destination:            sha/reg_if_inst/sha_inst/scheduler_inst/w_mem_reg[8][30]/D
                            (rising edge-triggered cell FDCE clocked by sys_clk  {rise@0.000ns fall@5.000ns period=10.000ns})
  Path Group:             sys_clk
  Path Type:              Setup (Max at Slow Process Corner)
  Requirement:            10.000ns  (sys_clk rise@10.000ns - sys_clk rise@0.000ns)
  Data Path Delay:        9.776ns  (logic 3.749ns (38.349%)  route 6.027ns (61.651%))
  Logic Levels:           14  (CARRY4=6 LUT3=3 LUT5=1 LUT6=3 MUXF7=1)
  Clock Path Skew:        -0.123ns (DCD - SCD + CPR)
    Destination Clock Delay (DCD):    4.775ns = ( 14.775 - 10.000 ) 
    Source Clock Delay      (SCD):    5.086ns
    Clock Pessimism Removal (CPR):    0.188ns
  Clock Uncertainty:      0.035ns  ((TSJ^2 + TIJ^2)^1/2 + DJ) / 2 + PE
    Total System Jitter     (TSJ):    0.071ns
    Total Input Jitter      (TIJ):    0.000ns
    Discrete Jitter          (DJ):    0.000ns
    Phase Error              (PE):    0.000ns

    Location             Delay type                Incr(ns)  Path(ns)    Netlist Resource(s)
  -------------------------------------------------------------------    -------------------
                         (clock sys_clk rise edge)    0.000     0.000 r  <hidden>
    W5                                                0.000     0.000 r  clk
                         net (fo=0)                   0.000     0.000    clk
    W5                   IBUF (Prop_ibuf_I_O)         1.458     1.458 r  clk_IBUF_inst/O
                         net (fo=1, routed)           1.967     3.425    clk_IBUF
    BUFGCTRL_X0Y0        BUFG (Prop_bufg_I_O)         0.096     3.521 r  clk_IBUF_BUFG_inst/O
                         net (fo=3065, routed)        1.565     5.086    sha/reg_if_inst/sha_inst/scheduler_inst/clk_IBUF_BUFG
    SLICE_X37Y6          FDCE                                         r  sha/reg_if_inst/sha_inst/scheduler_inst/w_mem_reg[0][15]/C
  -------------------------------------------------------------------    -------------------
    SLICE_X37Y6          FDCE (Prop_fdce_C_Q)         0.419     5.505 r  sha/reg_if_inst/sha_inst/scheduler_inst/w_mem_reg[0][15]/Q
                         net (fo=3, routed)           1.161     6.667    sha/reg_if_inst/sha_inst/scheduler_inst/w_mem_reg[0]_15[15]
    SLICE_X39Y11         LUT6 (Prop_lut6_I0_O)        0.297     6.964 r  sha/reg_if_inst/sha_inst/scheduler_inst/w_mem[1][19]_i_57/O
                         net (fo=1, routed)           0.000     6.964    sha/reg_if_inst/sha_inst/scheduler_inst/w_mem[1][19]_i_57_n_0
    SLICE_X39Y11         MUXF7 (Prop_muxf7_I1_O)      0.217     7.181 r  sha/reg_if_inst/sha_inst/scheduler_inst/w_mem_reg[1][19]_i_36/O
                         net (fo=2, routed)           0.645     7.826    sha/reg_if_inst/sha_inst/scheduler_inst/w_mem_reg[1][19]_i_36_n_0
    SLICE_X39Y10         LUT3 (Prop_lut3_I0_O)        0.295     8.121 r  sha/reg_if_inst/sha_inst/scheduler_inst/w_mem[1][31]_i_40/O
                         net (fo=4, routed)           0.849     8.970    sha/reg_if_inst/sha_inst/scheduler_inst/rotr2_return[29]
    SLICE_X38Y9          LUT6 (Prop_lut6_I5_O)        0.327     9.297 r  sha/reg_if_inst/sha_inst/scheduler_inst/w_mem[1][11]_i_16/O
                         net (fo=3, routed)           0.564     9.861    sha/reg_if_inst/sha_inst/scheduler_inst/sig0_return__0[8]
    SLICE_X37Y9          LUT3 (Prop_lut3_I0_O)        0.124     9.985 r  sha/reg_if_inst/sha_inst/scheduler_inst/w_mem[1][11]_i_22/O
                         net (fo=2, routed)           0.812    10.797    sha/reg_if_inst/sha_inst/scheduler_inst/w_mem[1][11]_i_22_n_0
    SLICE_X38Y9          LUT5 (Prop_lut5_I4_O)        0.150    10.947 r  sha/reg_if_inst/sha_inst/scheduler_inst/w_mem[1][11]_i_5/O
                         net (fo=2, routed)           0.716    11.663    sha/reg_if_inst/sha_inst/scheduler_inst/w_mem[1][11]_i_5_n_0
    SLICE_X36Y9          LUT6 (Prop_lut6_I3_O)        0.348    12.011 r  sha/reg_if_inst/sha_inst/scheduler_inst/w_mem[1][11]_i_9/O
                         net (fo=1, routed)           0.000    12.011    sha/reg_if_inst/sha_inst/scheduler_inst/w_mem[1][11]_i_9_n_0
    SLICE_X36Y9          CARRY4 (Prop_carry4_S[1]_CO[3])
                                                      0.550    12.561 r  sha/reg_if_inst/sha_inst/scheduler_inst/w_mem_reg[1][11]_i_2/CO[3]
                         net (fo=1, routed)           0.000    12.561    sha/reg_if_inst/sha_inst/scheduler_inst/w_mem_reg[1][11]_i_2_n_0
    SLICE_X36Y10         CARRY4 (Prop_carry4_CI_CO[3])
                                                      0.114    12.675 r  sha/reg_if_inst/sha_inst/scheduler_inst/w_mem_reg[1][15]_i_2/CO[3]
                         net (fo=1, routed)           0.000    12.675    sha/reg_if_inst/sha_inst/scheduler_inst/w_mem_reg[1][15]_i_2_n_0
    SLICE_X36Y11         CARRY4 (Prop_carry4_CI_CO[3])
                                                      0.114    12.789 r  sha/reg_if_inst/sha_inst/scheduler_inst/w_mem_reg[1][19]_i_2/CO[3]
                         net (fo=1, routed)           0.000    12.789    sha/reg_if_inst/sha_inst/scheduler_inst/w_mem_reg[1][19]_i_2_n_0
    SLICE_X36Y12         CARRY4 (Prop_carry4_CI_CO[3])
                                                      0.114    12.903 r  sha/reg_if_inst/sha_inst/scheduler_inst/w_mem_reg[1][23]_i_2/CO[3]
                         net (fo=1, routed)           0.000    12.903    sha/reg_if_inst/sha_inst/scheduler_inst/w_mem_reg[1][23]_i_2_n_0
    SLICE_X36Y13         CARRY4 (Prop_carry4_CI_CO[3])
                                                      0.114    13.017 r  sha/reg_if_inst/sha_inst/scheduler_inst/w_mem_reg[1][27]_i_2/CO[3]
                         net (fo=1, routed)           0.000    13.017    sha/reg_if_inst/sha_inst/scheduler_inst/w_mem_reg[1][27]_i_2_n_0
    SLICE_X36Y14         CARRY4 (Prop_carry4_CI_O[2])
                                                      0.239    13.256 r  sha/reg_if_inst/sha_inst/scheduler_inst/w_mem_reg[1][31]_i_4/O[2]
                         net (fo=17, routed)          1.279    14.535    sha/reg_if_inst/sha_inst/scheduler_inst/w_new[30]
    SLICE_X32Y20         LUT3 (Prop_lut3_I2_O)        0.327    14.862 r  sha/reg_if_inst/sha_inst/scheduler_inst/w_mem[8][30]_i_1/O
                         net (fo=1, routed)           0.000    14.862    sha/reg_if_inst/sha_inst/scheduler_inst/w_mem[8][30]_i_1_n_0
    SLICE_X32Y20         FDCE                                         r  sha/reg_if_inst/sha_inst/scheduler_inst/w_mem_reg[8][30]/D
  -------------------------------------------------------------------    -------------------

                         (clock sys_clk rise edge)   10.000    10.000 r  <hidden>
    W5                                                0.000    10.000 r  clk
                         net (fo=0)                   0.000    10.000    clk
    W5                   IBUF (Prop_ibuf_I_O)         1.388    11.388 r  clk_IBUF_inst/O
                         net (fo=1, routed)           1.862    13.250    clk_IBUF
    BUFGCTRL_X0Y0        BUFG (Prop_bufg_I_O)         0.091    13.341 r  clk_IBUF_BUFG_inst/O
                         net (fo=3065, routed)        1.434    14.775    sha/reg_if_inst/sha_inst/scheduler_inst/clk_IBUF_BUFG
    SLICE_X32Y20         FDCE                                         r  sha/reg_if_inst/sha_inst/scheduler_inst/w_mem_reg[8][30]/C
                         clock pessimism              0.188    14.963    <hidden>
                         clock uncertainty           -0.035    14.928    <hidden>
    SLICE_X32Y20         FDCE (Setup_fdce_C_D)        0.075    15.003    sha/reg_if_inst/sha_inst/scheduler_inst/w_mem_reg[8][30]
  -------------------------------------------------------------------
                         required time                         15.003    <hidden>
                         arrival time                         -14.862    <hidden>
  -------------------------------------------------------------------
                         slack                                  0.141    <hidden>

Slack (MET) :             0.152ns  (required time - arrival time)
  Source:                 sha/reg_if_inst/sha_inst/scheduler_inst/w_mem_reg[0][15]/C
                            (rising edge-triggered cell FDCE clocked by sys_clk  {rise@0.000ns fall@5.000ns period=10.000ns})
  Destination:            sha/reg_if_inst/sha_inst/scheduler_inst/w_mem_reg[1][26]/D
                            (rising edge-triggered cell FDCE clocked by sys_clk  {rise@0.000ns fall@5.000ns period=10.000ns})
  Path Group:             sys_clk
  Path Type:              Setup (Max at Slow Process Corner)
  Requirement:            10.000ns  (sys_clk rise@10.000ns - sys_clk rise@0.000ns)
  Data Path Delay:        9.762ns  (logic 3.639ns (37.277%)  route 6.123ns (62.723%))
  Logic Levels:           13  (CARRY4=5 LUT3=3 LUT5=1 LUT6=3 MUXF7=1)
  Clock Path Skew:        -0.126ns (DCD - SCD + CPR)
    Destination Clock Delay (DCD):    4.772ns = ( 14.772 - 10.000 ) 
    Source Clock Delay      (SCD):    5.086ns
    Clock Pessimism Removal (CPR):    0.188ns
  Clock Uncertainty:      0.035ns  ((TSJ^2 + TIJ^2)^1/2 + DJ) / 2 + PE
    Total System Jitter     (TSJ):    0.071ns
    Total Input Jitter      (TIJ):    0.000ns
    Discrete Jitter          (DJ):    0.000ns
    Phase Error              (PE):    0.000ns

    Location             Delay type                Incr(ns)  Path(ns)    Netlist Resource(s)
  -------------------------------------------------------------------    -------------------
                         (clock sys_clk rise edge)    0.000     0.000 r  <hidden>
    W5                                                0.000     0.000 r  clk
                         net (fo=0)                   0.000     0.000    clk
    W5                   IBUF (Prop_ibuf_I_O)         1.458     1.458 r  clk_IBUF_inst/O
                         net (fo=1, routed)           1.967     3.425    clk_IBUF
    BUFGCTRL_X0Y0        BUFG (Prop_bufg_I_O)         0.096     3.521 r  clk_IBUF_BUFG_inst/O
                         net (fo=3065, routed)        1.565     5.086    sha/reg_if_inst/sha_inst/scheduler_inst/clk_IBUF_BUFG
    SLICE_X37Y6          FDCE                                         r  sha/reg_if_inst/sha_inst/scheduler_inst/w_mem_reg[0][15]/C
  -------------------------------------------------------------------    -------------------
    SLICE_X37Y6          FDCE (Prop_fdce_C_Q)         0.419     5.505 r  sha/reg_if_inst/sha_inst/scheduler_inst/w_mem_reg[0][15]/Q
                         net (fo=3, routed)           1.161     6.667    sha/reg_if_inst/sha_inst/scheduler_inst/w_mem_reg[0]_15[15]
    SLICE_X39Y11         LUT6 (Prop_lut6_I0_O)        0.297     6.964 r  sha/reg_if_inst/sha_inst/scheduler_inst/w_mem[1][19]_i_57/O
                         net (fo=1, routed)           0.000     6.964    sha/reg_if_inst/sha_inst/scheduler_inst/w_mem[1][19]_i_57_n_0
    SLICE_X39Y11         MUXF7 (Prop_muxf7_I1_O)      0.217     7.181 r  sha/reg_if_inst/sha_inst/scheduler_inst/w_mem_reg[1][19]_i_36/O
                         net (fo=2, routed)           0.645     7.826    sha/reg_if_inst/sha_inst/scheduler_inst/w_mem_reg[1][19]_i_36_n_0
    SLICE_X39Y10         LUT3 (Prop_lut3_I0_O)        0.295     8.121 r  sha/reg_if_inst/sha_inst/scheduler_inst/w_mem[1][31]_i_40/O
                         net (fo=4, routed)           0.849     8.970    sha/reg_if_inst/sha_inst/scheduler_inst/rotr2_return[29]
    SLICE_X38Y9          LUT6 (Prop_lut6_I5_O)        0.327     9.297 r  sha/reg_if_inst/sha_inst/scheduler_inst/w_mem[1][11]_i_16/O
                         net (fo=3, routed)           0.564     9.861    sha/reg_if_inst/sha_inst/scheduler_inst/sig0_return__0[8]
    SLICE_X37Y9          LUT3 (Prop_lut3_I0_O)        0.124     9.985 r  sha/reg_if_inst/sha_inst/scheduler_inst/w_mem[1][11]_i_22/O
                         net (fo=2, routed)           0.812    10.797    sha/reg_if_inst/sha_inst/scheduler_inst/w_mem[1][11]_i_22_n_0
    SLICE_X38Y9          LUT5 (Prop_lut5_I4_O)        0.150    10.947 r  sha/reg_if_inst/sha_inst/scheduler_inst/w_mem[1][11]_i_5/O
                         net (fo=2, routed)           0.716    11.663    sha/reg_if_inst/sha_inst/scheduler_inst/w_mem[1][11]_i_5_n_0
    SLICE_X36Y9          LUT6 (Prop_lut6_I3_O)        0.348    12.011 r  sha/reg_if_inst/sha_inst/scheduler_inst/w_mem[1][11]_i_9/O
                         net (fo=1, routed)           0.000    12.011    sha/reg_if_inst/sha_inst/scheduler_inst/w_mem[1][11]_i_9_n_0
    SLICE_X36Y9          CARRY4 (Prop_carry4_S[1]_CO[3])
                                                      0.550    12.561 r  sha/reg_if_inst/sha_inst/scheduler_inst/w_mem_reg[1][11]_i_2/CO[3]
                         net (fo=1, routed)           0.000    12.561    sha/reg_if_inst/sha_inst/scheduler_inst/w_mem_reg[1][11]_i_2_n_0
    SLICE_X36Y10         CARRY4 (Prop_carry4_CI_CO[3])
                                                      0.114    12.675 r  sha/reg_if_inst/sha_inst/scheduler_inst/w_mem_reg[1][15]_i_2/CO[3]
                         net (fo=1, routed)           0.000    12.675    sha/reg_if_inst/sha_inst/scheduler_inst/w_mem_reg[1][15]_i_2_n_0
    SLICE_X36Y11         CARRY4 (Prop_carry4_CI_CO[3])
                                                      0.114    12.789 r  sha/reg_if_inst/sha_inst/scheduler_inst/w_mem_reg[1][19]_i_2/CO[3]
                         net (fo=1, routed)           0.000    12.789    sha/reg_if_inst/sha_inst/scheduler_inst/w_mem_reg[1][19]_i_2_n_0
    SLICE_X36Y12         CARRY4 (Prop_carry4_CI_CO[3])
                                                      0.114    12.903 r  sha/reg_if_inst/sha_inst/scheduler_inst/w_mem_reg[1][23]_i_2/CO[3]
                         net (fo=1, routed)           0.000    12.903    sha/reg_if_inst/sha_inst/scheduler_inst/w_mem_reg[1][23]_i_2_n_0
    SLICE_X36Y13         CARRY4 (Prop_carry4_CI_O[2])
                                                      0.239    13.142 r  sha/reg_if_inst/sha_inst/scheduler_inst/w_mem_reg[1][27]_i_2/O[2]
                         net (fo=17, routed)          1.375    14.517    sha/reg_if_inst/sha_inst/scheduler_inst/w_new[26]
    SLICE_X33Y27         LUT3 (Prop_lut3_I2_O)        0.331    14.848 r  sha/reg_if_inst/sha_inst/scheduler_inst/w_mem[1][26]_i_1/O
                         net (fo=1, routed)           0.000    14.848    sha/reg_if_inst/sha_inst/scheduler_inst/w_mem[1][26]_i_1_n_0
    SLICE_X33Y27         FDCE                                         r  sha/reg_if_inst/sha_inst/scheduler_inst/w_mem_reg[1][26]/D
  -------------------------------------------------------------------    -------------------

                         (clock sys_clk rise edge)   10.000    10.000 r  <hidden>
    W5                                                0.000    10.000 r  clk
                         net (fo=0)                   0.000    10.000    clk
    W5                   IBUF (Prop_ibuf_I_O)         1.388    11.388 r  clk_IBUF_inst/O
                         net (fo=1, routed)           1.862    13.250    clk_IBUF
    BUFGCTRL_X0Y0        BUFG (Prop_bufg_I_O)         0.091    13.341 r  clk_IBUF_BUFG_inst/O
                         net (fo=3065, routed)        1.431    14.772    sha/reg_if_inst/sha_inst/scheduler_inst/clk_IBUF_BUFG
    SLICE_X33Y27         FDCE                                         r  sha/reg_if_inst/sha_inst/scheduler_inst/w_mem_reg[1][26]/C
                         clock pessimism              0.188    14.960    <hidden>
                         clock uncertainty           -0.035    14.925    <hidden>
    SLICE_X33Y27         FDCE (Setup_fdce_C_D)        0.075    15.000    sha/reg_if_inst/sha_inst/scheduler_inst/w_mem_reg[1][26]
  -------------------------------------------------------------------
                         required time                         15.000    <hidden>
                         arrival time                         -14.848    <hidden>
  -------------------------------------------------------------------
                         slack                                  0.152    <hidden>

Slack (MET) :             0.157ns  (required time - arrival time)
  Source:                 sha/reg_if_inst/sha_inst/scheduler_inst/w_mem_reg[0][15]/C
                            (rising edge-triggered cell FDCE clocked by sys_clk  {rise@0.000ns fall@5.000ns period=10.000ns})
  Destination:            sha/reg_if_inst/sha_inst/scheduler_inst/w_mem_reg[3][26]/D
                            (rising edge-triggered cell FDCE clocked by sys_clk  {rise@0.000ns fall@5.000ns period=10.000ns})
  Path Group:             sys_clk
  Path Type:              Setup (Max at Slow Process Corner)
  Requirement:            10.000ns  (sys_clk rise@10.000ns - sys_clk rise@0.000ns)
  Data Path Delay:        9.755ns  (logic 3.639ns (37.303%)  route 6.116ns (62.697%))
  Logic Levels:           13  (CARRY4=5 LUT3=3 LUT5=1 LUT6=3 MUXF7=1)
  Clock Path Skew:        -0.127ns (DCD - SCD + CPR)
    Destination Clock Delay (DCD):    4.771ns = ( 14.771 - 10.000 ) 
    Source Clock Delay      (SCD):    5.086ns
    Clock Pessimism Removal (CPR):    0.188ns
  Clock Uncertainty:      0.035ns  ((TSJ^2 + TIJ^2)^1/2 + DJ) / 2 + PE
    Total System Jitter     (TSJ):    0.071ns
    Total Input Jitter      (TIJ):    0.000ns
    Discrete Jitter          (DJ):    0.000ns
    Phase Error              (PE):    0.000ns

    Location             Delay type                Incr(ns)  Path(ns)    Netlist Resource(s)
  -------------------------------------------------------------------    -------------------
                         (clock sys_clk rise edge)    0.000     0.000 r  <hidden>
    W5                                                0.000     0.000 r  clk
                         net (fo=0)                   0.000     0.000    clk
    W5                   IBUF (Prop_ibuf_I_O)         1.458     1.458 r  clk_IBUF_inst/O
                         net (fo=1, routed)           1.967     3.425    clk_IBUF
    BUFGCTRL_X0Y0        BUFG (Prop_bufg_I_O)         0.096     3.521 r  clk_IBUF_BUFG_inst/O
                         net (fo=3065, routed)        1.565     5.086    sha/reg_if_inst/sha_inst/scheduler_inst/clk_IBUF_BUFG
    SLICE_X37Y6          FDCE                                         r  sha/reg_if_inst/sha_inst/scheduler_inst/w_mem_reg[0][15]/C
  -------------------------------------------------------------------    -------------------
    SLICE_X37Y6          FDCE (Prop_fdce_C_Q)         0.419     5.505 r  sha/reg_if_inst/sha_inst/scheduler_inst/w_mem_reg[0][15]/Q
                         net (fo=3, routed)           1.161     6.667    sha/reg_if_inst/sha_inst/scheduler_inst/w_mem_reg[0]_15[15]
    SLICE_X39Y11         LUT6 (Prop_lut6_I0_O)        0.297     6.964 r  sha/reg_if_inst/sha_inst/scheduler_inst/w_mem[1][19]_i_57/O
                         net (fo=1, routed)           0.000     6.964    sha/reg_if_inst/sha_inst/scheduler_inst/w_mem[1][19]_i_57_n_0
    SLICE_X39Y11         MUXF7 (Prop_muxf7_I1_O)      0.217     7.181 r  sha/reg_if_inst/sha_inst/scheduler_inst/w_mem_reg[1][19]_i_36/O
                         net (fo=2, routed)           0.645     7.826    sha/reg_if_inst/sha_inst/scheduler_inst/w_mem_reg[1][19]_i_36_n_0
    SLICE_X39Y10         LUT3 (Prop_lut3_I0_O)        0.295     8.121 r  sha/reg_if_inst/sha_inst/scheduler_inst/w_mem[1][31]_i_40/O
                         net (fo=4, routed)           0.849     8.970    sha/reg_if_inst/sha_inst/scheduler_inst/rotr2_return[29]
    SLICE_X38Y9          LUT6 (Prop_lut6_I5_O)        0.327     9.297 r  sha/reg_if_inst/sha_inst/scheduler_inst/w_mem[1][11]_i_16/O
                         net (fo=3, routed)           0.564     9.861    sha/reg_if_inst/sha_inst/scheduler_inst/sig0_return__0[8]
    SLICE_X37Y9          LUT3 (Prop_lut3_I0_O)        0.124     9.985 r  sha/reg_if_inst/sha_inst/scheduler_inst/w_mem[1][11]_i_22/O
                         net (fo=2, routed)           0.812    10.797    sha/reg_if_inst/sha_inst/scheduler_inst/w_mem[1][11]_i_22_n_0
    SLICE_X38Y9          LUT5 (Prop_lut5_I4_O)        0.150    10.947 r  sha/reg_if_inst/sha_inst/scheduler_inst/w_mem[1][11]_i_5/O
                         net (fo=2, routed)           0.716    11.663    sha/reg_if_inst/sha_inst/scheduler_inst/w_mem[1][11]_i_5_n_0
    SLICE_X36Y9          LUT6 (Prop_lut6_I3_O)        0.348    12.011 r  sha/reg_if_inst/sha_inst/scheduler_inst/w_mem[1][11]_i_9/O
                         net (fo=1, routed)           0.000    12.011    sha/reg_if_inst/sha_inst/scheduler_inst/w_mem[1][11]_i_9_n_0
    SLICE_X36Y9          CARRY4 (Prop_carry4_S[1]_CO[3])
                                                      0.550    12.561 r  sha/reg_if_inst/sha_inst/scheduler_inst/w_mem_reg[1][11]_i_2/CO[3]
                         net (fo=1, routed)           0.000    12.561    sha/reg_if_inst/sha_inst/scheduler_inst/w_mem_reg[1][11]_i_2_n_0
    SLICE_X36Y10         CARRY4 (Prop_carry4_CI_CO[3])
                                                      0.114    12.675 r  sha/reg_if_inst/sha_inst/scheduler_inst/w_mem_reg[1][15]_i_2/CO[3]
                         net (fo=1, routed)           0.000    12.675    sha/reg_if_inst/sha_inst/scheduler_inst/w_mem_reg[1][15]_i_2_n_0
    SLICE_X36Y11         CARRY4 (Prop_carry4_CI_CO[3])
                                                      0.114    12.789 r  sha/reg_if_inst/sha_inst/scheduler_inst/w_mem_reg[1][19]_i_2/CO[3]
                         net (fo=1, routed)           0.000    12.789    sha/reg_if_inst/sha_inst/scheduler_inst/w_mem_reg[1][19]_i_2_n_0
    SLICE_X36Y12         CARRY4 (Prop_carry4_CI_CO[3])
                                                      0.114    12.903 r  sha/reg_if_inst/sha_inst/scheduler_inst/w_mem_reg[1][23]_i_2/CO[3]
                         net (fo=1, routed)           0.000    12.903    sha/reg_if_inst/sha_inst/scheduler_inst/w_mem_reg[1][23]_i_2_n_0
    SLICE_X36Y13         CARRY4 (Prop_carry4_CI_O[2])
                                                      0.239    13.142 r  sha/reg_if_inst/sha_inst/scheduler_inst/w_mem_reg[1][27]_i_2/O[2]
                         net (fo=17, routed)          1.368    14.511    sha/reg_if_inst/sha_inst/scheduler_inst/w_new[26]
    SLICE_X32Y26         LUT3 (Prop_lut3_I2_O)        0.331    14.842 r  sha/reg_if_inst/sha_inst/scheduler_inst/w_mem[3][26]_i_1/O
                         net (fo=1, routed)           0.000    14.842    sha/reg_if_inst/sha_inst/scheduler_inst/w_mem[3][26]_i_1_n_0
    SLICE_X32Y26         FDCE                                         r  sha/reg_if_inst/sha_inst/scheduler_inst/w_mem_reg[3][26]/D
  -------------------------------------------------------------------    -------------------

                         (clock sys_clk rise edge)   10.000    10.000 r  <hidden>
    W5                                                0.000    10.000 r  clk
                         net (fo=0)                   0.000    10.000    clk
    W5                   IBUF (Prop_ibuf_I_O)         1.388    11.388 r  clk_IBUF_inst/O
                         net (fo=1, routed)           1.862    13.250    clk_IBUF
    BUFGCTRL_X0Y0        BUFG (Prop_bufg_I_O)         0.091    13.341 r  clk_IBUF_BUFG_inst/O
                         net (fo=3065, routed)        1.430    14.771    sha/reg_if_inst/sha_inst/scheduler_inst/clk_IBUF_BUFG
    SLICE_X32Y26         FDCE                                         r  sha/reg_if_inst/sha_inst/scheduler_inst/w_mem_reg[3][26]/C
                         clock pessimism              0.188    14.959    <hidden>
                         clock uncertainty           -0.035    14.924    <hidden>
    SLICE_X32Y26         FDCE (Setup_fdce_C_D)        0.075    14.999    sha/reg_if_inst/sha_inst/scheduler_inst/w_mem_reg[3][26]
  -------------------------------------------------------------------
                         required time                         14.999    <hidden>
                         arrival time                         -14.842    <hidden>
  -------------------------------------------------------------------
                         slack                                  0.157    <hidden>

Slack (MET) :             0.167ns  (required time - arrival time)
  Source:                 sha/reg_if_inst/sha_inst/scheduler_inst/w_mem_reg[0][15]/C
                            (rising edge-triggered cell FDCE clocked by sys_clk  {rise@0.000ns fall@5.000ns period=10.000ns})
  Destination:            sha/reg_if_inst/sha_inst/scheduler_inst/w_mem_reg[4][26]/D
                            (rising edge-triggered cell FDCE clocked by sys_clk  {rise@0.000ns fall@5.000ns period=10.000ns})
  Path Group:             sys_clk
  Path Type:              Setup (Max at Slow Process Corner)
  Requirement:            10.000ns  (sys_clk rise@10.000ns - sys_clk rise@0.000ns)
  Data Path Delay:        9.788ns  (logic 3.634ns (37.126%)  route 6.154ns (62.874%))
  Logic Levels:           13  (CARRY4=5 LUT3=3 LUT5=1 LUT6=3 MUXF7=1)
  Clock Path Skew:        -0.127ns (DCD - SCD + CPR)
    Destination Clock Delay (DCD):    4.771ns = ( 14.771 - 10.000 ) 
    Source Clock Delay      (SCD):    5.086ns
    Clock Pessimism Removal (CPR):    0.188ns
  Clock Uncertainty:      0.035ns  ((TSJ^2 + TIJ^2)^1/2 + DJ) / 2 + PE
    Total System Jitter     (TSJ):    0.071ns
    Total Input Jitter      (TIJ):    0.000ns
    Discrete Jitter          (DJ):    0.000ns
    Phase Error              (PE):    0.000ns

    Location             Delay type                Incr(ns)  Path(ns)    Netlist Resource(s)
  -------------------------------------------------------------------    -------------------
                         (clock sys_clk rise edge)    0.000     0.000 r  <hidden>
    W5                                                0.000     0.000 r  clk
                         net (fo=0)                   0.000     0.000    clk
    W5                   IBUF (Prop_ibuf_I_O)         1.458     1.458 r  clk_IBUF_inst/O
                         net (fo=1, routed)           1.967     3.425    clk_IBUF
    BUFGCTRL_X0Y0        BUFG (Prop_bufg_I_O)         0.096     3.521 r  clk_IBUF_BUFG_inst/O
                         net (fo=3065, routed)        1.565     5.086    sha/reg_if_inst/sha_inst/scheduler_inst/clk_IBUF_BUFG
    SLICE_X37Y6          FDCE                                         r  sha/reg_if_inst/sha_inst/scheduler_inst/w_mem_reg[0][15]/C
  -------------------------------------------------------------------    -------------------
    SLICE_X37Y6          FDCE (Prop_fdce_C_Q)         0.419     5.505 r  sha/reg_if_inst/sha_inst/scheduler_inst/w_mem_reg[0][15]/Q
                         net (fo=3, routed)           1.161     6.667    sha/reg_if_inst/sha_inst/scheduler_inst/w_mem_reg[0]_15[15]
    SLICE_X39Y11         LUT6 (Prop_lut6_I0_O)        0.297     6.964 r  sha/reg_if_inst/sha_inst/scheduler_inst/w_mem[1][19]_i_57/O
                         net (fo=1, routed)           0.000     6.964    sha/reg_if_inst/sha_inst/scheduler_inst/w_mem[1][19]_i_57_n_0
    SLICE_X39Y11         MUXF7 (Prop_muxf7_I1_O)      0.217     7.181 r  sha/reg_if_inst/sha_inst/scheduler_inst/w_mem_reg[1][19]_i_36/O
                         net (fo=2, routed)           0.645     7.826    sha/reg_if_inst/sha_inst/scheduler_inst/w_mem_reg[1][19]_i_36_n_0
    SLICE_X39Y10         LUT3 (Prop_lut3_I0_O)        0.295     8.121 r  sha/reg_if_inst/sha_inst/scheduler_inst/w_mem[1][31]_i_40/O
                         net (fo=4, routed)           0.849     8.970    sha/reg_if_inst/sha_inst/scheduler_inst/rotr2_return[29]
    SLICE_X38Y9          LUT6 (Prop_lut6_I5_O)        0.327     9.297 r  sha/reg_if_inst/sha_inst/scheduler_inst/w_mem[1][11]_i_16/O
                         net (fo=3, routed)           0.564     9.861    sha/reg_if_inst/sha_inst/scheduler_inst/sig0_return__0[8]
    SLICE_X37Y9          LUT3 (Prop_lut3_I0_O)        0.124     9.985 r  sha/reg_if_inst/sha_inst/scheduler_inst/w_mem[1][11]_i_22/O
                         net (fo=2, routed)           0.812    10.797    sha/reg_if_inst/sha_inst/scheduler_inst/w_mem[1][11]_i_22_n_0
    SLICE_X38Y9          LUT5 (Prop_lut5_I4_O)        0.150    10.947 r  sha/reg_if_inst/sha_inst/scheduler_inst/w_mem[1][11]_i_5/O
                         net (fo=2, routed)           0.716    11.663    sha/reg_if_inst/sha_inst/scheduler_inst/w_mem[1][11]_i_5_n_0
    SLICE_X36Y9          LUT6 (Prop_lut6_I3_O)        0.348    12.011 r  sha/reg_if_inst/sha_inst/scheduler_inst/w_mem[1][11]_i_9/O
                         net (fo=1, routed)           0.000    12.011    sha/reg_if_inst/sha_inst/scheduler_inst/w_mem[1][11]_i_9_n_0
    SLICE_X36Y9          CARRY4 (Prop_carry4_S[1]_CO[3])
                                                      0.550    12.561 r  sha/reg_if_inst/sha_inst/scheduler_inst/w_mem_reg[1][11]_i_2/CO[3]
                         net (fo=1, routed)           0.000    12.561    sha/reg_if_inst/sha_inst/scheduler_inst/w_mem_reg[1][11]_i_2_n_0
    SLICE_X36Y10         CARRY4 (Prop_carry4_CI_CO[3])
                                                      0.114    12.675 r  sha/reg_if_inst/sha_inst/scheduler_inst/w_mem_reg[1][15]_i_2/CO[3]
                         net (fo=1, routed)           0.000    12.675    sha/reg_if_inst/sha_inst/scheduler_inst/w_mem_reg[1][15]_i_2_n_0
    SLICE_X36Y11         CARRY4 (Prop_carry4_CI_CO[3])
                                                      0.114    12.789 r  sha/reg_if_inst/sha_inst/scheduler_inst/w_mem_reg[1][19]_i_2/CO[3]
                         net (fo=1, routed)           0.000    12.789    sha/reg_if_inst/sha_inst/scheduler_inst/w_mem_reg[1][19]_i_2_n_0
    SLICE_X36Y12         CARRY4 (Prop_carry4_CI_CO[3])
                                                      0.114    12.903 r  sha/reg_if_inst/sha_inst/scheduler_inst/w_mem_reg[1][23]_i_2/CO[3]
                         net (fo=1, routed)           0.000    12.903    sha/reg_if_inst/sha_inst/scheduler_inst/w_mem_reg[1][23]_i_2_n_0
    SLICE_X36Y13         CARRY4 (Prop_carry4_CI_O[2])
                                                      0.239    13.142 r  sha/reg_if_inst/sha_inst/scheduler_inst/w_mem_reg[1][27]_i_2/O[2]
                         net (fo=17, routed)          1.406    14.549    sha/reg_if_inst/sha_inst/scheduler_inst/w_new[26]
    SLICE_X30Y26         LUT3 (Prop_lut3_I2_O)        0.326    14.875 r  sha/reg_if_inst/sha_inst/scheduler_inst/w_mem[4][26]_i_1/O
                         net (fo=1, routed)           0.000    14.875    sha/reg_if_inst/sha_inst/scheduler_inst/w_mem[4][26]_i_1_n_0
    SLICE_X30Y26         FDCE                                         r  sha/reg_if_inst/sha_inst/scheduler_inst/w_mem_reg[4][26]/D
  -------------------------------------------------------------------    -------------------

                         (clock sys_clk rise edge)   10.000    10.000 r  <hidden>
    W5                                                0.000    10.000 r  clk
                         net (fo=0)                   0.000    10.000    clk
    W5                   IBUF (Prop_ibuf_I_O)         1.388    11.388 r  clk_IBUF_inst/O
                         net (fo=1, routed)           1.862    13.250    clk_IBUF
    BUFGCTRL_X0Y0        BUFG (Prop_bufg_I_O)         0.091    13.341 r  clk_IBUF_BUFG_inst/O
                         net (fo=3065, routed)        1.430    14.771    sha/reg_if_inst/sha_inst/scheduler_inst/clk_IBUF_BUFG
    SLICE_X30Y26         FDCE                                         r  sha/reg_if_inst/sha_inst/scheduler_inst/w_mem_reg[4][26]/C
                         clock pessimism              0.188    14.959    <hidden>
                         clock uncertainty           -0.035    14.924    <hidden>
    SLICE_X30Y26         FDCE (Setup_fdce_C_D)        0.118    15.042    sha/reg_if_inst/sha_inst/scheduler_inst/w_mem_reg[4][26]
  -------------------------------------------------------------------
                         required time                         15.042    <hidden>
                         arrival time                         -14.875    <hidden>
  -------------------------------------------------------------------
                         slack                                  0.167    <hidden>

Slack (MET) :             0.170ns  (required time - arrival time)
  Source:                 sha/reg_if_inst/sha_inst/scheduler_inst/w_mem_reg[0][15]/C
                            (rising edge-triggered cell FDCE clocked by sys_clk  {rise@0.000ns fall@5.000ns period=10.000ns})
  Destination:            sha/reg_if_inst/sha_inst/scheduler_inst/w_mem_reg[7][27]/D
                            (rising edge-triggered cell FDCE clocked by sys_clk  {rise@0.000ns fall@5.000ns period=10.000ns})
  Path Group:             sys_clk
  Path Type:              Setup (Max at Slow Process Corner)
  Requirement:            10.000ns  (sys_clk rise@10.000ns - sys_clk rise@0.000ns)
  Data Path Delay:        9.746ns  (logic 3.714ns (38.109%)  route 6.032ns (61.891%))
  Logic Levels:           13  (CARRY4=5 LUT3=3 LUT5=1 LUT6=3 MUXF7=1)
  Clock Path Skew:        -0.124ns (DCD - SCD + CPR)
    Destination Clock Delay (DCD):    4.774ns = ( 14.774 - 10.000 ) 
    Source Clock Delay      (SCD):    5.086ns
    Clock Pessimism Removal (CPR):    0.188ns
  Clock Uncertainty:      0.035ns  ((TSJ^2 + TIJ^2)^1/2 + DJ) / 2 + PE
    Total System Jitter     (TSJ):    0.071ns
    Total Input Jitter      (TIJ):    0.000ns
    Discrete Jitter          (DJ):    0.000ns
    Phase Error              (PE):    0.000ns

    Location             Delay type                Incr(ns)  Path(ns)    Netlist Resource(s)
  -------------------------------------------------------------------    -------------------
                         (clock sys_clk rise edge)    0.000     0.000 r  <hidden>
    W5                                                0.000     0.000 r  clk
                         net (fo=0)                   0.000     0.000    clk
    W5                   IBUF (Prop_ibuf_I_O)         1.458     1.458 r  clk_IBUF_inst/O
                         net (fo=1, routed)           1.967     3.425    clk_IBUF
    BUFGCTRL_X0Y0        BUFG (Prop_bufg_I_O)         0.096     3.521 r  clk_IBUF_BUFG_inst/O
                         net (fo=3065, routed)        1.565     5.086    sha/reg_if_inst/sha_inst/scheduler_inst/clk_IBUF_BUFG
    SLICE_X37Y6          FDCE                                         r  sha/reg_if_inst/sha_inst/scheduler_inst/w_mem_reg[0][15]/C
  -------------------------------------------------------------------    -------------------
    SLICE_X37Y6          FDCE (Prop_fdce_C_Q)         0.419     5.505 r  sha/reg_if_inst/sha_inst/scheduler_inst/w_mem_reg[0][15]/Q
                         net (fo=3, routed)           1.161     6.667    sha/reg_if_inst/sha_inst/scheduler_inst/w_mem_reg[0]_15[15]
    SLICE_X39Y11         LUT6 (Prop_lut6_I0_O)        0.297     6.964 r  sha/reg_if_inst/sha_inst/scheduler_inst/w_mem[1][19]_i_57/O
                         net (fo=1, routed)           0.000     6.964    sha/reg_if_inst/sha_inst/scheduler_inst/w_mem[1][19]_i_57_n_0
    SLICE_X39Y11         MUXF7 (Prop_muxf7_I1_O)      0.217     7.181 r  sha/reg_if_inst/sha_inst/scheduler_inst/w_mem_reg[1][19]_i_36/O
                         net (fo=2, routed)           0.645     7.826    sha/reg_if_inst/sha_inst/scheduler_inst/w_mem_reg[1][19]_i_36_n_0
    SLICE_X39Y10         LUT3 (Prop_lut3_I0_O)        0.295     8.121 r  sha/reg_if_inst/sha_inst/scheduler_inst/w_mem[1][31]_i_40/O
                         net (fo=4, routed)           0.849     8.970    sha/reg_if_inst/sha_inst/scheduler_inst/rotr2_return[29]
    SLICE_X38Y9          LUT6 (Prop_lut6_I5_O)        0.327     9.297 r  sha/reg_if_inst/sha_inst/scheduler_inst/w_mem[1][11]_i_16/O
                         net (fo=3, routed)           0.564     9.861    sha/reg_if_inst/sha_inst/scheduler_inst/sig0_return__0[8]
    SLICE_X37Y9          LUT3 (Prop_lut3_I0_O)        0.124     9.985 r  sha/reg_if_inst/sha_inst/scheduler_inst/w_mem[1][11]_i_22/O
                         net (fo=2, routed)           0.812    10.797    sha/reg_if_inst/sha_inst/scheduler_inst/w_mem[1][11]_i_22_n_0
    SLICE_X38Y9          LUT5 (Prop_lut5_I4_O)        0.150    10.947 r  sha/reg_if_inst/sha_inst/scheduler_inst/w_mem[1][11]_i_5/O
                         net (fo=2, routed)           0.716    11.663    sha/reg_if_inst/sha_inst/scheduler_inst/w_mem[1][11]_i_5_n_0
    SLICE_X36Y9          LUT6 (Prop_lut6_I3_O)        0.348    12.011 r  sha/reg_if_inst/sha_inst/scheduler_inst/w_mem[1][11]_i_9/O
                         net (fo=1, routed)           0.000    12.011    sha/reg_if_inst/sha_inst/scheduler_inst/w_mem[1][11]_i_9_n_0
    SLICE_X36Y9          CARRY4 (Prop_carry4_S[1]_CO[3])
                                                      0.550    12.561 r  sha/reg_if_inst/sha_inst/scheduler_inst/w_mem_reg[1][11]_i_2/CO[3]
                         net (fo=1, routed)           0.000    12.561    sha/reg_if_inst/sha_inst/scheduler_inst/w_mem_reg[1][11]_i_2_n_0
    SLICE_X36Y10         CARRY4 (Prop_carry4_CI_CO[3])
                                                      0.114    12.675 r  sha/reg_if_inst/sha_inst/scheduler_inst/w_mem_reg[1][15]_i_2/CO[3]
                         net (fo=1, routed)           0.000    12.675    sha/reg_if_inst/sha_inst/scheduler_inst/w_mem_reg[1][15]_i_2_n_0
    SLICE_X36Y11         CARRY4 (Prop_carry4_CI_CO[3])
                                                      0.114    12.789 r  sha/reg_if_inst/sha_inst/scheduler_inst/w_mem_reg[1][19]_i_2/CO[3]
                         net (fo=1, routed)           0.000    12.789    sha/reg_if_inst/sha_inst/scheduler_inst/w_mem_reg[1][19]_i_2_n_0
    SLICE_X36Y12         CARRY4 (Prop_carry4_CI_CO[3])
                                                      0.114    12.903 r  sha/reg_if_inst/sha_inst/scheduler_inst/w_mem_reg[1][23]_i_2/CO[3]
                         net (fo=1, routed)           0.000    12.903    sha/reg_if_inst/sha_inst/scheduler_inst/w_mem_reg[1][23]_i_2_n_0
    SLICE_X36Y13         CARRY4 (Prop_carry4_CI_O[3])
                                                      0.313    13.216 r  sha/reg_if_inst/sha_inst/scheduler_inst/w_mem_reg[1][27]_i_2/O[3]
                         net (fo=17, routed)          1.284    14.500    sha/reg_if_inst/sha_inst/scheduler_inst/w_new[27]
    SLICE_X33Y21         LUT3 (Prop_lut3_I2_O)        0.332    14.832 r  sha/reg_if_inst/sha_inst/scheduler_inst/w_mem[7][27]_i_1/O
                         net (fo=1, routed)           0.000    14.832    sha/reg_if_inst/sha_inst/scheduler_inst/w_mem[7][27]_i_1_n_0
    SLICE_X33Y21         FDCE                                         r  sha/reg_if_inst/sha_inst/scheduler_inst/w_mem_reg[7][27]/D
  -------------------------------------------------------------------    -------------------

                         (clock sys_clk rise edge)   10.000    10.000 r  <hidden>
    W5                                                0.000    10.000 r  clk
                         net (fo=0)                   0.000    10.000    clk
    W5                   IBUF (Prop_ibuf_I_O)         1.388    11.388 r  clk_IBUF_inst/O
                         net (fo=1, routed)           1.862    13.250    clk_IBUF
    BUFGCTRL_X0Y0        BUFG (Prop_bufg_I_O)         0.091    13.341 r  clk_IBUF_BUFG_inst/O
                         net (fo=3065, routed)        1.433    14.774    sha/reg_if_inst/sha_inst/scheduler_inst/clk_IBUF_BUFG
    SLICE_X33Y21         FDCE                                         r  sha/reg_if_inst/sha_inst/scheduler_inst/w_mem_reg[7][27]/C
                         clock pessimism              0.188    14.962    <hidden>
                         clock uncertainty           -0.035    14.927    <hidden>
    SLICE_X33Y21         FDCE (Setup_fdce_C_D)        0.075    15.002    sha/reg_if_inst/sha_inst/scheduler_inst/w_mem_reg[7][27]
  -------------------------------------------------------------------
                         required time                         15.002    <hidden>
                         arrival time                         -14.832    <hidden>
  -------------------------------------------------------------------
                         slack                                  0.170    <hidden>

Slack (MET) :             0.179ns  (required time - arrival time)
  Source:                 sha/reg_if_inst/sha_inst/round_count_reg[0]/C
                            (rising edge-triggered cell FDCE clocked by sys_clk  {rise@0.000ns fall@5.000ns period=10.000ns})
  Destination:            sha/reg_if_inst/sha_inst/scheduler_inst/w_mem_reg[10][26]/D
                            (rising edge-triggered cell FDCE clocked by sys_clk  {rise@0.000ns fall@5.000ns period=10.000ns})
  Path Group:             sys_clk
  Path Type:              Setup (Max at Slow Process Corner)
  Requirement:            10.000ns  (sys_clk rise@10.000ns - sys_clk rise@0.000ns)
  Data Path Delay:        9.743ns  (logic 3.498ns (35.904%)  route 6.245ns (64.096%))
  Logic Levels:           13  (CARRY4=5 LUT3=3 LUT5=1 LUT6=3 MUXF7=1)
  Clock Path Skew:        -0.118ns (DCD - SCD + CPR)
    Destination Clock Delay (DCD):    4.769ns = ( 14.769 - 10.000 ) 
    Source Clock Delay      (SCD):    5.075ns
    Clock Pessimism Removal (CPR):    0.188ns
  Clock Uncertainty:      0.035ns  ((TSJ^2 + TIJ^2)^1/2 + DJ) / 2 + PE
    Total System Jitter     (TSJ):    0.071ns
    Total Input Jitter      (TIJ):    0.000ns
    Discrete Jitter          (DJ):    0.000ns
    Phase Error              (PE):    0.000ns

    Location             Delay type                Incr(ns)  Path(ns)    Netlist Resource(s)
  -------------------------------------------------------------------    -------------------
                         (clock sys_clk rise edge)    0.000     0.000 r  <hidden>
    W5                                                0.000     0.000 r  clk
                         net (fo=0)                   0.000     0.000    clk
    W5                   IBUF (Prop_ibuf_I_O)         1.458     1.458 r  clk_IBUF_inst/O
                         net (fo=1, routed)           1.967     3.425    clk_IBUF
    BUFGCTRL_X0Y0        BUFG (Prop_bufg_I_O)         0.096     3.521 r  clk_IBUF_BUFG_inst/O
                         net (fo=3065, routed)        1.554     5.075    sha/reg_if_inst/sha_inst/clk_IBUF_BUFG
    SLICE_X32Y18         FDCE                                         r  sha/reg_if_inst/sha_inst/round_count_reg[0]/C
  -------------------------------------------------------------------    -------------------
    SLICE_X32Y18         FDCE (Prop_fdce_C_Q)         0.456     5.531 r  sha/reg_if_inst/sha_inst/round_count_reg[0]/Q
                         net (fo=440, routed)         1.303     6.834    sha/reg_if_inst/sha_inst/scheduler_inst/Q[0]
    SLICE_X39Y11         LUT6 (Prop_lut6_I4_O)        0.124     6.958 r  sha/reg_if_inst/sha_inst/scheduler_inst/w_mem[1][19]_i_56/O
                         net (fo=1, routed)           0.000     6.958    sha/reg_if_inst/sha_inst/scheduler_inst/w_mem[1][19]_i_56_n_0
    SLICE_X39Y11         MUXF7 (Prop_muxf7_I0_O)      0.212     7.170 r  sha/reg_if_inst/sha_inst/scheduler_inst/w_mem_reg[1][19]_i_36/O
                         net (fo=2, routed)           0.645     7.815    sha/reg_if_inst/sha_inst/scheduler_inst/w_mem_reg[1][19]_i_36_n_0
    SLICE_X39Y10         LUT3 (Prop_lut3_I0_O)        0.295     8.110 r  sha/reg_if_inst/sha_inst/scheduler_inst/w_mem[1][31]_i_40/O
                         net (fo=4, routed)           0.849     8.959    sha/reg_if_inst/sha_inst/scheduler_inst/rotr2_return[29]
    SLICE_X38Y9          LUT6 (Prop_lut6_I5_O)        0.327     9.286 r  sha/reg_if_inst/sha_inst/scheduler_inst/w_mem[1][11]_i_16/O
                         net (fo=3, routed)           0.564     9.850    sha/reg_if_inst/sha_inst/scheduler_inst/sig0_return__0[8]
    SLICE_X37Y9          LUT3 (Prop_lut3_I0_O)        0.124     9.974 r  sha/reg_if_inst/sha_inst/scheduler_inst/w_mem[1][11]_i_22/O
                         net (fo=2, routed)           0.812    10.786    sha/reg_if_inst/sha_inst/scheduler_inst/w_mem[1][11]_i_22_n_0
    SLICE_X38Y9          LUT5 (Prop_lut5_I4_O)        0.150    10.936 r  sha/reg_if_inst/sha_inst/scheduler_inst/w_mem[1][11]_i_5/O
                         net (fo=2, routed)           0.716    11.652    sha/reg_if_inst/sha_inst/scheduler_inst/w_mem[1][11]_i_5_n_0
    SLICE_X36Y9          LUT6 (Prop_lut6_I3_O)        0.348    12.000 r  sha/reg_if_inst/sha_inst/scheduler_inst/w_mem[1][11]_i_9/O
                         net (fo=1, routed)           0.000    12.000    sha/reg_if_inst/sha_inst/scheduler_inst/w_mem[1][11]_i_9_n_0
    SLICE_X36Y9          CARRY4 (Prop_carry4_S[1]_CO[3])
                                                      0.550    12.550 r  sha/reg_if_inst/sha_inst/scheduler_inst/w_mem_reg[1][11]_i_2/CO[3]
                         net (fo=1, routed)           0.000    12.550    sha/reg_if_inst/sha_inst/scheduler_inst/w_mem_reg[1][11]_i_2_n_0
    SLICE_X36Y10         CARRY4 (Prop_carry4_CI_CO[3])
                                                      0.114    12.664 r  sha/reg_if_inst/sha_inst/scheduler_inst/w_mem_reg[1][15]_i_2/CO[3]
                         net (fo=1, routed)           0.000    12.664    sha/reg_if_inst/sha_inst/scheduler_inst/w_mem_reg[1][15]_i_2_n_0
    SLICE_X36Y11         CARRY4 (Prop_carry4_CI_CO[3])
                                                      0.114    12.778 r  sha/reg_if_inst/sha_inst/scheduler_inst/w_mem_reg[1][19]_i_2/CO[3]
                         net (fo=1, routed)           0.000    12.778    sha/reg_if_inst/sha_inst/scheduler_inst/w_mem_reg[1][19]_i_2_n_0
    SLICE_X36Y12         CARRY4 (Prop_carry4_CI_CO[3])
                                                      0.114    12.892 r  sha/reg_if_inst/sha_inst/scheduler_inst/w_mem_reg[1][23]_i_2/CO[3]
                         net (fo=1, routed)           0.000    12.892    sha/reg_if_inst/sha_inst/scheduler_inst/w_mem_reg[1][23]_i_2_n_0
    SLICE_X36Y13         CARRY4 (Prop_carry4_CI_O[2])
                                                      0.239    13.131 r  sha/reg_if_inst/sha_inst/scheduler_inst/w_mem_reg[1][27]_i_2/O[2]
                         net (fo=17, routed)          1.355    14.487    sha/reg_if_inst/sha_inst/scheduler_inst/w_new[26]
    SLICE_X37Y24         LUT3 (Prop_lut3_I2_O)        0.331    14.818 r  sha/reg_if_inst/sha_inst/scheduler_inst/w_mem[10][26]_i_1/O
                         net (fo=1, routed)           0.000    14.818    sha/reg_if_inst/sha_inst/scheduler_inst/w_mem[10][26]_i_1_n_0
    SLICE_X37Y24         FDCE                                         r  sha/reg_if_inst/sha_inst/scheduler_inst/w_mem_reg[10][26]/D
  -------------------------------------------------------------------    -------------------

                         (clock sys_clk rise edge)   10.000    10.000 r  <hidden>
    W5                                                0.000    10.000 r  clk
                         net (fo=0)                   0.000    10.000    clk
    W5                   IBUF (Prop_ibuf_I_O)         1.388    11.388 r  clk_IBUF_inst/O
                         net (fo=1, routed)           1.862    13.250    clk_IBUF
    BUFGCTRL_X0Y0        BUFG (Prop_bufg_I_O)         0.091    13.341 r  clk_IBUF_BUFG_inst/O
                         net (fo=3065, routed)        1.428    14.769    sha/reg_if_inst/sha_inst/scheduler_inst/clk_IBUF_BUFG
    SLICE_X37Y24         FDCE                                         r  sha/reg_if_inst/sha_inst/scheduler_inst/w_mem_reg[10][26]/C
                         clock pessimism              0.188    14.957    <hidden>
                         clock uncertainty           -0.035    14.922    <hidden>
    SLICE_X37Y24         FDCE (Setup_fdce_C_D)        0.075    14.997    sha/reg_if_inst/sha_inst/scheduler_inst/w_mem_reg[10][26]
  -------------------------------------------------------------------
                         required time                         14.997    <hidden>
                         arrival time                         -14.818    <hidden>
  -------------------------------------------------------------------
                         slack                                  0.179    <hidden>

Slack (MET) :             0.181ns  (required time - arrival time)
  Source:                 sha/reg_if_inst/sha_inst/scheduler_inst/w_mem_reg[0][15]/C
                            (rising edge-triggered cell FDCE clocked by sys_clk  {rise@0.000ns fall@5.000ns period=10.000ns})
  Destination:            sha/reg_if_inst/sha_inst/scheduler_inst/w_mem_reg[0][24]/D
                            (rising edge-triggered cell FDCE clocked by sys_clk  {rise@0.000ns fall@5.000ns period=10.000ns})
  Path Group:             sys_clk
  Path Type:              Setup (Max at Slow Process Corner)
  Requirement:            10.000ns  (sys_clk rise@10.000ns - sys_clk rise@0.000ns)
  Data Path Delay:        9.692ns  (logic 3.590ns (37.041%)  route 6.102ns (62.959%))
  Logic Levels:           13  (CARRY4=5 LUT3=3 LUT5=1 LUT6=3 MUXF7=1)
  Clock Path Skew:        -0.124ns (DCD - SCD + CPR)
    Destination Clock Delay (DCD):    4.774ns = ( 14.774 - 10.000 ) 
    Source Clock Delay      (SCD):    5.086ns
    Clock Pessimism Removal (CPR):    0.188ns
  Clock Uncertainty:      0.035ns  ((TSJ^2 + TIJ^2)^1/2 + DJ) / 2 + PE
    Total System Jitter     (TSJ):    0.071ns
    Total Input Jitter      (TIJ):    0.000ns
    Discrete Jitter          (DJ):    0.000ns
    Phase Error              (PE):    0.000ns

    Location             Delay type                Incr(ns)  Path(ns)    Netlist Resource(s)
  -------------------------------------------------------------------    -------------------
                         (clock sys_clk rise edge)    0.000     0.000 r  <hidden>
    W5                                                0.000     0.000 r  clk
                         net (fo=0)                   0.000     0.000    clk
    W5                   IBUF (Prop_ibuf_I_O)         1.458     1.458 r  clk_IBUF_inst/O
                         net (fo=1, routed)           1.967     3.425    clk_IBUF
    BUFGCTRL_X0Y0        BUFG (Prop_bufg_I_O)         0.096     3.521 r  clk_IBUF_BUFG_inst/O
                         net (fo=3065, routed)        1.565     5.086    sha/reg_if_inst/sha_inst/scheduler_inst/clk_IBUF_BUFG
    SLICE_X37Y6          FDCE                                         r  sha/reg_if_inst/sha_inst/scheduler_inst/w_mem_reg[0][15]/C
  -------------------------------------------------------------------    -------------------
    SLICE_X37Y6          FDCE (Prop_fdce_C_Q)         0.419     5.505 r  sha/reg_if_inst/sha_inst/scheduler_inst/w_mem_reg[0][15]/Q
                         net (fo=3, routed)           1.161     6.667    sha/reg_if_inst/sha_inst/scheduler_inst/w_mem_reg[0]_15[15]
    SLICE_X39Y11         LUT6 (Prop_lut6_I0_O)        0.297     6.964 r  sha/reg_if_inst/sha_inst/scheduler_inst/w_mem[1][19]_i_57/O
                         net (fo=1, routed)           0.000     6.964    sha/reg_if_inst/sha_inst/scheduler_inst/w_mem[1][19]_i_57_n_0
    SLICE_X39Y11         MUXF7 (Prop_muxf7_I1_O)      0.217     7.181 r  sha/reg_if_inst/sha_inst/scheduler_inst/w_mem_reg[1][19]_i_36/O
                         net (fo=2, routed)           0.645     7.826    sha/reg_if_inst/sha_inst/scheduler_inst/w_mem_reg[1][19]_i_36_n_0
    SLICE_X39Y10         LUT3 (Prop_lut3_I0_O)        0.295     8.121 r  sha/reg_if_inst/sha_inst/scheduler_inst/w_mem[1][31]_i_40/O
                         net (fo=4, routed)           0.849     8.970    sha/reg_if_inst/sha_inst/scheduler_inst/rotr2_return[29]
    SLICE_X38Y9          LUT6 (Prop_lut6_I5_O)        0.327     9.297 r  sha/reg_if_inst/sha_inst/scheduler_inst/w_mem[1][11]_i_16/O
                         net (fo=3, routed)           0.564     9.861    sha/reg_if_inst/sha_inst/scheduler_inst/sig0_return__0[8]
    SLICE_X37Y9          LUT3 (Prop_lut3_I0_O)        0.124     9.985 r  sha/reg_if_inst/sha_inst/scheduler_inst/w_mem[1][11]_i_22/O
                         net (fo=2, routed)           0.812    10.797    sha/reg_if_inst/sha_inst/scheduler_inst/w_mem[1][11]_i_22_n_0
    SLICE_X38Y9          LUT5 (Prop_lut5_I4_O)        0.150    10.947 r  sha/reg_if_inst/sha_inst/scheduler_inst/w_mem[1][11]_i_5/O
                         net (fo=2, routed)           0.716    11.663    sha/reg_if_inst/sha_inst/scheduler_inst/w_mem[1][11]_i_5_n_0
    SLICE_X36Y9          LUT6 (Prop_lut6_I3_O)        0.348    12.011 r  sha/reg_if_inst/sha_inst/scheduler_inst/w_mem[1][11]_i_9/O
                         net (fo=1, routed)           0.000    12.011    sha/reg_if_inst/sha_inst/scheduler_inst/w_mem[1][11]_i_9_n_0
    SLICE_X36Y9          CARRY4 (Prop_carry4_S[1]_CO[3])
                                                      0.550    12.561 r  sha/reg_if_inst/sha_inst/scheduler_inst/w_mem_reg[1][11]_i_2/CO[3]
                         net (fo=1, routed)           0.000    12.561    sha/reg_if_inst/sha_inst/scheduler_inst/w_mem_reg[1][11]_i_2_n_0
    SLICE_X36Y10         CARRY4 (Prop_carry4_CI_CO[3])
                                                      0.114    12.675 r  sha/reg_if_inst/sha_inst/scheduler_inst/w_mem_reg[1][15]_i_2/CO[3]
                         net (fo=1, routed)           0.000    12.675    sha/reg_if_inst/sha_inst/scheduler_inst/w_mem_reg[1][15]_i_2_n_0
    SLICE_X36Y11         CARRY4 (Prop_carry4_CI_CO[3])
                                                      0.114    12.789 r  sha/reg_if_inst/sha_inst/scheduler_inst/w_mem_reg[1][19]_i_2/CO[3]
                         net (fo=1, routed)           0.000    12.789    sha/reg_if_inst/sha_inst/scheduler_inst/w_mem_reg[1][19]_i_2_n_0
    SLICE_X36Y12         CARRY4 (Prop_carry4_CI_CO[3])
                                                      0.114    12.903 r  sha/reg_if_inst/sha_inst/scheduler_inst/w_mem_reg[1][23]_i_2/CO[3]
                         net (fo=1, routed)           0.000    12.903    sha/reg_if_inst/sha_inst/scheduler_inst/w_mem_reg[1][23]_i_2_n_0
    SLICE_X36Y13         CARRY4 (Prop_carry4_CI_O[0])
                                                      0.222    13.125 r  sha/reg_if_inst/sha_inst/scheduler_inst/w_mem_reg[1][27]_i_2/O[0]
                         net (fo=17, routed)          1.354    14.479    sha/reg_if_inst/sha_inst/scheduler_inst/w_new[24]
    SLICE_X33Y28         LUT3 (Prop_lut3_I2_O)        0.299    14.778 r  sha/reg_if_inst/sha_inst/scheduler_inst/w_mem[0][24]_i_1/O
                         net (fo=1, routed)           0.000    14.778    sha/reg_if_inst/sha_inst/scheduler_inst/p_1_in[24]
    SLICE_X33Y28         FDCE                                         r  sha/reg_if_inst/sha_inst/scheduler_inst/w_mem_reg[0][24]/D
  -------------------------------------------------------------------    -------------------

                         (clock sys_clk rise edge)   10.000    10.000 r  <hidden>
    W5                                                0.000    10.000 r  clk
                         net (fo=0)                   0.000    10.000    clk
    W5                   IBUF (Prop_ibuf_I_O)         1.388    11.388 r  clk_IBUF_inst/O
                         net (fo=1, routed)           1.862    13.250    clk_IBUF
    BUFGCTRL_X0Y0        BUFG (Prop_bufg_I_O)         0.091    13.341 r  clk_IBUF_BUFG_inst/O
                         net (fo=3065, routed)        1.433    14.774    sha/reg_if_inst/sha_inst/scheduler_inst/clk_IBUF_BUFG
    SLICE_X33Y28         FDCE                                         r  sha/reg_if_inst/sha_inst/scheduler_inst/w_mem_reg[0][24]/C
                         clock pessimism              0.188    14.962    <hidden>
                         clock uncertainty           -0.035    14.927    <hidden>
    SLICE_X33Y28         FDCE (Setup_fdce_C_D)        0.032    14.959    sha/reg_if_inst/sha_inst/scheduler_inst/w_mem_reg[0][24]
  -------------------------------------------------------------------
                         required time                         14.959    <hidden>
                         arrival time                         -14.778    <hidden>
  -------------------------------------------------------------------
                         slack                                  0.181    <hidden>

Slack (MET) :             0.187ns  (required time - arrival time)
  Source:                 sha/reg_if_inst/sha_inst/scheduler_inst/w_mem_reg[0][15]/C
                            (rising edge-triggered cell FDCE clocked by sys_clk  {rise@0.000ns fall@5.000ns period=10.000ns})
  Destination:            sha/reg_if_inst/sha_inst/scheduler_inst/w_mem_reg[8][27]/D
                            (rising edge-triggered cell FDCE clocked by sys_clk  {rise@0.000ns fall@5.000ns period=10.000ns})
  Path Group:             sys_clk
  Path Type:              Setup (Max at Slow Process Corner)
  Requirement:            10.000ns  (sys_clk rise@10.000ns - sys_clk rise@0.000ns)
  Data Path Delay:        9.730ns  (logic 3.717ns (38.202%)  route 6.013ns (61.798%))
  Logic Levels:           13  (CARRY4=5 LUT3=3 LUT5=1 LUT6=3 MUXF7=1)
  Clock Path Skew:        -0.123ns (DCD - SCD + CPR)
    Destination Clock Delay (DCD):    4.775ns = ( 14.775 - 10.000 ) 
    Source Clock Delay      (SCD):    5.086ns
    Clock Pessimism Removal (CPR):    0.188ns
  Clock Uncertainty:      0.035ns  ((TSJ^2 + TIJ^2)^1/2 + DJ) / 2 + PE
    Total System Jitter     (TSJ):    0.071ns
    Total Input Jitter      (TIJ):    0.000ns
    Discrete Jitter          (DJ):    0.000ns
    Phase Error              (PE):    0.000ns

    Location             Delay type                Incr(ns)  Path(ns)    Netlist Resource(s)
  -------------------------------------------------------------------    -------------------
                         (clock sys_clk rise edge)    0.000     0.000 r  <hidden>
    W5                                                0.000     0.000 r  clk
                         net (fo=0)                   0.000     0.000    clk
    W5                   IBUF (Prop_ibuf_I_O)         1.458     1.458 r  clk_IBUF_inst/O
                         net (fo=1, routed)           1.967     3.425    clk_IBUF
    BUFGCTRL_X0Y0        BUFG (Prop_bufg_I_O)         0.096     3.521 r  clk_IBUF_BUFG_inst/O
                         net (fo=3065, routed)        1.565     5.086    sha/reg_if_inst/sha_inst/scheduler_inst/clk_IBUF_BUFG
    SLICE_X37Y6          FDCE                                         r  sha/reg_if_inst/sha_inst/scheduler_inst/w_mem_reg[0][15]/C
  -------------------------------------------------------------------    -------------------
    SLICE_X37Y6          FDCE (Prop_fdce_C_Q)         0.419     5.505 r  sha/reg_if_inst/sha_inst/scheduler_inst/w_mem_reg[0][15]/Q
                         net (fo=3, routed)           1.161     6.667    sha/reg_if_inst/sha_inst/scheduler_inst/w_mem_reg[0]_15[15]
    SLICE_X39Y11         LUT6 (Prop_lut6_I0_O)        0.297     6.964 r  sha/reg_if_inst/sha_inst/scheduler_inst/w_mem[1][19]_i_57/O
                         net (fo=1, routed)           0.000     6.964    sha/reg_if_inst/sha_inst/scheduler_inst/w_mem[1][19]_i_57_n_0
    SLICE_X39Y11         MUXF7 (Prop_muxf7_I1_O)      0.217     7.181 r  sha/reg_if_inst/sha_inst/scheduler_inst/w_mem_reg[1][19]_i_36/O
                         net (fo=2, routed)           0.645     7.826    sha/reg_if_inst/sha_inst/scheduler_inst/w_mem_reg[1][19]_i_36_n_0
    SLICE_X39Y10         LUT3 (Prop_lut3_I0_O)        0.295     8.121 r  sha/reg_if_inst/sha_inst/scheduler_inst/w_mem[1][31]_i_40/O
                         net (fo=4, routed)           0.849     8.970    sha/reg_if_inst/sha_inst/scheduler_inst/rotr2_return[29]
    SLICE_X38Y9          LUT6 (Prop_lut6_I5_O)        0.327     9.297 r  sha/reg_if_inst/sha_inst/scheduler_inst/w_mem[1][11]_i_16/O
                         net (fo=3, routed)           0.564     9.861    sha/reg_if_inst/sha_inst/scheduler_inst/sig0_return__0[8]
    SLICE_X37Y9          LUT3 (Prop_lut3_I0_O)        0.124     9.985 r  sha/reg_if_inst/sha_inst/scheduler_inst/w_mem[1][11]_i_22/O
                         net (fo=2, routed)           0.812    10.797    sha/reg_if_inst/sha_inst/scheduler_inst/w_mem[1][11]_i_22_n_0
    SLICE_X38Y9          LUT5 (Prop_lut5_I4_O)        0.150    10.947 r  sha/reg_if_inst/sha_inst/scheduler_inst/w_mem[1][11]_i_5/O
                         net (fo=2, routed)           0.716    11.663    sha/reg_if_inst/sha_inst/scheduler_inst/w_mem[1][11]_i_5_n_0
    SLICE_X36Y9          LUT6 (Prop_lut6_I3_O)        0.348    12.011 r  sha/reg_if_inst/sha_inst/scheduler_inst/w_mem[1][11]_i_9/O
                         net (fo=1, routed)           0.000    12.011    sha/reg_if_inst/sha_inst/scheduler_inst/w_mem[1][11]_i_9_n_0
    SLICE_X36Y9          CARRY4 (Prop_carry4_S[1]_CO[3])
                                                      0.550    12.561 r  sha/reg_if_inst/sha_inst/scheduler_inst/w_mem_reg[1][11]_i_2/CO[3]
                         net (fo=1, routed)           0.000    12.561    sha/reg_if_inst/sha_inst/scheduler_inst/w_mem_reg[1][11]_i_2_n_0
    SLICE_X36Y10         CARRY4 (Prop_carry4_CI_CO[3])
                                                      0.114    12.675 r  sha/reg_if_inst/sha_inst/scheduler_inst/w_mem_reg[1][15]_i_2/CO[3]
                         net (fo=1, routed)           0.000    12.675    sha/reg_if_inst/sha_inst/scheduler_inst/w_mem_reg[1][15]_i_2_n_0
    SLICE_X36Y11         CARRY4 (Prop_carry4_CI_CO[3])
                                                      0.114    12.789 r  sha/reg_if_inst/sha_inst/scheduler_inst/w_mem_reg[1][19]_i_2/CO[3]
                         net (fo=1, routed)           0.000    12.789    sha/reg_if_inst/sha_inst/scheduler_inst/w_mem_reg[1][19]_i_2_n_0
    SLICE_X36Y12         CARRY4 (Prop_carry4_CI_CO[3])
                                                      0.114    12.903 r  sha/reg_if_inst/sha_inst/scheduler_inst/w_mem_reg[1][23]_i_2/CO[3]
                         net (fo=1, routed)           0.000    12.903    sha/reg_if_inst/sha_inst/scheduler_inst/w_mem_reg[1][23]_i_2_n_0
    SLICE_X36Y13         CARRY4 (Prop_carry4_CI_O[3])
                                                      0.313    13.216 r  sha/reg_if_inst/sha_inst/scheduler_inst/w_mem_reg[1][27]_i_2/O[3]
                         net (fo=17, routed)          1.265    14.481    sha/reg_if_inst/sha_inst/scheduler_inst/w_new[27]
    SLICE_X32Y20         LUT3 (Prop_lut3_I2_O)        0.335    14.816 r  sha/reg_if_inst/sha_inst/scheduler_inst/w_mem[8][27]_i_1/O
                         net (fo=1, routed)           0.000    14.816    sha/reg_if_inst/sha_inst/scheduler_inst/w_mem[8][27]_i_1_n_0
    SLICE_X32Y20         FDCE                                         r  sha/reg_if_inst/sha_inst/scheduler_inst/w_mem_reg[8][27]/D
  -------------------------------------------------------------------    -------------------

                         (clock sys_clk rise edge)   10.000    10.000 r  <hidden>
    W5                                                0.000    10.000 r  clk
                         net (fo=0)                   0.000    10.000    clk
    W5                   IBUF (Prop_ibuf_I_O)         1.388    11.388 r  clk_IBUF_inst/O
                         net (fo=1, routed)           1.862    13.250    clk_IBUF
    BUFGCTRL_X0Y0        BUFG (Prop_bufg_I_O)         0.091    13.341 r  clk_IBUF_BUFG_inst/O
                         net (fo=3065, routed)        1.434    14.775    sha/reg_if_inst/sha_inst/scheduler_inst/clk_IBUF_BUFG
    SLICE_X32Y20         FDCE                                         r  sha/reg_if_inst/sha_inst/scheduler_inst/w_mem_reg[8][27]/C
                         clock pessimism              0.188    14.963    <hidden>
                         clock uncertainty           -0.035    14.928    <hidden>
    SLICE_X32Y20         FDCE (Setup_fdce_C_D)        0.075    15.003    sha/reg_if_inst/sha_inst/scheduler_inst/w_mem_reg[8][27]
  -------------------------------------------------------------------
                         required time                         15.003    <hidden>
                         arrival time                         -14.816    <hidden>
  -------------------------------------------------------------------
                         slack                                  0.187    <hidden>

Slack (MET) :             0.187ns  (required time - arrival time)
  Source:                 sha/reg_if_inst/sha_inst/scheduler_inst/w_mem_reg[0][15]/C
                            (rising edge-triggered cell FDCE clocked by sys_clk  {rise@0.000ns fall@5.000ns period=10.000ns})
  Destination:            sha/reg_if_inst/sha_inst/scheduler_inst/w_mem_reg[0][26]/D
                            (rising edge-triggered cell FDCE clocked by sys_clk  {rise@0.000ns fall@5.000ns period=10.000ns})
  Path Group:             sys_clk
  Path Type:              Setup (Max at Slow Process Corner)
  Requirement:            10.000ns  (sys_clk rise@10.000ns - sys_clk rise@0.000ns)
  Data Path Delay:        9.728ns  (logic 3.635ns (37.365%)  route 6.093ns (62.635%))
  Logic Levels:           13  (CARRY4=5 LUT3=3 LUT5=1 LUT6=3 MUXF7=1)
  Clock Path Skew:        -0.124ns (DCD - SCD + CPR)
    Destination Clock Delay (DCD):    4.774ns = ( 14.774 - 10.000 ) 
    Source Clock Delay      (SCD):    5.086ns
    Clock Pessimism Removal (CPR):    0.188ns
  Clock Uncertainty:      0.035ns  ((TSJ^2 + TIJ^2)^1/2 + DJ) / 2 + PE
    Total System Jitter     (TSJ):    0.071ns
    Total Input Jitter      (TIJ):    0.000ns
    Discrete Jitter          (DJ):    0.000ns
    Phase Error              (PE):    0.000ns

    Location             Delay type                Incr(ns)  Path(ns)    Netlist Resource(s)
  -------------------------------------------------------------------    -------------------
                         (clock sys_clk rise edge)    0.000     0.000 r  <hidden>
    W5                                                0.000     0.000 r  clk
                         net (fo=0)                   0.000     0.000    clk
    W5                   IBUF (Prop_ibuf_I_O)         1.458     1.458 r  clk_IBUF_inst/O
                         net (fo=1, routed)           1.967     3.425    clk_IBUF
    BUFGCTRL_X0Y0        BUFG (Prop_bufg_I_O)         0.096     3.521 r  clk_IBUF_BUFG_inst/O
                         net (fo=3065, routed)        1.565     5.086    sha/reg_if_inst/sha_inst/scheduler_inst/clk_IBUF_BUFG
    SLICE_X37Y6          FDCE                                         r  sha/reg_if_inst/sha_inst/scheduler_inst/w_mem_reg[0][15]/C
  -------------------------------------------------------------------    -------------------
    SLICE_X37Y6          FDCE (Prop_fdce_C_Q)         0.419     5.505 r  sha/reg_if_inst/sha_inst/scheduler_inst/w_mem_reg[0][15]/Q
                         net (fo=3, routed)           1.161     6.667    sha/reg_if_inst/sha_inst/scheduler_inst/w_mem_reg[0]_15[15]
    SLICE_X39Y11         LUT6 (Prop_lut6_I0_O)        0.297     6.964 r  sha/reg_if_inst/sha_inst/scheduler_inst/w_mem[1][19]_i_57/O
                         net (fo=1, routed)           0.000     6.964    sha/reg_if_inst/sha_inst/scheduler_inst/w_mem[1][19]_i_57_n_0
    SLICE_X39Y11         MUXF7 (Prop_muxf7_I1_O)      0.217     7.181 r  sha/reg_if_inst/sha_inst/scheduler_inst/w_mem_reg[1][19]_i_36/O
                         net (fo=2, routed)           0.645     7.826    sha/reg_if_inst/sha_inst/scheduler_inst/w_mem_reg[1][19]_i_36_n_0
    SLICE_X39Y10         LUT3 (Prop_lut3_I0_O)        0.295     8.121 r  sha/reg_if_inst/sha_inst/scheduler_inst/w_mem[1][31]_i_40/O
                         net (fo=4, routed)           0.849     8.970    sha/reg_if_inst/sha_inst/scheduler_inst/rotr2_return[29]
    SLICE_X38Y9          LUT6 (Prop_lut6_I5_O)        0.327     9.297 r  sha/reg_if_inst/sha_inst/scheduler_inst/w_mem[1][11]_i_16/O
                         net (fo=3, routed)           0.564     9.861    sha/reg_if_inst/sha_inst/scheduler_inst/sig0_return__0[8]
    SLICE_X37Y9          LUT3 (Prop_lut3_I0_O)        0.124     9.985 r  sha/reg_if_inst/sha_inst/scheduler_inst/w_mem[1][11]_i_22/O
                         net (fo=2, routed)           0.812    10.797    sha/reg_if_inst/sha_inst/scheduler_inst/w_mem[1][11]_i_22_n_0
    SLICE_X38Y9          LUT5 (Prop_lut5_I4_O)        0.150    10.947 r  sha/reg_if_inst/sha_inst/scheduler_inst/w_mem[1][11]_i_5/O
                         net (fo=2, routed)           0.716    11.663    sha/reg_if_inst/sha_inst/scheduler_inst/w_mem[1][11]_i_5_n_0
    SLICE_X36Y9          LUT6 (Prop_lut6_I3_O)        0.348    12.011 r  sha/reg_if_inst/sha_inst/scheduler_inst/w_mem[1][11]_i_9/O
                         net (fo=1, routed)           0.000    12.011    sha/reg_if_inst/sha_inst/scheduler_inst/w_mem[1][11]_i_9_n_0
    SLICE_X36Y9          CARRY4 (Prop_carry4_S[1]_CO[3])
                                                      0.550    12.561 r  sha/reg_if_inst/sha_inst/scheduler_inst/w_mem_reg[1][11]_i_2/CO[3]
                         net (fo=1, routed)           0.000    12.561    sha/reg_if_inst/sha_inst/scheduler_inst/w_mem_reg[1][11]_i_2_n_0
    SLICE_X36Y10         CARRY4 (Prop_carry4_CI_CO[3])
                                                      0.114    12.675 r  sha/reg_if_inst/sha_inst/scheduler_inst/w_mem_reg[1][15]_i_2/CO[3]
                         net (fo=1, routed)           0.000    12.675    sha/reg_if_inst/sha_inst/scheduler_inst/w_mem_reg[1][15]_i_2_n_0
    SLICE_X36Y11         CARRY4 (Prop_carry4_CI_CO[3])
                                                      0.114    12.789 r  sha/reg_if_inst/sha_inst/scheduler_inst/w_mem_reg[1][19]_i_2/CO[3]
                         net (fo=1, routed)           0.000    12.789    sha/reg_if_inst/sha_inst/scheduler_inst/w_mem_reg[1][19]_i_2_n_0
    SLICE_X36Y12         CARRY4 (Prop_carry4_CI_CO[3])
                                                      0.114    12.903 r  sha/reg_if_inst/sha_inst/scheduler_inst/w_mem_reg[1][23]_i_2/CO[3]
                         net (fo=1, routed)           0.000    12.903    sha/reg_if_inst/sha_inst/scheduler_inst/w_mem_reg[1][23]_i_2_n_0
    SLICE_X36Y13         CARRY4 (Prop_carry4_CI_O[2])
                                                      0.239    13.142 r  sha/reg_if_inst/sha_inst/scheduler_inst/w_mem_reg[1][27]_i_2/O[2]
                         net (fo=17, routed)          1.345    14.488    sha/reg_if_inst/sha_inst/scheduler_inst/w_new[26]
    SLICE_X33Y28         LUT3 (Prop_lut3_I2_O)        0.327    14.815 r  sha/reg_if_inst/sha_inst/scheduler_inst/w_mem[0][26]_i_1/O
                         net (fo=1, routed)           0.000    14.815    sha/reg_if_inst/sha_inst/scheduler_inst/p_1_in[26]
    SLICE_X33Y28         FDCE                                         r  sha/reg_if_inst/sha_inst/scheduler_inst/w_mem_reg[0][26]/D
  -------------------------------------------------------------------    -------------------

                         (clock sys_clk rise edge)   10.000    10.000 r  <hidden>
    W5                                                0.000    10.000 r  clk
                         net (fo=0)                   0.000    10.000    clk
    W5                   IBUF (Prop_ibuf_I_O)         1.388    11.388 r  clk_IBUF_inst/O
                         net (fo=1, routed)           1.862    13.250    clk_IBUF
    BUFGCTRL_X0Y0        BUFG (Prop_bufg_I_O)         0.091    13.341 r  clk_IBUF_BUFG_inst/O
                         net (fo=3065, routed)        1.433    14.774    sha/reg_if_inst/sha_inst/scheduler_inst/clk_IBUF_BUFG
    SLICE_X33Y28         FDCE                                         r  sha/reg_if_inst/sha_inst/scheduler_inst/w_mem_reg[0][26]/C
                         clock pessimism              0.188    14.962    <hidden>
                         clock uncertainty           -0.035    14.927    <hidden>
    SLICE_X33Y28         FDCE (Setup_fdce_C_D)        0.075    15.002    sha/reg_if_inst/sha_inst/scheduler_inst/w_mem_reg[0][26]
  -------------------------------------------------------------------
                         required time                         15.002    <hidden>
                         arrival time                         -14.815    <hidden>
  -------------------------------------------------------------------
                         slack                                  0.187    <hidden>

Slack (MET) :             0.187ns  (required time - arrival time)
  Source:                 sha/reg_if_inst/sha_inst/scheduler_inst/w_mem_reg[0][15]/C
                            (rising edge-triggered cell FDCE clocked by sys_clk  {rise@0.000ns fall@5.000ns period=10.000ns})
  Destination:            sha/reg_if_inst/sha_inst/scheduler_inst/w_mem_reg[5][26]/D
                            (rising edge-triggered cell FDCE clocked by sys_clk  {rise@0.000ns fall@5.000ns period=10.000ns})
  Path Group:             sys_clk
  Path Type:              Setup (Max at Slow Process Corner)
  Requirement:            10.000ns  (sys_clk rise@10.000ns - sys_clk rise@0.000ns)
  Data Path Delay:        9.728ns  (logic 3.635ns (37.365%)  route 6.093ns (62.635%))
  Logic Levels:           13  (CARRY4=5 LUT3=3 LUT5=1 LUT6=3 MUXF7=1)
  Clock Path Skew:        -0.124ns (DCD - SCD + CPR)
    Destination Clock Delay (DCD):    4.774ns = ( 14.774 - 10.000 ) 
    Source Clock Delay      (SCD):    5.086ns
    Clock Pessimism Removal (CPR):    0.188ns
  Clock Uncertainty:      0.035ns  ((TSJ^2 + TIJ^2)^1/2 + DJ) / 2 + PE
    Total System Jitter     (TSJ):    0.071ns
    Total Input Jitter      (TIJ):    0.000ns
    Discrete Jitter          (DJ):    0.000ns
    Phase Error              (PE):    0.000ns

    Location             Delay type                Incr(ns)  Path(ns)    Netlist Resource(s)
  -------------------------------------------------------------------    -------------------
                         (clock sys_clk rise edge)    0.000     0.000 r  <hidden>
    W5                                                0.000     0.000 r  clk
                         net (fo=0)                   0.000     0.000    clk
    W5                   IBUF (Prop_ibuf_I_O)         1.458     1.458 r  clk_IBUF_inst/O
                         net (fo=1, routed)           1.967     3.425    clk_IBUF
    BUFGCTRL_X0Y0        BUFG (Prop_bufg_I_O)         0.096     3.521 r  clk_IBUF_BUFG_inst/O
                         net (fo=3065, routed)        1.565     5.086    sha/reg_if_inst/sha_inst/scheduler_inst/clk_IBUF_BUFG
    SLICE_X37Y6          FDCE                                         r  sha/reg_if_inst/sha_inst/scheduler_inst/w_mem_reg[0][15]/C
  -------------------------------------------------------------------    -------------------
    SLICE_X37Y6          FDCE (Prop_fdce_C_Q)         0.419     5.505 r  sha/reg_if_inst/sha_inst/scheduler_inst/w_mem_reg[0][15]/Q
                         net (fo=3, routed)           1.161     6.667    sha/reg_if_inst/sha_inst/scheduler_inst/w_mem_reg[0]_15[15]
    SLICE_X39Y11         LUT6 (Prop_lut6_I0_O)        0.297     6.964 r  sha/reg_if_inst/sha_inst/scheduler_inst/w_mem[1][19]_i_57/O
                         net (fo=1, routed)           0.000     6.964    sha/reg_if_inst/sha_inst/scheduler_inst/w_mem[1][19]_i_57_n_0
    SLICE_X39Y11         MUXF7 (Prop_muxf7_I1_O)      0.217     7.181 r  sha/reg_if_inst/sha_inst/scheduler_inst/w_mem_reg[1][19]_i_36/O
                         net (fo=2, routed)           0.645     7.826    sha/reg_if_inst/sha_inst/scheduler_inst/w_mem_reg[1][19]_i_36_n_0
    SLICE_X39Y10         LUT3 (Prop_lut3_I0_O)        0.295     8.121 r  sha/reg_if_inst/sha_inst/scheduler_inst/w_mem[1][31]_i_40/O
                         net (fo=4, routed)           0.849     8.970    sha/reg_if_inst/sha_inst/scheduler_inst/rotr2_return[29]
    SLICE_X38Y9          LUT6 (Prop_lut6_I5_O)        0.327     9.297 r  sha/reg_if_inst/sha_inst/scheduler_inst/w_mem[1][11]_i_16/O
                         net (fo=3, routed)           0.564     9.861    sha/reg_if_inst/sha_inst/scheduler_inst/sig0_return__0[8]
    SLICE_X37Y9          LUT3 (Prop_lut3_I0_O)        0.124     9.985 r  sha/reg_if_inst/sha_inst/scheduler_inst/w_mem[1][11]_i_22/O
                         net (fo=2, routed)           0.812    10.797    sha/reg_if_inst/sha_inst/scheduler_inst/w_mem[1][11]_i_22_n_0
    SLICE_X38Y9          LUT5 (Prop_lut5_I4_O)        0.150    10.947 r  sha/reg_if_inst/sha_inst/scheduler_inst/w_mem[1][11]_i_5/O
                         net (fo=2, routed)           0.716    11.663    sha/reg_if_inst/sha_inst/scheduler_inst/w_mem[1][11]_i_5_n_0
    SLICE_X36Y9          LUT6 (Prop_lut6_I3_O)        0.348    12.011 r  sha/reg_if_inst/sha_inst/scheduler_inst/w_mem[1][11]_i_9/O
                         net (fo=1, routed)           0.000    12.011    sha/reg_if_inst/sha_inst/scheduler_inst/w_mem[1][11]_i_9_n_0
    SLICE_X36Y9          CARRY4 (Prop_carry4_S[1]_CO[3])
                                                      0.550    12.561 r  sha/reg_if_inst/sha_inst/scheduler_inst/w_mem_reg[1][11]_i_2/CO[3]
                         net (fo=1, routed)           0.000    12.561    sha/reg_if_inst/sha_inst/scheduler_inst/w_mem_reg[1][11]_i_2_n_0
    SLICE_X36Y10         CARRY4 (Prop_carry4_CI_CO[3])
                                                      0.114    12.675 r  sha/reg_if_inst/sha_inst/scheduler_inst/w_mem_reg[1][15]_i_2/CO[3]
                         net (fo=1, routed)           0.000    12.675    sha/reg_if_inst/sha_inst/scheduler_inst/w_mem_reg[1][15]_i_2_n_0
    SLICE_X36Y11         CARRY4 (Prop_carry4_CI_CO[3])
                                                      0.114    12.789 r  sha/reg_if_inst/sha_inst/scheduler_inst/w_mem_reg[1][19]_i_2/CO[3]
                         net (fo=1, routed)           0.000    12.789    sha/reg_if_inst/sha_inst/scheduler_inst/w_mem_reg[1][19]_i_2_n_0
    SLICE_X36Y12         CARRY4 (Prop_carry4_CI_CO[3])
                                                      0.114    12.903 r  sha/reg_if_inst/sha_inst/scheduler_inst/w_mem_reg[1][23]_i_2/CO[3]
                         net (fo=1, routed)           0.000    12.903    sha/reg_if_inst/sha_inst/scheduler_inst/w_mem_reg[1][23]_i_2_n_0
    SLICE_X36Y13         CARRY4 (Prop_carry4_CI_O[2])
                                                      0.239    13.142 r  sha/reg_if_inst/sha_inst/scheduler_inst/w_mem_reg[1][27]_i_2/O[2]
                         net (fo=17, routed)          1.345    14.488    sha/reg_if_inst/sha_inst/scheduler_inst/w_new[26]
    SLICE_X32Y28         LUT3 (Prop_lut3_I2_O)        0.327    14.815 r  sha/reg_if_inst/sha_inst/scheduler_inst/w_mem[5][26]_i_1/O
                         net (fo=1, routed)           0.000    14.815    sha/reg_if_inst/sha_inst/scheduler_inst/w_mem[5][26]_i_1_n_0
    SLICE_X32Y28         FDCE                                         r  sha/reg_if_inst/sha_inst/scheduler_inst/w_mem_reg[5][26]/D
  -------------------------------------------------------------------    -------------------

                         (clock sys_clk rise edge)   10.000    10.000 r  <hidden>
    W5                                                0.000    10.000 r  clk
                         net (fo=0)                   0.000    10.000    clk
    W5                   IBUF (Prop_ibuf_I_O)         1.388    11.388 r  clk_IBUF_inst/O
                         net (fo=1, routed)           1.862    13.250    clk_IBUF
    BUFGCTRL_X0Y0        BUFG (Prop_bufg_I_O)         0.091    13.341 r  clk_IBUF_BUFG_inst/O
                         net (fo=3065, routed)        1.433    14.774    sha/reg_if_inst/sha_inst/scheduler_inst/clk_IBUF_BUFG
    SLICE_X32Y28         FDCE                                         r  sha/reg_if_inst/sha_inst/scheduler_inst/w_mem_reg[5][26]/C
                         clock pessimism              0.188    14.962    <hidden>
                         clock uncertainty           -0.035    14.927    <hidden>
    SLICE_X32Y28         FDCE (Setup_fdce_C_D)        0.075    15.002    sha/reg_if_inst/sha_inst/scheduler_inst/w_mem_reg[5][26]
  -------------------------------------------------------------------
                         required time                         15.002    <hidden>
                         arrival time                         -14.815    <hidden>
  -------------------------------------------------------------------
                         slack                                  0.187    <hidden>

Slack (MET) :             0.215ns  (required time - arrival time)
  Source:                 sha/reg_if_inst/sha_inst/round_count_reg[0]/C
                            (rising edge-triggered cell FDCE clocked by sys_clk  {rise@0.000ns fall@5.000ns period=10.000ns})
  Destination:            sha/reg_if_inst/sha_inst/scheduler_inst/w_mem_reg[13][23]/D
                            (rising edge-triggered cell FDCE clocked by sys_clk  {rise@0.000ns fall@5.000ns period=10.000ns})
  Path Group:             sys_clk
  Path Type:              Setup (Max at Slow Process Corner)
  Requirement:            10.000ns  (sys_clk rise@10.000ns - sys_clk rise@0.000ns)
  Data Path Delay:        9.749ns  (logic 3.459ns (35.479%)  route 6.290ns (64.521%))
  Logic Levels:           12  (CARRY4=4 LUT3=3 LUT5=1 LUT6=3 MUXF7=1)
  Clock Path Skew:        -0.118ns (DCD - SCD + CPR)
    Destination Clock Delay (DCD):    4.769ns = ( 14.769 - 10.000 ) 
    Source Clock Delay      (SCD):    5.075ns
    Clock Pessimism Removal (CPR):    0.188ns
  Clock Uncertainty:      0.035ns  ((TSJ^2 + TIJ^2)^1/2 + DJ) / 2 + PE
    Total System Jitter     (TSJ):    0.071ns
    Total Input Jitter      (TIJ):    0.000ns
    Discrete Jitter          (DJ):    0.000ns
    Phase Error              (PE):    0.000ns

    Location             Delay type                Incr(ns)  Path(ns)    Netlist Resource(s)
  -------------------------------------------------------------------    -------------------
                         (clock sys_clk rise edge)    0.000     0.000 r  <hidden>
    W5                                                0.000     0.000 r  clk
                         net (fo=0)                   0.000     0.000    clk
    W5                   IBUF (Prop_ibuf_I_O)         1.458     1.458 r  clk_IBUF_inst/O
                         net (fo=1, routed)           1.967     3.425    clk_IBUF
    BUFGCTRL_X0Y0        BUFG (Prop_bufg_I_O)         0.096     3.521 r  clk_IBUF_BUFG_inst/O
                         net (fo=3065, routed)        1.554     5.075    sha/reg_if_inst/sha_inst/clk_IBUF_BUFG
    SLICE_X32Y18         FDCE                                         r  sha/reg_if_inst/sha_inst/round_count_reg[0]/C
  -------------------------------------------------------------------    -------------------
    SLICE_X32Y18         FDCE (Prop_fdce_C_Q)         0.456     5.531 r  sha/reg_if_inst/sha_inst/round_count_reg[0]/Q
                         net (fo=440, routed)         1.303     6.834    sha/reg_if_inst/sha_inst/scheduler_inst/Q[0]
    SLICE_X39Y11         LUT6 (Prop_lut6_I4_O)        0.124     6.958 r  sha/reg_if_inst/sha_inst/scheduler_inst/w_mem[1][19]_i_56/O
                         net (fo=1, routed)           0.000     6.958    sha/reg_if_inst/sha_inst/scheduler_inst/w_mem[1][19]_i_56_n_0
    SLICE_X39Y11         MUXF7 (Prop_muxf7_I0_O)      0.212     7.170 r  sha/reg_if_inst/sha_inst/scheduler_inst/w_mem_reg[1][19]_i_36/O
                         net (fo=2, routed)           0.645     7.815    sha/reg_if_inst/sha_inst/scheduler_inst/w_mem_reg[1][19]_i_36_n_0
    SLICE_X39Y10         LUT3 (Prop_lut3_I0_O)        0.295     8.110 r  sha/reg_if_inst/sha_inst/scheduler_inst/w_mem[1][31]_i_40/O
                         net (fo=4, routed)           0.849     8.959    sha/reg_if_inst/sha_inst/scheduler_inst/rotr2_return[29]
    SLICE_X38Y9          LUT6 (Prop_lut6_I5_O)        0.327     9.286 r  sha/reg_if_inst/sha_inst/scheduler_inst/w_mem[1][11]_i_16/O
                         net (fo=3, routed)           0.564     9.850    sha/reg_if_inst/sha_inst/scheduler_inst/sig0_return__0[8]
    SLICE_X37Y9          LUT3 (Prop_lut3_I0_O)        0.124     9.974 r  sha/reg_if_inst/sha_inst/scheduler_inst/w_mem[1][11]_i_22/O
                         net (fo=2, routed)           0.812    10.786    sha/reg_if_inst/sha_inst/scheduler_inst/w_mem[1][11]_i_22_n_0
    SLICE_X38Y9          LUT5 (Prop_lut5_I4_O)        0.150    10.936 r  sha/reg_if_inst/sha_inst/scheduler_inst/w_mem[1][11]_i_5/O
                         net (fo=2, routed)           0.716    11.652    sha/reg_if_inst/sha_inst/scheduler_inst/w_mem[1][11]_i_5_n_0
    SLICE_X36Y9          LUT6 (Prop_lut6_I3_O)        0.348    12.000 r  sha/reg_if_inst/sha_inst/scheduler_inst/w_mem[1][11]_i_9/O
                         net (fo=1, routed)           0.000    12.000    sha/reg_if_inst/sha_inst/scheduler_inst/w_mem[1][11]_i_9_n_0
    SLICE_X36Y9          CARRY4 (Prop_carry4_S[1]_CO[3])
                                                      0.550    12.550 r  sha/reg_if_inst/sha_inst/scheduler_inst/w_mem_reg[1][11]_i_2/CO[3]
                         net (fo=1, routed)           0.000    12.550    sha/reg_if_inst/sha_inst/scheduler_inst/w_mem_reg[1][11]_i_2_n_0
    SLICE_X36Y10         CARRY4 (Prop_carry4_CI_CO[3])
                                                      0.114    12.664 r  sha/reg_if_inst/sha_inst/scheduler_inst/w_mem_reg[1][15]_i_2/CO[3]
                         net (fo=1, routed)           0.000    12.664    sha/reg_if_inst/sha_inst/scheduler_inst/w_mem_reg[1][15]_i_2_n_0
    SLICE_X36Y11         CARRY4 (Prop_carry4_CI_CO[3])
                                                      0.114    12.778 r  sha/reg_if_inst/sha_inst/scheduler_inst/w_mem_reg[1][19]_i_2/CO[3]
                         net (fo=1, routed)           0.000    12.778    sha/reg_if_inst/sha_inst/scheduler_inst/w_mem_reg[1][19]_i_2_n_0
    SLICE_X36Y12         CARRY4 (Prop_carry4_CI_O[3])
                                                      0.313    13.091 r  sha/reg_if_inst/sha_inst/scheduler_inst/w_mem_reg[1][23]_i_2/O[3]
                         net (fo=17, routed)          1.401    14.493    sha/reg_if_inst/sha_inst/scheduler_inst/w_new[23]
    SLICE_X38Y24         LUT3 (Prop_lut3_I2_O)        0.332    14.825 r  sha/reg_if_inst/sha_inst/scheduler_inst/w_mem[13][23]_i_1/O
                         net (fo=1, routed)           0.000    14.825    sha/reg_if_inst/sha_inst/scheduler_inst/w_mem[13][23]_i_1_n_0
    SLICE_X38Y24         FDCE                                         r  sha/reg_if_inst/sha_inst/scheduler_inst/w_mem_reg[13][23]/D
  -------------------------------------------------------------------    -------------------

                         (clock sys_clk rise edge)   10.000    10.000 r  <hidden>
    W5                                                0.000    10.000 r  clk
                         net (fo=0)                   0.000    10.000    clk
    W5                   IBUF (Prop_ibuf_I_O)         1.388    11.388 r  clk_IBUF_inst/O
                         net (fo=1, routed)           1.862    13.250    clk_IBUF
    BUFGCTRL_X0Y0        BUFG (Prop_bufg_I_O)         0.091    13.341 r  clk_IBUF_BUFG_inst/O
                         net (fo=3065, routed)        1.428    14.769    sha/reg_if_inst/sha_inst/scheduler_inst/clk_IBUF_BUFG
    SLICE_X38Y24         FDCE                                         r  sha/reg_if_inst/sha_inst/scheduler_inst/w_mem_reg[13][23]/C
                         clock pessimism              0.188    14.957    <hidden>
                         clock uncertainty           -0.035    14.922    <hidden>
    SLICE_X38Y24         FDCE (Setup_fdce_C_D)        0.118    15.040    sha/reg_if_inst/sha_inst/scheduler_inst/w_mem_reg[13][23]
  -------------------------------------------------------------------
                         required time                         15.040    <hidden>
                         arrival time                         -14.825    <hidden>
  -------------------------------------------------------------------
                         slack                                  0.215    <hidden>

Slack (MET) :             0.222ns  (required time - arrival time)
  Source:                 sha/reg_if_inst/sha_inst/round_count_reg[0]/C
                            (rising edge-triggered cell FDCE clocked by sys_clk  {rise@0.000ns fall@5.000ns period=10.000ns})
  Destination:            sha/reg_if_inst/sha_inst/scheduler_inst/w_mem_reg[2][23]/D
                            (rising edge-triggered cell FDCE clocked by sys_clk  {rise@0.000ns fall@5.000ns period=10.000ns})
  Path Group:             sys_clk
  Path Type:              Setup (Max at Slow Process Corner)
  Requirement:            10.000ns  (sys_clk rise@10.000ns - sys_clk rise@0.000ns)
  Data Path Delay:        9.701ns  (logic 3.461ns (35.675%)  route 6.240ns (64.325%))
  Logic Levels:           12  (CARRY4=4 LUT3=3 LUT5=1 LUT6=3 MUXF7=1)
  Clock Path Skew:        -0.116ns (DCD - SCD + CPR)
    Destination Clock Delay (DCD):    4.771ns = ( 14.771 - 10.000 ) 
    Source Clock Delay      (SCD):    5.075ns
    Clock Pessimism Removal (CPR):    0.188ns
  Clock Uncertainty:      0.035ns  ((TSJ^2 + TIJ^2)^1/2 + DJ) / 2 + PE
    Total System Jitter     (TSJ):    0.071ns
    Total Input Jitter      (TIJ):    0.000ns
    Discrete Jitter          (DJ):    0.000ns
    Phase Error              (PE):    0.000ns

    Location             Delay type                Incr(ns)  Path(ns)    Netlist Resource(s)
  -------------------------------------------------------------------    -------------------
                         (clock sys_clk rise edge)    0.000     0.000 r  <hidden>
    W5                                                0.000     0.000 r  clk
                         net (fo=0)                   0.000     0.000    clk
    W5                   IBUF (Prop_ibuf_I_O)         1.458     1.458 r  clk_IBUF_inst/O
                         net (fo=1, routed)           1.967     3.425    clk_IBUF
    BUFGCTRL_X0Y0        BUFG (Prop_bufg_I_O)         0.096     3.521 r  clk_IBUF_BUFG_inst/O
                         net (fo=3065, routed)        1.554     5.075    sha/reg_if_inst/sha_inst/clk_IBUF_BUFG
    SLICE_X32Y18         FDCE                                         r  sha/reg_if_inst/sha_inst/round_count_reg[0]/C
  -------------------------------------------------------------------    -------------------
    SLICE_X32Y18         FDCE (Prop_fdce_C_Q)         0.456     5.531 r  sha/reg_if_inst/sha_inst/round_count_reg[0]/Q
                         net (fo=440, routed)         1.303     6.834    sha/reg_if_inst/sha_inst/scheduler_inst/Q[0]
    SLICE_X39Y11         LUT6 (Prop_lut6_I4_O)        0.124     6.958 r  sha/reg_if_inst/sha_inst/scheduler_inst/w_mem[1][19]_i_56/O
                         net (fo=1, routed)           0.000     6.958    sha/reg_if_inst/sha_inst/scheduler_inst/w_mem[1][19]_i_56_n_0
    SLICE_X39Y11         MUXF7 (Prop_muxf7_I0_O)      0.212     7.170 r  sha/reg_if_inst/sha_inst/scheduler_inst/w_mem_reg[1][19]_i_36/O
                         net (fo=2, routed)           0.645     7.815    sha/reg_if_inst/sha_inst/scheduler_inst/w_mem_reg[1][19]_i_36_n_0
    SLICE_X39Y10         LUT3 (Prop_lut3_I0_O)        0.295     8.110 r  sha/reg_if_inst/sha_inst/scheduler_inst/w_mem[1][31]_i_40/O
                         net (fo=4, routed)           0.849     8.959    sha/reg_if_inst/sha_inst/scheduler_inst/rotr2_return[29]
    SLICE_X38Y9          LUT6 (Prop_lut6_I5_O)        0.327     9.286 r  sha/reg_if_inst/sha_inst/scheduler_inst/w_mem[1][11]_i_16/O
                         net (fo=3, routed)           0.564     9.850    sha/reg_if_inst/sha_inst/scheduler_inst/sig0_return__0[8]
    SLICE_X37Y9          LUT3 (Prop_lut3_I0_O)        0.124     9.974 r  sha/reg_if_inst/sha_inst/scheduler_inst/w_mem[1][11]_i_22/O
                         net (fo=2, routed)           0.812    10.786    sha/reg_if_inst/sha_inst/scheduler_inst/w_mem[1][11]_i_22_n_0
    SLICE_X38Y9          LUT5 (Prop_lut5_I4_O)        0.150    10.936 r  sha/reg_if_inst/sha_inst/scheduler_inst/w_mem[1][11]_i_5/O
                         net (fo=2, routed)           0.716    11.652    sha/reg_if_inst/sha_inst/scheduler_inst/w_mem[1][11]_i_5_n_0
    SLICE_X36Y9          LUT6 (Prop_lut6_I3_O)        0.348    12.000 r  sha/reg_if_inst/sha_inst/scheduler_inst/w_mem[1][11]_i_9/O
                         net (fo=1, routed)           0.000    12.000    sha/reg_if_inst/sha_inst/scheduler_inst/w_mem[1][11]_i_9_n_0
    SLICE_X36Y9          CARRY4 (Prop_carry4_S[1]_CO[3])
                                                      0.550    12.550 r  sha/reg_if_inst/sha_inst/scheduler_inst/w_mem_reg[1][11]_i_2/CO[3]
                         net (fo=1, routed)           0.000    12.550    sha/reg_if_inst/sha_inst/scheduler_inst/w_mem_reg[1][11]_i_2_n_0
    SLICE_X36Y10         CARRY4 (Prop_carry4_CI_CO[3])
                                                      0.114    12.664 r  sha/reg_if_inst/sha_inst/scheduler_inst/w_mem_reg[1][15]_i_2/CO[3]
                         net (fo=1, routed)           0.000    12.664    sha/reg_if_inst/sha_inst/scheduler_inst/w_mem_reg[1][15]_i_2_n_0
    SLICE_X36Y11         CARRY4 (Prop_carry4_CI_CO[3])
                                                      0.114    12.778 r  sha/reg_if_inst/sha_inst/scheduler_inst/w_mem_reg[1][19]_i_2/CO[3]
                         net (fo=1, routed)           0.000    12.778    sha/reg_if_inst/sha_inst/scheduler_inst/w_mem_reg[1][19]_i_2_n_0
    SLICE_X36Y12         CARRY4 (Prop_carry4_CI_O[3])
                                                      0.313    13.091 r  sha/reg_if_inst/sha_inst/scheduler_inst/w_mem_reg[1][23]_i_2/O[3]
                         net (fo=17, routed)          1.351    14.443    sha/reg_if_inst/sha_inst/scheduler_inst/w_new[23]
    SLICE_X36Y26         LUT3 (Prop_lut3_I2_O)        0.334    14.777 r  sha/reg_if_inst/sha_inst/scheduler_inst/w_mem[2][23]_i_1/O
                         net (fo=1, routed)           0.000    14.777    sha/reg_if_inst/sha_inst/scheduler_inst/w_mem[2][23]_i_1_n_0
    SLICE_X36Y26         FDCE                                         r  sha/reg_if_inst/sha_inst/scheduler_inst/w_mem_reg[2][23]/D
  -------------------------------------------------------------------    -------------------

                         (clock sys_clk rise edge)   10.000    10.000 r  <hidden>
    W5                                                0.000    10.000 r  clk
                         net (fo=0)                   0.000    10.000    clk
    W5                   IBUF (Prop_ibuf_I_O)         1.388    11.388 r  clk_IBUF_inst/O
                         net (fo=1, routed)           1.862    13.250    clk_IBUF
    BUFGCTRL_X0Y0        BUFG (Prop_bufg_I_O)         0.091    13.341 r  clk_IBUF_BUFG_inst/O
                         net (fo=3065, routed)        1.430    14.771    sha/reg_if_inst/sha_inst/scheduler_inst/clk_IBUF_BUFG
    SLICE_X36Y26         FDCE                                         r  sha/reg_if_inst/sha_inst/scheduler_inst/w_mem_reg[2][23]/C
                         clock pessimism              0.188    14.959    <hidden>
                         clock uncertainty           -0.035    14.924    <hidden>
    SLICE_X36Y26         FDCE (Setup_fdce_C_D)        0.075    14.999    sha/reg_if_inst/sha_inst/scheduler_inst/w_mem_reg[2][23]
  -------------------------------------------------------------------
                         required time                         14.999    <hidden>
                         arrival time                         -14.777    <hidden>
  -------------------------------------------------------------------
                         slack                                  0.222    <hidden>

Slack (MET) :             0.226ns  (required time - arrival time)
  Source:                 sha/reg_if_inst/sha_inst/scheduler_inst/w_mem_reg[0][15]/C
                            (rising edge-triggered cell FDCE clocked by sys_clk  {rise@0.000ns fall@5.000ns period=10.000ns})
  Destination:            sha/reg_if_inst/sha_inst/scheduler_inst/w_mem_reg[1][30]/D
                            (rising edge-triggered cell FDCE clocked by sys_clk  {rise@0.000ns fall@5.000ns period=10.000ns})
  Path Group:             sys_clk
  Path Type:              Setup (Max at Slow Process Corner)
  Requirement:            10.000ns  (sys_clk rise@10.000ns - sys_clk rise@0.000ns)
  Data Path Delay:        9.688ns  (logic 3.753ns (38.738%)  route 5.935ns (61.262%))
  Logic Levels:           14  (CARRY4=6 LUT3=3 LUT5=1 LUT6=3 MUXF7=1)
  Clock Path Skew:        -0.125ns (DCD - SCD + CPR)
    Destination Clock Delay (DCD):    4.773ns = ( 14.773 - 10.000 ) 
    Source Clock Delay      (SCD):    5.086ns
    Clock Pessimism Removal (CPR):    0.188ns
  Clock Uncertainty:      0.035ns  ((TSJ^2 + TIJ^2)^1/2 + DJ) / 2 + PE
    Total System Jitter     (TSJ):    0.071ns
    Total Input Jitter      (TIJ):    0.000ns
    Discrete Jitter          (DJ):    0.000ns
    Phase Error              (PE):    0.000ns

    Location             Delay type                Incr(ns)  Path(ns)    Netlist Resource(s)
  -------------------------------------------------------------------    -------------------
                         (clock sys_clk rise edge)    0.000     0.000 r  <hidden>
    W5                                                0.000     0.000 r  clk
                         net (fo=0)                   0.000     0.000    clk
    W5                   IBUF (Prop_ibuf_I_O)         1.458     1.458 r  clk_IBUF_inst/O
                         net (fo=1, routed)           1.967     3.425    clk_IBUF
    BUFGCTRL_X0Y0        BUFG (Prop_bufg_I_O)         0.096     3.521 r  clk_IBUF_BUFG_inst/O
                         net (fo=3065, routed)        1.565     5.086    sha/reg_if_inst/sha_inst/scheduler_inst/clk_IBUF_BUFG
    SLICE_X37Y6          FDCE                                         r  sha/reg_if_inst/sha_inst/scheduler_inst/w_mem_reg[0][15]/C
  -------------------------------------------------------------------    -------------------
    SLICE_X37Y6          FDCE (Prop_fdce_C_Q)         0.419     5.505 r  sha/reg_if_inst/sha_inst/scheduler_inst/w_mem_reg[0][15]/Q
                         net (fo=3, routed)           1.161     6.667    sha/reg_if_inst/sha_inst/scheduler_inst/w_mem_reg[0]_15[15]
    SLICE_X39Y11         LUT6 (Prop_lut6_I0_O)        0.297     6.964 r  sha/reg_if_inst/sha_inst/scheduler_inst/w_mem[1][19]_i_57/O
                         net (fo=1, routed)           0.000     6.964    sha/reg_if_inst/sha_inst/scheduler_inst/w_mem[1][19]_i_57_n_0
    SLICE_X39Y11         MUXF7 (Prop_muxf7_I1_O)      0.217     7.181 r  sha/reg_if_inst/sha_inst/scheduler_inst/w_mem_reg[1][19]_i_36/O
                         net (fo=2, routed)           0.645     7.826    sha/reg_if_inst/sha_inst/scheduler_inst/w_mem_reg[1][19]_i_36_n_0
    SLICE_X39Y10         LUT3 (Prop_lut3_I0_O)        0.295     8.121 r  sha/reg_if_inst/sha_inst/scheduler_inst/w_mem[1][31]_i_40/O
                         net (fo=4, routed)           0.849     8.970    sha/reg_if_inst/sha_inst/scheduler_inst/rotr2_return[29]
    SLICE_X38Y9          LUT6 (Prop_lut6_I5_O)        0.327     9.297 r  sha/reg_if_inst/sha_inst/scheduler_inst/w_mem[1][11]_i_16/O
                         net (fo=3, routed)           0.564     9.861    sha/reg_if_inst/sha_inst/scheduler_inst/sig0_return__0[8]
    SLICE_X37Y9          LUT3 (Prop_lut3_I0_O)        0.124     9.985 r  sha/reg_if_inst/sha_inst/scheduler_inst/w_mem[1][11]_i_22/O
                         net (fo=2, routed)           0.812    10.797    sha/reg_if_inst/sha_inst/scheduler_inst/w_mem[1][11]_i_22_n_0
    SLICE_X38Y9          LUT5 (Prop_lut5_I4_O)        0.150    10.947 r  sha/reg_if_inst/sha_inst/scheduler_inst/w_mem[1][11]_i_5/O
                         net (fo=2, routed)           0.716    11.663    sha/reg_if_inst/sha_inst/scheduler_inst/w_mem[1][11]_i_5_n_0
    SLICE_X36Y9          LUT6 (Prop_lut6_I3_O)        0.348    12.011 r  sha/reg_if_inst/sha_inst/scheduler_inst/w_mem[1][11]_i_9/O
                         net (fo=1, routed)           0.000    12.011    sha/reg_if_inst/sha_inst/scheduler_inst/w_mem[1][11]_i_9_n_0
    SLICE_X36Y9          CARRY4 (Prop_carry4_S[1]_CO[3])
                                                      0.550    12.561 r  sha/reg_if_inst/sha_inst/scheduler_inst/w_mem_reg[1][11]_i_2/CO[3]
                         net (fo=1, routed)           0.000    12.561    sha/reg_if_inst/sha_inst/scheduler_inst/w_mem_reg[1][11]_i_2_n_0
    SLICE_X36Y10         CARRY4 (Prop_carry4_CI_CO[3])
                                                      0.114    12.675 r  sha/reg_if_inst/sha_inst/scheduler_inst/w_mem_reg[1][15]_i_2/CO[3]
                         net (fo=1, routed)           0.000    12.675    sha/reg_if_inst/sha_inst/scheduler_inst/w_mem_reg[1][15]_i_2_n_0
    SLICE_X36Y11         CARRY4 (Prop_carry4_CI_CO[3])
                                                      0.114    12.789 r  sha/reg_if_inst/sha_inst/scheduler_inst/w_mem_reg[1][19]_i_2/CO[3]
                         net (fo=1, routed)           0.000    12.789    sha/reg_if_inst/sha_inst/scheduler_inst/w_mem_reg[1][19]_i_2_n_0
    SLICE_X36Y12         CARRY4 (Prop_carry4_CI_CO[3])
                                                      0.114    12.903 r  sha/reg_if_inst/sha_inst/scheduler_inst/w_mem_reg[1][23]_i_2/CO[3]
                         net (fo=1, routed)           0.000    12.903    sha/reg_if_inst/sha_inst/scheduler_inst/w_mem_reg[1][23]_i_2_n_0
    SLICE_X36Y13         CARRY4 (Prop_carry4_CI_CO[3])
                                                      0.114    13.017 r  sha/reg_if_inst/sha_inst/scheduler_inst/w_mem_reg[1][27]_i_2/CO[3]
                         net (fo=1, routed)           0.000    13.017    sha/reg_if_inst/sha_inst/scheduler_inst/w_mem_reg[1][27]_i_2_n_0
    SLICE_X36Y14         CARRY4 (Prop_carry4_CI_O[2])
                                                      0.239    13.256 r  sha/reg_if_inst/sha_inst/scheduler_inst/w_mem_reg[1][31]_i_4/O[2]
                         net (fo=17, routed)          1.187    14.443    sha/reg_if_inst/sha_inst/scheduler_inst/w_new[30]
    SLICE_X35Y21         LUT3 (Prop_lut3_I2_O)        0.331    14.774 r  sha/reg_if_inst/sha_inst/scheduler_inst/w_mem[1][30]_i_1/O
                         net (fo=1, routed)           0.000    14.774    sha/reg_if_inst/sha_inst/scheduler_inst/w_mem[1][30]_i_1_n_0
    SLICE_X35Y21         FDCE                                         r  sha/reg_if_inst/sha_inst/scheduler_inst/w_mem_reg[1][30]/D
  -------------------------------------------------------------------    -------------------

                         (clock sys_clk rise edge)   10.000    10.000 r  <hidden>
    W5                                                0.000    10.000 r  clk
                         net (fo=0)                   0.000    10.000    clk
    W5                   IBUF (Prop_ibuf_I_O)         1.388    11.388 r  clk_IBUF_inst/O
                         net (fo=1, routed)           1.862    13.250    clk_IBUF
    BUFGCTRL_X0Y0        BUFG (Prop_bufg_I_O)         0.091    13.341 r  clk_IBUF_BUFG_inst/O
                         net (fo=3065, routed)        1.432    14.773    sha/reg_if_inst/sha_inst/scheduler_inst/clk_IBUF_BUFG
    SLICE_X35Y21         FDCE                                         r  sha/reg_if_inst/sha_inst/scheduler_inst/w_mem_reg[1][30]/C
                         clock pessimism              0.188    14.961    <hidden>
                         clock uncertainty           -0.035    14.926    <hidden>
    SLICE_X35Y21         FDCE (Setup_fdce_C_D)        0.075    15.001    sha/reg_if_inst/sha_inst/scheduler_inst/w_mem_reg[1][30]
  -------------------------------------------------------------------
                         required time                         15.001    <hidden>
                         arrival time                         -14.774    <hidden>
  -------------------------------------------------------------------
                         slack                                  0.226    <hidden>

Slack (MET) :             0.231ns  (required time - arrival time)
  Source:                 sha/reg_if_inst/sha_inst/round_count_reg[0]/C
                            (rising edge-triggered cell FDCE clocked by sys_clk  {rise@0.000ns fall@5.000ns period=10.000ns})
  Destination:            sha/reg_if_inst/sha_inst/scheduler_inst/w_mem_reg[0][23]/D
                            (rising edge-triggered cell FDCE clocked by sys_clk  {rise@0.000ns fall@5.000ns period=10.000ns})
  Path Group:             sys_clk
  Path Type:              Setup (Max at Slow Process Corner)
  Requirement:            10.000ns  (sys_clk rise@10.000ns - sys_clk rise@0.000ns)
  Data Path Delay:        9.736ns  (logic 3.462ns (35.561%)  route 6.274ns (64.439%))
  Logic Levels:           12  (CARRY4=4 LUT3=3 LUT5=1 LUT6=3 MUXF7=1)
  Clock Path Skew:        -0.116ns (DCD - SCD + CPR)
    Destination Clock Delay (DCD):    4.771ns = ( 14.771 - 10.000 ) 
    Source Clock Delay      (SCD):    5.075ns
    Clock Pessimism Removal (CPR):    0.188ns
  Clock Uncertainty:      0.035ns  ((TSJ^2 + TIJ^2)^1/2 + DJ) / 2 + PE
    Total System Jitter     (TSJ):    0.071ns
    Total Input Jitter      (TIJ):    0.000ns
    Discrete Jitter          (DJ):    0.000ns
    Phase Error              (PE):    0.000ns

    Location             Delay type                Incr(ns)  Path(ns)    Netlist Resource(s)
  -------------------------------------------------------------------    -------------------
                         (clock sys_clk rise edge)    0.000     0.000 r  <hidden>
    W5                                                0.000     0.000 r  clk
                         net (fo=0)                   0.000     0.000    clk
    W5                   IBUF (Prop_ibuf_I_O)         1.458     1.458 r  clk_IBUF_inst/O
                         net (fo=1, routed)           1.967     3.425    clk_IBUF
    BUFGCTRL_X0Y0        BUFG (Prop_bufg_I_O)         0.096     3.521 r  clk_IBUF_BUFG_inst/O
                         net (fo=3065, routed)        1.554     5.075    sha/reg_if_inst/sha_inst/clk_IBUF_BUFG
    SLICE_X32Y18         FDCE                                         r  sha/reg_if_inst/sha_inst/round_count_reg[0]/C
  -------------------------------------------------------------------    -------------------
    SLICE_X32Y18         FDCE (Prop_fdce_C_Q)         0.456     5.531 r  sha/reg_if_inst/sha_inst/round_count_reg[0]/Q
                         net (fo=440, routed)         1.303     6.834    sha/reg_if_inst/sha_inst/scheduler_inst/Q[0]
    SLICE_X39Y11         LUT6 (Prop_lut6_I4_O)        0.124     6.958 r  sha/reg_if_inst/sha_inst/scheduler_inst/w_mem[1][19]_i_56/O
                         net (fo=1, routed)           0.000     6.958    sha/reg_if_inst/sha_inst/scheduler_inst/w_mem[1][19]_i_56_n_0
    SLICE_X39Y11         MUXF7 (Prop_muxf7_I0_O)      0.212     7.170 r  sha/reg_if_inst/sha_inst/scheduler_inst/w_mem_reg[1][19]_i_36/O
                         net (fo=2, routed)           0.645     7.815    sha/reg_if_inst/sha_inst/scheduler_inst/w_mem_reg[1][19]_i_36_n_0
    SLICE_X39Y10         LUT3 (Prop_lut3_I0_O)        0.295     8.110 r  sha/reg_if_inst/sha_inst/scheduler_inst/w_mem[1][31]_i_40/O
                         net (fo=4, routed)           0.849     8.959    sha/reg_if_inst/sha_inst/scheduler_inst/rotr2_return[29]
    SLICE_X38Y9          LUT6 (Prop_lut6_I5_O)        0.327     9.286 r  sha/reg_if_inst/sha_inst/scheduler_inst/w_mem[1][11]_i_16/O
                         net (fo=3, routed)           0.564     9.850    sha/reg_if_inst/sha_inst/scheduler_inst/sig0_return__0[8]
    SLICE_X37Y9          LUT3 (Prop_lut3_I0_O)        0.124     9.974 r  sha/reg_if_inst/sha_inst/scheduler_inst/w_mem[1][11]_i_22/O
                         net (fo=2, routed)           0.812    10.786    sha/reg_if_inst/sha_inst/scheduler_inst/w_mem[1][11]_i_22_n_0
    SLICE_X38Y9          LUT5 (Prop_lut5_I4_O)        0.150    10.936 r  sha/reg_if_inst/sha_inst/scheduler_inst/w_mem[1][11]_i_5/O
                         net (fo=2, routed)           0.716    11.652    sha/reg_if_inst/sha_inst/scheduler_inst/w_mem[1][11]_i_5_n_0
    SLICE_X36Y9          LUT6 (Prop_lut6_I3_O)        0.348    12.000 r  sha/reg_if_inst/sha_inst/scheduler_inst/w_mem[1][11]_i_9/O
                         net (fo=1, routed)           0.000    12.000    sha/reg_if_inst/sha_inst/scheduler_inst/w_mem[1][11]_i_9_n_0
    SLICE_X36Y9          CARRY4 (Prop_carry4_S[1]_CO[3])
                                                      0.550    12.550 r  sha/reg_if_inst/sha_inst/scheduler_inst/w_mem_reg[1][11]_i_2/CO[3]
                         net (fo=1, routed)           0.000    12.550    sha/reg_if_inst/sha_inst/scheduler_inst/w_mem_reg[1][11]_i_2_n_0
    SLICE_X36Y10         CARRY4 (Prop_carry4_CI_CO[3])
                                                      0.114    12.664 r  sha/reg_if_inst/sha_inst/scheduler_inst/w_mem_reg[1][15]_i_2/CO[3]
                         net (fo=1, routed)           0.000    12.664    sha/reg_if_inst/sha_inst/scheduler_inst/w_mem_reg[1][15]_i_2_n_0
    SLICE_X36Y11         CARRY4 (Prop_carry4_CI_CO[3])
                                                      0.114    12.778 r  sha/reg_if_inst/sha_inst/scheduler_inst/w_mem_reg[1][19]_i_2/CO[3]
                         net (fo=1, routed)           0.000    12.778    sha/reg_if_inst/sha_inst/scheduler_inst/w_mem_reg[1][19]_i_2_n_0
    SLICE_X36Y12         CARRY4 (Prop_carry4_CI_O[3])
                                                      0.313    13.091 r  sha/reg_if_inst/sha_inst/scheduler_inst/w_mem_reg[1][23]_i_2/O[3]
                         net (fo=17, routed)          1.384    14.476    sha/reg_if_inst/sha_inst/scheduler_inst/w_new[23]
    SLICE_X38Y26         LUT3 (Prop_lut3_I2_O)        0.335    14.811 r  sha/reg_if_inst/sha_inst/scheduler_inst/w_mem[0][23]_i_1/O
                         net (fo=1, routed)           0.000    14.811    sha/reg_if_inst/sha_inst/scheduler_inst/p_1_in[23]
    SLICE_X38Y26         FDCE                                         r  sha/reg_if_inst/sha_inst/scheduler_inst/w_mem_reg[0][23]/D
  -------------------------------------------------------------------    -------------------

                         (clock sys_clk rise edge)   10.000    10.000 r  <hidden>
    W5                                                0.000    10.000 r  clk
                         net (fo=0)                   0.000    10.000    clk
    W5                   IBUF (Prop_ibuf_I_O)         1.388    11.388 r  clk_IBUF_inst/O
                         net (fo=1, routed)           1.862    13.250    clk_IBUF
    BUFGCTRL_X0Y0        BUFG (Prop_bufg_I_O)         0.091    13.341 r  clk_IBUF_BUFG_inst/O
                         net (fo=3065, routed)        1.430    14.771    sha/reg_if_inst/sha_inst/scheduler_inst/clk_IBUF_BUFG
    SLICE_X38Y26         FDCE                                         r  sha/reg_if_inst/sha_inst/scheduler_inst/w_mem_reg[0][23]/C
                         clock pessimism              0.188    14.959    <hidden>
                         clock uncertainty           -0.035    14.924    <hidden>
    SLICE_X38Y26         FDCE (Setup_fdce_C_D)        0.118    15.042    sha/reg_if_inst/sha_inst/scheduler_inst/w_mem_reg[0][23]
  -------------------------------------------------------------------
                         required time                         15.042    <hidden>
                         arrival time                         -14.811    <hidden>
  -------------------------------------------------------------------
                         slack                                  0.231    <hidden>

Slack (MET) :             0.241ns  (required time - arrival time)
  Source:                 sha/reg_if_inst/sha_inst/scheduler_inst/w_mem_reg[0][15]/C
                            (rising edge-triggered cell FDCE clocked by sys_clk  {rise@0.000ns fall@5.000ns period=10.000ns})
  Destination:            sha/reg_if_inst/sha_inst/scheduler_inst/w_mem_reg[5][24]/D
                            (rising edge-triggered cell FDCE clocked by sys_clk  {rise@0.000ns fall@5.000ns period=10.000ns})
  Path Group:             sys_clk
  Path Type:              Setup (Max at Slow Process Corner)
  Requirement:            10.000ns  (sys_clk rise@10.000ns - sys_clk rise@0.000ns)
  Data Path Delay:        9.632ns  (logic 3.590ns (37.273%)  route 6.042ns (62.727%))
  Logic Levels:           13  (CARRY4=5 LUT3=3 LUT5=1 LUT6=3 MUXF7=1)
  Clock Path Skew:        -0.124ns (DCD - SCD + CPR)
    Destination Clock Delay (DCD):    4.774ns = ( 14.774 - 10.000 ) 
    Source Clock Delay      (SCD):    5.086ns
    Clock Pessimism Removal (CPR):    0.188ns
  Clock Uncertainty:      0.035ns  ((TSJ^2 + TIJ^2)^1/2 + DJ) / 2 + PE
    Total System Jitter     (TSJ):    0.071ns
    Total Input Jitter      (TIJ):    0.000ns
    Discrete Jitter          (DJ):    0.000ns
    Phase Error              (PE):    0.000ns

    Location             Delay type                Incr(ns)  Path(ns)    Netlist Resource(s)
  -------------------------------------------------------------------    -------------------
                         (clock sys_clk rise edge)    0.000     0.000 r  <hidden>
    W5                                                0.000     0.000 r  clk
                         net (fo=0)                   0.000     0.000    clk
    W5                   IBUF (Prop_ibuf_I_O)         1.458     1.458 r  clk_IBUF_inst/O
                         net (fo=1, routed)           1.967     3.425    clk_IBUF
    BUFGCTRL_X0Y0        BUFG (Prop_bufg_I_O)         0.096     3.521 r  clk_IBUF_BUFG_inst/O
                         net (fo=3065, routed)        1.565     5.086    sha/reg_if_inst/sha_inst/scheduler_inst/clk_IBUF_BUFG
    SLICE_X37Y6          FDCE                                         r  sha/reg_if_inst/sha_inst/scheduler_inst/w_mem_reg[0][15]/C
  -------------------------------------------------------------------    -------------------
    SLICE_X37Y6          FDCE (Prop_fdce_C_Q)         0.419     5.505 r  sha/reg_if_inst/sha_inst/scheduler_inst/w_mem_reg[0][15]/Q
                         net (fo=3, routed)           1.161     6.667    sha/reg_if_inst/sha_inst/scheduler_inst/w_mem_reg[0]_15[15]
    SLICE_X39Y11         LUT6 (Prop_lut6_I0_O)        0.297     6.964 r  sha/reg_if_inst/sha_inst/scheduler_inst/w_mem[1][19]_i_57/O
                         net (fo=1, routed)           0.000     6.964    sha/reg_if_inst/sha_inst/scheduler_inst/w_mem[1][19]_i_57_n_0
    SLICE_X39Y11         MUXF7 (Prop_muxf7_I1_O)      0.217     7.181 r  sha/reg_if_inst/sha_inst/scheduler_inst/w_mem_reg[1][19]_i_36/O
                         net (fo=2, routed)           0.645     7.826    sha/reg_if_inst/sha_inst/scheduler_inst/w_mem_reg[1][19]_i_36_n_0
    SLICE_X39Y10         LUT3 (Prop_lut3_I0_O)        0.295     8.121 r  sha/reg_if_inst/sha_inst/scheduler_inst/w_mem[1][31]_i_40/O
                         net (fo=4, routed)           0.849     8.970    sha/reg_if_inst/sha_inst/scheduler_inst/rotr2_return[29]
    SLICE_X38Y9          LUT6 (Prop_lut6_I5_O)        0.327     9.297 r  sha/reg_if_inst/sha_inst/scheduler_inst/w_mem[1][11]_i_16/O
                         net (fo=3, routed)           0.564     9.861    sha/reg_if_inst/sha_inst/scheduler_inst/sig0_return__0[8]
    SLICE_X37Y9          LUT3 (Prop_lut3_I0_O)        0.124     9.985 r  sha/reg_if_inst/sha_inst/scheduler_inst/w_mem[1][11]_i_22/O
                         net (fo=2, routed)           0.812    10.797    sha/reg_if_inst/sha_inst/scheduler_inst/w_mem[1][11]_i_22_n_0
    SLICE_X38Y9          LUT5 (Prop_lut5_I4_O)        0.150    10.947 r  sha/reg_if_inst/sha_inst/scheduler_inst/w_mem[1][11]_i_5/O
                         net (fo=2, routed)           0.716    11.663    sha/reg_if_inst/sha_inst/scheduler_inst/w_mem[1][11]_i_5_n_0
    SLICE_X36Y9          LUT6 (Prop_lut6_I3_O)        0.348    12.011 r  sha/reg_if_inst/sha_inst/scheduler_inst/w_mem[1][11]_i_9/O
                         net (fo=1, routed)           0.000    12.011    sha/reg_if_inst/sha_inst/scheduler_inst/w_mem[1][11]_i_9_n_0
    SLICE_X36Y9          CARRY4 (Prop_carry4_S[1]_CO[3])
                                                      0.550    12.561 r  sha/reg_if_inst/sha_inst/scheduler_inst/w_mem_reg[1][11]_i_2/CO[3]
                         net (fo=1, routed)           0.000    12.561    sha/reg_if_inst/sha_inst/scheduler_inst/w_mem_reg[1][11]_i_2_n_0
    SLICE_X36Y10         CARRY4 (Prop_carry4_CI_CO[3])
                                                      0.114    12.675 r  sha/reg_if_inst/sha_inst/scheduler_inst/w_mem_reg[1][15]_i_2/CO[3]
                         net (fo=1, routed)           0.000    12.675    sha/reg_if_inst/sha_inst/scheduler_inst/w_mem_reg[1][15]_i_2_n_0
    SLICE_X36Y11         CARRY4 (Prop_carry4_CI_CO[3])
                                                      0.114    12.789 r  sha/reg_if_inst/sha_inst/scheduler_inst/w_mem_reg[1][19]_i_2/CO[3]
                         net (fo=1, routed)           0.000    12.789    sha/reg_if_inst/sha_inst/scheduler_inst/w_mem_reg[1][19]_i_2_n_0
    SLICE_X36Y12         CARRY4 (Prop_carry4_CI_CO[3])
                                                      0.114    12.903 r  sha/reg_if_inst/sha_inst/scheduler_inst/w_mem_reg[1][23]_i_2/CO[3]
                         net (fo=1, routed)           0.000    12.903    sha/reg_if_inst/sha_inst/scheduler_inst/w_mem_reg[1][23]_i_2_n_0
    SLICE_X36Y13         CARRY4 (Prop_carry4_CI_O[0])
                                                      0.222    13.125 r  sha/reg_if_inst/sha_inst/scheduler_inst/w_mem_reg[1][27]_i_2/O[0]
                         net (fo=17, routed)          1.294    14.419    sha/reg_if_inst/sha_inst/scheduler_inst/w_new[24]
    SLICE_X32Y28         LUT3 (Prop_lut3_I2_O)        0.299    14.718 r  sha/reg_if_inst/sha_inst/scheduler_inst/w_mem[5][24]_i_1/O
                         net (fo=1, routed)           0.000    14.718    sha/reg_if_inst/sha_inst/scheduler_inst/w_mem[5][24]_i_1_n_0
    SLICE_X32Y28         FDCE                                         r  sha/reg_if_inst/sha_inst/scheduler_inst/w_mem_reg[5][24]/D
  -------------------------------------------------------------------    -------------------

                         (clock sys_clk rise edge)   10.000    10.000 r  <hidden>
    W5                                                0.000    10.000 r  clk
                         net (fo=0)                   0.000    10.000    clk
    W5                   IBUF (Prop_ibuf_I_O)         1.388    11.388 r  clk_IBUF_inst/O
                         net (fo=1, routed)           1.862    13.250    clk_IBUF
    BUFGCTRL_X0Y0        BUFG (Prop_bufg_I_O)         0.091    13.341 r  clk_IBUF_BUFG_inst/O
                         net (fo=3065, routed)        1.433    14.774    sha/reg_if_inst/sha_inst/scheduler_inst/clk_IBUF_BUFG
    SLICE_X32Y28         FDCE                                         r  sha/reg_if_inst/sha_inst/scheduler_inst/w_mem_reg[5][24]/C
                         clock pessimism              0.188    14.962    <hidden>
                         clock uncertainty           -0.035    14.927    <hidden>
    SLICE_X32Y28         FDCE (Setup_fdce_C_D)        0.032    14.959    sha/reg_if_inst/sha_inst/scheduler_inst/w_mem_reg[5][24]
  -------------------------------------------------------------------
                         required time                         14.959    <hidden>
                         arrival time                         -14.718    <hidden>
  -------------------------------------------------------------------
                         slack                                  0.241    <hidden>

Slack (MET) :             0.250ns  (required time - arrival time)
  Source:                 sha/reg_if_inst/sha_inst/scheduler_inst/w_mem_reg[0][15]/C
                            (rising edge-triggered cell FDCE clocked by sys_clk  {rise@0.000ns fall@5.000ns period=10.000ns})
  Destination:            sha/reg_if_inst/sha_inst/scheduler_inst/w_mem_reg[14][31]/D
                            (rising edge-triggered cell FDCE clocked by sys_clk  {rise@0.000ns fall@5.000ns period=10.000ns})
  Path Group:             sys_clk
  Path Type:              Setup (Max at Slow Process Corner)
  Requirement:            10.000ns  (sys_clk rise@10.000ns - sys_clk rise@0.000ns)
  Data Path Delay:        9.709ns  (logic 3.827ns (39.417%)  route 5.882ns (60.583%))
  Logic Levels:           14  (CARRY4=6 LUT3=3 LUT5=1 LUT6=3 MUXF7=1)
  Clock Path Skew:        -0.124ns (DCD - SCD + CPR)
    Destination Clock Delay (DCD):    4.774ns = ( 14.774 - 10.000 ) 
    Source Clock Delay      (SCD):    5.086ns
    Clock Pessimism Removal (CPR):    0.188ns
  Clock Uncertainty:      0.035ns  ((TSJ^2 + TIJ^2)^1/2 + DJ) / 2 + PE
    Total System Jitter     (TSJ):    0.071ns
    Total Input Jitter      (TIJ):    0.000ns
    Discrete Jitter          (DJ):    0.000ns
    Phase Error              (PE):    0.000ns

    Location             Delay type                Incr(ns)  Path(ns)    Netlist Resource(s)
  -------------------------------------------------------------------    -------------------
                         (clock sys_clk rise edge)    0.000     0.000 r  <hidden>
    W5                                                0.000     0.000 r  clk
                         net (fo=0)                   0.000     0.000    clk
    W5                   IBUF (Prop_ibuf_I_O)         1.458     1.458 r  clk_IBUF_inst/O
                         net (fo=1, routed)           1.967     3.425    clk_IBUF
    BUFGCTRL_X0Y0        BUFG (Prop_bufg_I_O)         0.096     3.521 r  clk_IBUF_BUFG_inst/O
                         net (fo=3065, routed)        1.565     5.086    sha/reg_if_inst/sha_inst/scheduler_inst/clk_IBUF_BUFG
    SLICE_X37Y6          FDCE                                         r  sha/reg_if_inst/sha_inst/scheduler_inst/w_mem_reg[0][15]/C
  -------------------------------------------------------------------    -------------------
    SLICE_X37Y6          FDCE (Prop_fdce_C_Q)         0.419     5.505 r  sha/reg_if_inst/sha_inst/scheduler_inst/w_mem_reg[0][15]/Q
                         net (fo=3, routed)           1.161     6.667    sha/reg_if_inst/sha_inst/scheduler_inst/w_mem_reg[0]_15[15]
    SLICE_X39Y11         LUT6 (Prop_lut6_I0_O)        0.297     6.964 r  sha/reg_if_inst/sha_inst/scheduler_inst/w_mem[1][19]_i_57/O
                         net (fo=1, routed)           0.000     6.964    sha/reg_if_inst/sha_inst/scheduler_inst/w_mem[1][19]_i_57_n_0
    SLICE_X39Y11         MUXF7 (Prop_muxf7_I1_O)      0.217     7.181 r  sha/reg_if_inst/sha_inst/scheduler_inst/w_mem_reg[1][19]_i_36/O
                         net (fo=2, routed)           0.645     7.826    sha/reg_if_inst/sha_inst/scheduler_inst/w_mem_reg[1][19]_i_36_n_0
    SLICE_X39Y10         LUT3 (Prop_lut3_I0_O)        0.295     8.121 r  sha/reg_if_inst/sha_inst/scheduler_inst/w_mem[1][31]_i_40/O
                         net (fo=4, routed)           0.849     8.970    sha/reg_if_inst/sha_inst/scheduler_inst/rotr2_return[29]
    SLICE_X38Y9          LUT6 (Prop_lut6_I5_O)        0.327     9.297 r  sha/reg_if_inst/sha_inst/scheduler_inst/w_mem[1][11]_i_16/O
                         net (fo=3, routed)           0.564     9.861    sha/reg_if_inst/sha_inst/scheduler_inst/sig0_return__0[8]
    SLICE_X37Y9          LUT3 (Prop_lut3_I0_O)        0.124     9.985 r  sha/reg_if_inst/sha_inst/scheduler_inst/w_mem[1][11]_i_22/O
                         net (fo=2, routed)           0.812    10.797    sha/reg_if_inst/sha_inst/scheduler_inst/w_mem[1][11]_i_22_n_0
    SLICE_X38Y9          LUT5 (Prop_lut5_I4_O)        0.150    10.947 r  sha/reg_if_inst/sha_inst/scheduler_inst/w_mem[1][11]_i_5/O
                         net (fo=2, routed)           0.716    11.663    sha/reg_if_inst/sha_inst/scheduler_inst/w_mem[1][11]_i_5_n_0
    SLICE_X36Y9          LUT6 (Prop_lut6_I3_O)        0.348    12.011 r  sha/reg_if_inst/sha_inst/scheduler_inst/w_mem[1][11]_i_9/O
                         net (fo=1, routed)           0.000    12.011    sha/reg_if_inst/sha_inst/scheduler_inst/w_mem[1][11]_i_9_n_0
    SLICE_X36Y9          CARRY4 (Prop_carry4_S[1]_CO[3])
                                                      0.550    12.561 r  sha/reg_if_inst/sha_inst/scheduler_inst/w_mem_reg[1][11]_i_2/CO[3]
                         net (fo=1, routed)           0.000    12.561    sha/reg_if_inst/sha_inst/scheduler_inst/w_mem_reg[1][11]_i_2_n_0
    SLICE_X36Y10         CARRY4 (Prop_carry4_CI_CO[3])
                                                      0.114    12.675 r  sha/reg_if_inst/sha_inst/scheduler_inst/w_mem_reg[1][15]_i_2/CO[3]
                         net (fo=1, routed)           0.000    12.675    sha/reg_if_inst/sha_inst/scheduler_inst/w_mem_reg[1][15]_i_2_n_0
    SLICE_X36Y11         CARRY4 (Prop_carry4_CI_CO[3])
                                                      0.114    12.789 r  sha/reg_if_inst/sha_inst/scheduler_inst/w_mem_reg[1][19]_i_2/CO[3]
                         net (fo=1, routed)           0.000    12.789    sha/reg_if_inst/sha_inst/scheduler_inst/w_mem_reg[1][19]_i_2_n_0
    SLICE_X36Y12         CARRY4 (Prop_carry4_CI_CO[3])
                                                      0.114    12.903 r  sha/reg_if_inst/sha_inst/scheduler_inst/w_mem_reg[1][23]_i_2/CO[3]
                         net (fo=1, routed)           0.000    12.903    sha/reg_if_inst/sha_inst/scheduler_inst/w_mem_reg[1][23]_i_2_n_0
    SLICE_X36Y13         CARRY4 (Prop_carry4_CI_CO[3])
                                                      0.114    13.017 r  sha/reg_if_inst/sha_inst/scheduler_inst/w_mem_reg[1][27]_i_2/CO[3]
                         net (fo=1, routed)           0.000    13.017    sha/reg_if_inst/sha_inst/scheduler_inst/w_mem_reg[1][27]_i_2_n_0
    SLICE_X36Y14         CARRY4 (Prop_carry4_CI_O[3])
                                                      0.313    13.330 r  sha/reg_if_inst/sha_inst/scheduler_inst/w_mem_reg[1][31]_i_4/O[3]
                         net (fo=17, routed)          1.134    14.464    sha/reg_if_inst/sha_inst/scheduler_inst/w_new[31]
    SLICE_X34Y19         LUT3 (Prop_lut3_I2_O)        0.331    14.795 r  sha/reg_if_inst/sha_inst/scheduler_inst/w_mem[14][31]_i_2/O
                         net (fo=1, routed)           0.000    14.795    sha/reg_if_inst/sha_inst/scheduler_inst/w_mem[14][31]_i_2_n_0
    SLICE_X34Y19         FDCE                                         r  sha/reg_if_inst/sha_inst/scheduler_inst/w_mem_reg[14][31]/D
  -------------------------------------------------------------------    -------------------

                         (clock sys_clk rise edge)   10.000    10.000 r  <hidden>
    W5                                                0.000    10.000 r  clk
                         net (fo=0)                   0.000    10.000    clk
    W5                   IBUF (Prop_ibuf_I_O)         1.388    11.388 r  clk_IBUF_inst/O
                         net (fo=1, routed)           1.862    13.250    clk_IBUF
    BUFGCTRL_X0Y0        BUFG (Prop_bufg_I_O)         0.091    13.341 r  clk_IBUF_BUFG_inst/O
                         net (fo=3065, routed)        1.433    14.774    sha/reg_if_inst/sha_inst/scheduler_inst/clk_IBUF_BUFG
    SLICE_X34Y19         FDCE                                         r  sha/reg_if_inst/sha_inst/scheduler_inst/w_mem_reg[14][31]/C
                         clock pessimism              0.188    14.962    <hidden>
                         clock uncertainty           -0.035    14.927    <hidden>
    SLICE_X34Y19         FDCE (Setup_fdce_C_D)        0.118    15.045    sha/reg_if_inst/sha_inst/scheduler_inst/w_mem_reg[14][31]
  -------------------------------------------------------------------
                         required time                         15.045    <hidden>
                         arrival time                         -14.795    <hidden>
  -------------------------------------------------------------------
                         slack                                  0.250    <hidden>

Slack (MET) :             0.253ns  (required time - arrival time)
  Source:                 sha/reg_if_inst/sha_inst/scheduler_inst/w_mem_reg[0][15]/C
                            (rising edge-triggered cell FDCE clocked by sys_clk  {rise@0.000ns fall@5.000ns period=10.000ns})
  Destination:            sha/reg_if_inst/sha_inst/scheduler_inst/w_mem_reg[3][24]/D
                            (rising edge-triggered cell FDCE clocked by sys_clk  {rise@0.000ns fall@5.000ns period=10.000ns})
  Path Group:             sys_clk
  Path Type:              Setup (Max at Slow Process Corner)
  Requirement:            10.000ns  (sys_clk rise@10.000ns - sys_clk rise@0.000ns)
  Data Path Delay:        9.615ns  (logic 3.590ns (37.336%)  route 6.025ns (62.664%))
  Logic Levels:           13  (CARRY4=5 LUT3=3 LUT5=1 LUT6=3 MUXF7=1)
  Clock Path Skew:        -0.127ns (DCD - SCD + CPR)
    Destination Clock Delay (DCD):    4.771ns = ( 14.771 - 10.000 ) 
    Source Clock Delay      (SCD):    5.086ns
    Clock Pessimism Removal (CPR):    0.188ns
  Clock Uncertainty:      0.035ns  ((TSJ^2 + TIJ^2)^1/2 + DJ) / 2 + PE
    Total System Jitter     (TSJ):    0.071ns
    Total Input Jitter      (TIJ):    0.000ns
    Discrete Jitter          (DJ):    0.000ns
    Phase Error              (PE):    0.000ns

    Location             Delay type                Incr(ns)  Path(ns)    Netlist Resource(s)
  -------------------------------------------------------------------    -------------------
                         (clock sys_clk rise edge)    0.000     0.000 r  <hidden>
    W5                                                0.000     0.000 r  clk
                         net (fo=0)                   0.000     0.000    clk
    W5                   IBUF (Prop_ibuf_I_O)         1.458     1.458 r  clk_IBUF_inst/O
                         net (fo=1, routed)           1.967     3.425    clk_IBUF
    BUFGCTRL_X0Y0        BUFG (Prop_bufg_I_O)         0.096     3.521 r  clk_IBUF_BUFG_inst/O
                         net (fo=3065, routed)        1.565     5.086    sha/reg_if_inst/sha_inst/scheduler_inst/clk_IBUF_BUFG
    SLICE_X37Y6          FDCE                                         r  sha/reg_if_inst/sha_inst/scheduler_inst/w_mem_reg[0][15]/C
  -------------------------------------------------------------------    -------------------
    SLICE_X37Y6          FDCE (Prop_fdce_C_Q)         0.419     5.505 r  sha/reg_if_inst/sha_inst/scheduler_inst/w_mem_reg[0][15]/Q
                         net (fo=3, routed)           1.161     6.667    sha/reg_if_inst/sha_inst/scheduler_inst/w_mem_reg[0]_15[15]
    SLICE_X39Y11         LUT6 (Prop_lut6_I0_O)        0.297     6.964 r  sha/reg_if_inst/sha_inst/scheduler_inst/w_mem[1][19]_i_57/O
                         net (fo=1, routed)           0.000     6.964    sha/reg_if_inst/sha_inst/scheduler_inst/w_mem[1][19]_i_57_n_0
    SLICE_X39Y11         MUXF7 (Prop_muxf7_I1_O)      0.217     7.181 r  sha/reg_if_inst/sha_inst/scheduler_inst/w_mem_reg[1][19]_i_36/O
                         net (fo=2, routed)           0.645     7.826    sha/reg_if_inst/sha_inst/scheduler_inst/w_mem_reg[1][19]_i_36_n_0
    SLICE_X39Y10         LUT3 (Prop_lut3_I0_O)        0.295     8.121 r  sha/reg_if_inst/sha_inst/scheduler_inst/w_mem[1][31]_i_40/O
                         net (fo=4, routed)           0.849     8.970    sha/reg_if_inst/sha_inst/scheduler_inst/rotr2_return[29]
    SLICE_X38Y9          LUT6 (Prop_lut6_I5_O)        0.327     9.297 r  sha/reg_if_inst/sha_inst/scheduler_inst/w_mem[1][11]_i_16/O
                         net (fo=3, routed)           0.564     9.861    sha/reg_if_inst/sha_inst/scheduler_inst/sig0_return__0[8]
    SLICE_X37Y9          LUT3 (Prop_lut3_I0_O)        0.124     9.985 r  sha/reg_if_inst/sha_inst/scheduler_inst/w_mem[1][11]_i_22/O
                         net (fo=2, routed)           0.812    10.797    sha/reg_if_inst/sha_inst/scheduler_inst/w_mem[1][11]_i_22_n_0
    SLICE_X38Y9          LUT5 (Prop_lut5_I4_O)        0.150    10.947 r  sha/reg_if_inst/sha_inst/scheduler_inst/w_mem[1][11]_i_5/O
                         net (fo=2, routed)           0.716    11.663    sha/reg_if_inst/sha_inst/scheduler_inst/w_mem[1][11]_i_5_n_0
    SLICE_X36Y9          LUT6 (Prop_lut6_I3_O)        0.348    12.011 r  sha/reg_if_inst/sha_inst/scheduler_inst/w_mem[1][11]_i_9/O
                         net (fo=1, routed)           0.000    12.011    sha/reg_if_inst/sha_inst/scheduler_inst/w_mem[1][11]_i_9_n_0
    SLICE_X36Y9          CARRY4 (Prop_carry4_S[1]_CO[3])
                                                      0.550    12.561 r  sha/reg_if_inst/sha_inst/scheduler_inst/w_mem_reg[1][11]_i_2/CO[3]
                         net (fo=1, routed)           0.000    12.561    sha/reg_if_inst/sha_inst/scheduler_inst/w_mem_reg[1][11]_i_2_n_0
    SLICE_X36Y10         CARRY4 (Prop_carry4_CI_CO[3])
                                                      0.114    12.675 r  sha/reg_if_inst/sha_inst/scheduler_inst/w_mem_reg[1][15]_i_2/CO[3]
                         net (fo=1, routed)           0.000    12.675    sha/reg_if_inst/sha_inst/scheduler_inst/w_mem_reg[1][15]_i_2_n_0
    SLICE_X36Y11         CARRY4 (Prop_carry4_CI_CO[3])
                                                      0.114    12.789 r  sha/reg_if_inst/sha_inst/scheduler_inst/w_mem_reg[1][19]_i_2/CO[3]
                         net (fo=1, routed)           0.000    12.789    sha/reg_if_inst/sha_inst/scheduler_inst/w_mem_reg[1][19]_i_2_n_0
    SLICE_X36Y12         CARRY4 (Prop_carry4_CI_CO[3])
                                                      0.114    12.903 r  sha/reg_if_inst/sha_inst/scheduler_inst/w_mem_reg[1][23]_i_2/CO[3]
                         net (fo=1, routed)           0.000    12.903    sha/reg_if_inst/sha_inst/scheduler_inst/w_mem_reg[1][23]_i_2_n_0
    SLICE_X36Y13         CARRY4 (Prop_carry4_CI_O[0])
                                                      0.222    13.125 r  sha/reg_if_inst/sha_inst/scheduler_inst/w_mem_reg[1][27]_i_2/O[0]
                         net (fo=17, routed)          1.277    14.403    sha/reg_if_inst/sha_inst/scheduler_inst/w_new[24]
    SLICE_X32Y26         LUT3 (Prop_lut3_I2_O)        0.299    14.702 r  sha/reg_if_inst/sha_inst/scheduler_inst/w_mem[3][24]_i_1/O
                         net (fo=1, routed)           0.000    14.702    sha/reg_if_inst/sha_inst/scheduler_inst/w_mem[3][24]_i_1_n_0
    SLICE_X32Y26         FDCE                                         r  sha/reg_if_inst/sha_inst/scheduler_inst/w_mem_reg[3][24]/D
  -------------------------------------------------------------------    -------------------

                         (clock sys_clk rise edge)   10.000    10.000 r  <hidden>
    W5                                                0.000    10.000 r  clk
                         net (fo=0)                   0.000    10.000    clk
    W5                   IBUF (Prop_ibuf_I_O)         1.388    11.388 r  clk_IBUF_inst/O
                         net (fo=1, routed)           1.862    13.250    clk_IBUF
    BUFGCTRL_X0Y0        BUFG (Prop_bufg_I_O)         0.091    13.341 r  clk_IBUF_BUFG_inst/O
                         net (fo=3065, routed)        1.430    14.771    sha/reg_if_inst/sha_inst/scheduler_inst/clk_IBUF_BUFG
    SLICE_X32Y26         FDCE                                         r  sha/reg_if_inst/sha_inst/scheduler_inst/w_mem_reg[3][24]/C
                         clock pessimism              0.188    14.959    <hidden>
                         clock uncertainty           -0.035    14.924    <hidden>
    SLICE_X32Y26         FDCE (Setup_fdce_C_D)        0.031    14.955    sha/reg_if_inst/sha_inst/scheduler_inst/w_mem_reg[3][24]
  -------------------------------------------------------------------
                         required time                         14.955    <hidden>
                         arrival time                         -14.702    <hidden>
  -------------------------------------------------------------------
                         slack                                  0.253    <hidden>

Slack (MET) :             0.261ns  (required time - arrival time)
  Source:                 sha/reg_if_inst/sha_inst/core_inst/e_reg[1]/C
                            (rising edge-triggered cell FDSE clocked by sys_clk  {rise@0.000ns fall@5.000ns period=10.000ns})
  Destination:            sha/reg_if_inst/sha_inst/core_inst/a_reg[16]/D
                            (rising edge-triggered cell FDSE clocked by sys_clk  {rise@0.000ns fall@5.000ns period=10.000ns})
  Path Group:             sys_clk
  Path Type:              Setup (Max at Slow Process Corner)
  Requirement:            10.000ns  (sys_clk rise@10.000ns - sys_clk rise@0.000ns)
  Data Path Delay:        9.689ns  (logic 3.980ns (41.076%)  route 5.709ns (58.924%))
  Logic Levels:           13  (CARRY4=7 LUT2=1 LUT5=3 LUT6=2)
  Clock Path Skew:        -0.043ns (DCD - SCD + CPR)
    Destination Clock Delay (DCD):    4.790ns = ( 14.790 - 10.000 ) 
    Source Clock Delay      (SCD):    5.093ns
    Clock Pessimism Removal (CPR):    0.260ns
  Clock Uncertainty:      0.035ns  ((TSJ^2 + TIJ^2)^1/2 + DJ) / 2 + PE
    Total System Jitter     (TSJ):    0.071ns
    Total Input Jitter      (TIJ):    0.000ns
    Discrete Jitter          (DJ):    0.000ns
    Phase Error              (PE):    0.000ns

    Location             Delay type                Incr(ns)  Path(ns)    Netlist Resource(s)
  -------------------------------------------------------------------    -------------------
                         (clock sys_clk rise edge)    0.000     0.000 r  <hidden>
    W5                                                0.000     0.000 r  clk
                         net (fo=0)                   0.000     0.000    clk
    W5                   IBUF (Prop_ibuf_I_O)         1.458     1.458 r  clk_IBUF_inst/O
                         net (fo=1, routed)           1.967     3.425    clk_IBUF
    BUFGCTRL_X0Y0        BUFG (Prop_bufg_I_O)         0.096     3.521 r  clk_IBUF_BUFG_inst/O
                         net (fo=3065, routed)        1.572     5.093    sha/reg_if_inst/sha_inst/core_inst/clk_IBUF_BUFG
    SLICE_X54Y0          FDSE                                         r  sha/reg_if_inst/sha_inst/core_inst/e_reg[1]/C
  -------------------------------------------------------------------    -------------------
    SLICE_X54Y0          FDSE (Prop_fdse_C_Q)         0.478     5.571 r  sha/reg_if_inst/sha_inst/core_inst/e_reg[1]/Q
                         net (fo=10, routed)          1.058     6.629    sha/reg_if_inst/sha_inst/core_inst/e_rot25[8]
    SLICE_X49Y2          LUT5 (Prop_lut5_I2_O)        0.295     6.924 r  sha/reg_if_inst/sha_inst/core_inst/e[7]_i_22/O
                         net (fo=2, routed)           0.660     7.584    sha/reg_if_inst/sha_inst/core_inst/e[7]_i_22_n_0
    SLICE_X48Y2          CARRY4 (Prop_carry4_DI[2]_CO[3])
                                                      0.398     7.982 r  sha/reg_if_inst/sha_inst/core_inst/e_reg[7]_i_20/CO[3]
                         net (fo=1, routed)           0.000     7.982    sha/reg_if_inst/sha_inst/core_inst/e_reg[7]_i_20_n_0
    SLICE_X48Y3          CARRY4 (Prop_carry4_CI_CO[3])
                                                      0.114     8.096 r  sha/reg_if_inst/sha_inst/core_inst/e_reg[11]_i_15/CO[3]
                         net (fo=1, routed)           0.000     8.096    sha/reg_if_inst/sha_inst/core_inst/e_reg[11]_i_15_n_0
    SLICE_X48Y4          CARRY4 (Prop_carry4_CI_O[1])
                                                      0.334     8.430 r  sha/reg_if_inst/sha_inst/core_inst/e_reg[15]_i_15/O[1]
                         net (fo=2, routed)           0.572     9.002    sha/reg_if_inst/sha_inst/core_inst/e_reg[15]_i_15_n_6
    SLICE_X46Y5          LUT5 (Prop_lut5_I1_O)        0.303     9.305 r  sha/reg_if_inst/sha_inst/core_inst/e[11]_i_8/O
                         net (fo=2, routed)           0.829    10.134    sha/reg_if_inst/sha_inst/core_inst/e[11]_i_8_n_0
    SLICE_X52Y5          LUT6 (Prop_lut6_I0_O)        0.124    10.258 r  sha/reg_if_inst/sha_inst/core_inst/e[11]_i_12/O
                         net (fo=1, routed)           0.000    10.258    sha/reg_if_inst/sha_inst/core_inst/e[11]_i_12_n_0
    SLICE_X52Y5          CARRY4 (Prop_carry4_S[2]_CO[3])
                                                      0.380    10.638 r  sha/reg_if_inst/sha_inst/core_inst/e_reg[11]_i_6/CO[3]
                         net (fo=1, routed)           0.000    10.638    sha/reg_if_inst/sha_inst/core_inst/e_reg[11]_i_6_n_0
    SLICE_X52Y6          CARRY4 (Prop_carry4_CI_O[2])
                                                      0.239    10.877 r  sha/reg_if_inst/sha_inst/core_inst/e_reg[15]_i_6/O[2]
                         net (fo=3, routed)           0.847    11.724    sha/reg_if_inst/sha_inst/core_inst/p_1_in_0[14]
    SLICE_X59Y6          LUT5 (Prop_lut5_I3_O)        0.301    12.025 r  sha/reg_if_inst/sha_inst/core_inst/a[12]_i_2/O
                         net (fo=2, routed)           0.610    12.635    sha/reg_if_inst/sha_inst/core_inst/a[12]_i_2_n_0
    SLICE_X60Y6          LUT6 (Prop_lut6_I0_O)        0.124    12.759 r  sha/reg_if_inst/sha_inst/core_inst/a[12]_i_6/O
                         net (fo=1, routed)           0.000    12.759    sha/reg_if_inst/sha_inst/core_inst/a[12]_i_6_n_0
    SLICE_X60Y6          CARRY4 (Prop_carry4_S[3]_CO[3])
                                                      0.376    13.135 r  sha/reg_if_inst/sha_inst/core_inst/a_reg[12]_i_1/CO[3]
                         net (fo=1, routed)           0.000    13.135    sha/reg_if_inst/sha_inst/core_inst/a_reg[12]_i_1_n_0
    SLICE_X60Y7          CARRY4 (Prop_carry4_CI_O[0])
                                                      0.219    13.354 r  sha/reg_if_inst/sha_inst/core_inst/a_reg[18]_i_1/O[0]
                         net (fo=1, routed)           1.134    14.488    sha/reg_if_inst/sha_inst/core_inst/in14[16]
    SLICE_X48Y10         LUT2 (Prop_lut2_I0_O)        0.295    14.783 r  sha/reg_if_inst/sha_inst/core_inst/a[16]_i_1/O
                         net (fo=1, routed)           0.000    14.783    sha/reg_if_inst/sha_inst/core_inst/a[16]_i_1_n_0
    SLICE_X48Y10         FDSE                                         r  sha/reg_if_inst/sha_inst/core_inst/a_reg[16]/D
  -------------------------------------------------------------------    -------------------

                         (clock sys_clk rise edge)   10.000    10.000 r  <hidden>
    W5                                                0.000    10.000 r  clk
                         net (fo=0)                   0.000    10.000    clk
    W5                   IBUF (Prop_ibuf_I_O)         1.388    11.388 r  clk_IBUF_inst/O
                         net (fo=1, routed)           1.862    13.250    clk_IBUF
    BUFGCTRL_X0Y0        BUFG (Prop_bufg_I_O)         0.091    13.341 r  clk_IBUF_BUFG_inst/O
                         net (fo=3065, routed)        1.449    14.790    sha/reg_if_inst/sha_inst/core_inst/clk_IBUF_BUFG
    SLICE_X48Y10         FDSE                                         r  sha/reg_if_inst/sha_inst/core_inst/a_reg[16]/C
                         clock pessimism              0.260    15.050    <hidden>
                         clock uncertainty           -0.035    15.015    <hidden>
    SLICE_X48Y10         FDSE (Setup_fdse_C_D)        0.029    15.044    sha/reg_if_inst/sha_inst/core_inst/a_reg[16]
  -------------------------------------------------------------------
                         required time                         15.044    <hidden>
                         arrival time                         -14.783    <hidden>
  -------------------------------------------------------------------
                         slack                                  0.261    <hidden>

Slack (MET) :             0.264ns  (required time - arrival time)
  Source:                 sha/reg_if_inst/sha_inst/scheduler_inst/w_mem_reg[0][15]/C
                            (rising edge-triggered cell FDCE clocked by sys_clk  {rise@0.000ns fall@5.000ns period=10.000ns})
  Destination:            sha/reg_if_inst/sha_inst/scheduler_inst/w_mem_reg[5][27]/D
                            (rising edge-triggered cell FDCE clocked by sys_clk  {rise@0.000ns fall@5.000ns period=10.000ns})
  Path Group:             sys_clk
  Path Type:              Setup (Max at Slow Process Corner)
  Requirement:            10.000ns  (sys_clk rise@10.000ns - sys_clk rise@0.000ns)
  Data Path Delay:        9.653ns  (logic 3.717ns (38.508%)  route 5.936ns (61.492%))
  Logic Levels:           13  (CARRY4=5 LUT3=3 LUT5=1 LUT6=3 MUXF7=1)
  Clock Path Skew:        -0.123ns (DCD - SCD + CPR)
    Destination Clock Delay (DCD):    4.775ns = ( 14.775 - 10.000 ) 
    Source Clock Delay      (SCD):    5.086ns
    Clock Pessimism Removal (CPR):    0.188ns
  Clock Uncertainty:      0.035ns  ((TSJ^2 + TIJ^2)^1/2 + DJ) / 2 + PE
    Total System Jitter     (TSJ):    0.071ns
    Total Input Jitter      (TIJ):    0.000ns
    Discrete Jitter          (DJ):    0.000ns
    Phase Error              (PE):    0.000ns

    Location             Delay type                Incr(ns)  Path(ns)    Netlist Resource(s)
  -------------------------------------------------------------------    -------------------
                         (clock sys_clk rise edge)    0.000     0.000 r  <hidden>
    W5                                                0.000     0.000 r  clk
                         net (fo=0)                   0.000     0.000    clk
    W5                   IBUF (Prop_ibuf_I_O)         1.458     1.458 r  clk_IBUF_inst/O
                         net (fo=1, routed)           1.967     3.425    clk_IBUF
    BUFGCTRL_X0Y0        BUFG (Prop_bufg_I_O)         0.096     3.521 r  clk_IBUF_BUFG_inst/O
                         net (fo=3065, routed)        1.565     5.086    sha/reg_if_inst/sha_inst/scheduler_inst/clk_IBUF_BUFG
    SLICE_X37Y6          FDCE                                         r  sha/reg_if_inst/sha_inst/scheduler_inst/w_mem_reg[0][15]/C
  -------------------------------------------------------------------    -------------------
    SLICE_X37Y6          FDCE (Prop_fdce_C_Q)         0.419     5.505 r  sha/reg_if_inst/sha_inst/scheduler_inst/w_mem_reg[0][15]/Q
                         net (fo=3, routed)           1.161     6.667    sha/reg_if_inst/sha_inst/scheduler_inst/w_mem_reg[0]_15[15]
    SLICE_X39Y11         LUT6 (Prop_lut6_I0_O)        0.297     6.964 r  sha/reg_if_inst/sha_inst/scheduler_inst/w_mem[1][19]_i_57/O
                         net (fo=1, routed)           0.000     6.964    sha/reg_if_inst/sha_inst/scheduler_inst/w_mem[1][19]_i_57_n_0
    SLICE_X39Y11         MUXF7 (Prop_muxf7_I1_O)      0.217     7.181 r  sha/reg_if_inst/sha_inst/scheduler_inst/w_mem_reg[1][19]_i_36/O
                         net (fo=2, routed)           0.645     7.826    sha/reg_if_inst/sha_inst/scheduler_inst/w_mem_reg[1][19]_i_36_n_0
    SLICE_X39Y10         LUT3 (Prop_lut3_I0_O)        0.295     8.121 r  sha/reg_if_inst/sha_inst/scheduler_inst/w_mem[1][31]_i_40/O
                         net (fo=4, routed)           0.849     8.970    sha/reg_if_inst/sha_inst/scheduler_inst/rotr2_return[29]
    SLICE_X38Y9          LUT6 (Prop_lut6_I5_O)        0.327     9.297 r  sha/reg_if_inst/sha_inst/scheduler_inst/w_mem[1][11]_i_16/O
                         net (fo=3, routed)           0.564     9.861    sha/reg_if_inst/sha_inst/scheduler_inst/sig0_return__0[8]
    SLICE_X37Y9          LUT3 (Prop_lut3_I0_O)        0.124     9.985 r  sha/reg_if_inst/sha_inst/scheduler_inst/w_mem[1][11]_i_22/O
                         net (fo=2, routed)           0.812    10.797    sha/reg_if_inst/sha_inst/scheduler_inst/w_mem[1][11]_i_22_n_0
    SLICE_X38Y9          LUT5 (Prop_lut5_I4_O)        0.150    10.947 r  sha/reg_if_inst/sha_inst/scheduler_inst/w_mem[1][11]_i_5/O
                         net (fo=2, routed)           0.716    11.663    sha/reg_if_inst/sha_inst/scheduler_inst/w_mem[1][11]_i_5_n_0
    SLICE_X36Y9          LUT6 (Prop_lut6_I3_O)        0.348    12.011 r  sha/reg_if_inst/sha_inst/scheduler_inst/w_mem[1][11]_i_9/O
                         net (fo=1, routed)           0.000    12.011    sha/reg_if_inst/sha_inst/scheduler_inst/w_mem[1][11]_i_9_n_0
    SLICE_X36Y9          CARRY4 (Prop_carry4_S[1]_CO[3])
                                                      0.550    12.561 r  sha/reg_if_inst/sha_inst/scheduler_inst/w_mem_reg[1][11]_i_2/CO[3]
                         net (fo=1, routed)           0.000    12.561    sha/reg_if_inst/sha_inst/scheduler_inst/w_mem_reg[1][11]_i_2_n_0
    SLICE_X36Y10         CARRY4 (Prop_carry4_CI_CO[3])
                                                      0.114    12.675 r  sha/reg_if_inst/sha_inst/scheduler_inst/w_mem_reg[1][15]_i_2/CO[3]
                         net (fo=1, routed)           0.000    12.675    sha/reg_if_inst/sha_inst/scheduler_inst/w_mem_reg[1][15]_i_2_n_0
    SLICE_X36Y11         CARRY4 (Prop_carry4_CI_CO[3])
                                                      0.114    12.789 r  sha/reg_if_inst/sha_inst/scheduler_inst/w_mem_reg[1][19]_i_2/CO[3]
                         net (fo=1, routed)           0.000    12.789    sha/reg_if_inst/sha_inst/scheduler_inst/w_mem_reg[1][19]_i_2_n_0
    SLICE_X36Y12         CARRY4 (Prop_carry4_CI_CO[3])
                                                      0.114    12.903 r  sha/reg_if_inst/sha_inst/scheduler_inst/w_mem_reg[1][23]_i_2/CO[3]
                         net (fo=1, routed)           0.000    12.903    sha/reg_if_inst/sha_inst/scheduler_inst/w_mem_reg[1][23]_i_2_n_0
    SLICE_X36Y13         CARRY4 (Prop_carry4_CI_O[3])
                                                      0.313    13.216 r  sha/reg_if_inst/sha_inst/scheduler_inst/w_mem_reg[1][27]_i_2/O[3]
                         net (fo=17, routed)          1.188    14.404    sha/reg_if_inst/sha_inst/scheduler_inst/w_new[27]
    SLICE_X31Y20         LUT3 (Prop_lut3_I2_O)        0.335    14.739 r  sha/reg_if_inst/sha_inst/scheduler_inst/w_mem[5][27]_i_1/O
                         net (fo=1, routed)           0.000    14.739    sha/reg_if_inst/sha_inst/scheduler_inst/w_mem[5][27]_i_1_n_0
    SLICE_X31Y20         FDCE                                         r  sha/reg_if_inst/sha_inst/scheduler_inst/w_mem_reg[5][27]/D
  -------------------------------------------------------------------    -------------------

                         (clock sys_clk rise edge)   10.000    10.000 r  <hidden>
    W5                                                0.000    10.000 r  clk
                         net (fo=0)                   0.000    10.000    clk
    W5                   IBUF (Prop_ibuf_I_O)         1.388    11.388 r  clk_IBUF_inst/O
                         net (fo=1, routed)           1.862    13.250    clk_IBUF
    BUFGCTRL_X0Y0        BUFG (Prop_bufg_I_O)         0.091    13.341 r  clk_IBUF_BUFG_inst/O
                         net (fo=3065, routed)        1.434    14.775    sha/reg_if_inst/sha_inst/scheduler_inst/clk_IBUF_BUFG
    SLICE_X31Y20         FDCE                                         r  sha/reg_if_inst/sha_inst/scheduler_inst/w_mem_reg[5][27]/C
                         clock pessimism              0.188    14.963    <hidden>
                         clock uncertainty           -0.035    14.928    <hidden>
    SLICE_X31Y20         FDCE (Setup_fdce_C_D)        0.075    15.003    sha/reg_if_inst/sha_inst/scheduler_inst/w_mem_reg[5][27]
  -------------------------------------------------------------------
                         required time                         15.003    <hidden>
                         arrival time                         -14.739    <hidden>
  -------------------------------------------------------------------
                         slack                                  0.264    <hidden>





Min Delay Paths
--------------------------------------------------------------------------------------
Slack (MET) :             0.036ns  (arrival time - required time)
  Source:                 sha/reg_if_inst/block_words_reg[10][10]/C
                            (rising edge-triggered cell FDCE clocked by sys_clk  {rise@0.000ns fall@5.000ns period=10.000ns})
  Destination:            sha/reg_if_inst/sha_inst/block_reg_reg[170]/D
                            (rising edge-triggered cell FDCE clocked by sys_clk  {rise@0.000ns fall@5.000ns period=10.000ns})
  Path Group:             sys_clk
  Path Type:              Hold (Min at Fast Process Corner)
  Requirement:            0.000ns  (sys_clk rise@0.000ns - sys_clk rise@0.000ns)
  Data Path Delay:        0.352ns  (logic 0.164ns (46.546%)  route 0.188ns (53.454%))
  Logic Levels:           0  
  Clock Path Skew:        0.263ns (DCD - SCD - CPR)
    Destination Clock Delay (DCD):    1.959ns
    Source Clock Delay      (SCD):    1.447ns
    Clock Pessimism Removal (CPR):    0.249ns

    Location             Delay type                Incr(ns)  Path(ns)    Netlist Resource(s)
  -------------------------------------------------------------------    -------------------
                         (clock sys_clk rise edge)    0.000     0.000 r  <hidden>
    W5                                                0.000     0.000 r  clk
                         net (fo=0)                   0.000     0.000    clk
    W5                   IBUF (Prop_ibuf_I_O)         0.226     0.226 r  clk_IBUF_inst/O
                         net (fo=1, routed)           0.631     0.858    clk_IBUF
    BUFGCTRL_X0Y0        BUFG (Prop_bufg_I_O)         0.026     0.884 r  clk_IBUF_BUFG_inst/O
                         net (fo=3065, routed)        0.564     1.447    sha/reg_if_inst/clk_IBUF_BUFG
    SLICE_X42Y0          FDCE                                         r  sha/reg_if_inst/block_words_reg[10][10]/C
  -------------------------------------------------------------------    -------------------
    SLICE_X42Y0          FDCE (Prop_fdce_C_Q)         0.164     1.611 r  sha/reg_if_inst/block_words_reg[10][10]/Q
                         net (fo=2, routed)           0.188     1.799    sha/reg_if_inst/sha_inst/block[170]
    SLICE_X34Y0          FDCE                                         r  sha/reg_if_inst/sha_inst/block_reg_reg[170]/D
  -------------------------------------------------------------------    -------------------

                         (clock sys_clk rise edge)    0.000     0.000 r  <hidden>
    W5                                                0.000     0.000 r  clk
                         net (fo=0)                   0.000     0.000    clk
    W5                   IBUF (Prop_ibuf_I_O)         0.414     0.414 r  clk_IBUF_inst/O
                         net (fo=1, routed)           0.685     1.099    clk_IBUF
    BUFGCTRL_X0Y0        BUFG (Prop_bufg_I_O)         0.029     1.128 r  clk_IBUF_BUFG_inst/O
                         net (fo=3065, routed)        0.832     1.959    sha/reg_if_inst/sha_inst/clk_IBUF_BUFG
    SLICE_X34Y0          FDCE                                         r  sha/reg_if_inst/sha_inst/block_reg_reg[170]/C
                         clock pessimism             -0.249     1.710    <hidden>
    SLICE_X34Y0          FDCE (Hold_fdce_C_D)         0.053     1.763    sha/reg_if_inst/sha_inst/block_reg_reg[170]
  -------------------------------------------------------------------
                         required time                         -1.763    <hidden>
                         arrival time                           1.799    <hidden>
  -------------------------------------------------------------------
                         slack                                  0.036    <hidden>

Slack (MET) :             0.042ns  (arrival time - required time)
  Source:                 sha/reg_if_inst/block_words_reg[0][18]/C
                            (rising edge-triggered cell FDCE clocked by sys_clk  {rise@0.000ns fall@5.000ns period=10.000ns})
  Destination:            sha/reg_if_inst/sha_inst/block_reg_reg[498]/D
                            (rising edge-triggered cell FDCE clocked by sys_clk  {rise@0.000ns fall@5.000ns period=10.000ns})
  Path Group:             sys_clk
  Path Type:              Hold (Min at Fast Process Corner)
  Requirement:            0.000ns  (sys_clk rise@0.000ns - sys_clk rise@0.000ns)
  Data Path Delay:        0.375ns  (logic 0.164ns (43.712%)  route 0.211ns (56.288%))
  Logic Levels:           0  
  Clock Path Skew:        0.261ns (DCD - SCD - CPR)
    Destination Clock Delay (DCD):    1.951ns
    Source Clock Delay      (SCD):    1.441ns
    Clock Pessimism Removal (CPR):    0.249ns

    Location             Delay type                Incr(ns)  Path(ns)    Netlist Resource(s)
  -------------------------------------------------------------------    -------------------
                         (clock sys_clk rise edge)    0.000     0.000 r  <hidden>
    W5                                                0.000     0.000 r  clk
                         net (fo=0)                   0.000     0.000    clk
    W5                   IBUF (Prop_ibuf_I_O)         0.226     0.226 r  clk_IBUF_inst/O
                         net (fo=1, routed)           0.631     0.858    clk_IBUF
    BUFGCTRL_X0Y0        BUFG (Prop_bufg_I_O)         0.026     0.884 r  clk_IBUF_BUFG_inst/O
                         net (fo=3065, routed)        0.558     1.441    sha/reg_if_inst/clk_IBUF_BUFG
    SLICE_X38Y16         FDCE                                         r  sha/reg_if_inst/block_words_reg[0][18]/C
  -------------------------------------------------------------------    -------------------
    SLICE_X38Y16         FDCE (Prop_fdce_C_Q)         0.164     1.605 r  sha/reg_if_inst/block_words_reg[0][18]/Q
                         net (fo=2, routed)           0.211     1.816    sha/reg_if_inst/sha_inst/block[498]
    SLICE_X35Y16         FDCE                                         r  sha/reg_if_inst/sha_inst/block_reg_reg[498]/D
  -------------------------------------------------------------------    -------------------

                         (clock sys_clk rise edge)    0.000     0.000 r  <hidden>
    W5                                                0.000     0.000 r  clk
                         net (fo=0)                   0.000     0.000    clk
    W5                   IBUF (Prop_ibuf_I_O)         0.414     0.414 r  clk_IBUF_inst/O
                         net (fo=1, routed)           0.685     1.099    clk_IBUF
    BUFGCTRL_X0Y0        BUFG (Prop_bufg_I_O)         0.029     1.128 r  clk_IBUF_BUFG_inst/O
                         net (fo=3065, routed)        0.824     1.951    sha/reg_if_inst/sha_inst/clk_IBUF_BUFG
    SLICE_X35Y16         FDCE                                         r  sha/reg_if_inst/sha_inst/block_reg_reg[498]/C
                         clock pessimism             -0.249     1.702    <hidden>
    SLICE_X35Y16         FDCE (Hold_fdce_C_D)         0.072     1.774    sha/reg_if_inst/sha_inst/block_reg_reg[498]
  -------------------------------------------------------------------
                         required time                         -1.774    <hidden>
                         arrival time                           1.816    <hidden>
  -------------------------------------------------------------------
                         slack                                  0.042    <hidden>

Slack (MET) :             0.047ns  (arrival time - required time)
  Source:                 sha/reg_if_inst/block_words_reg[5][16]/C
                            (rising edge-triggered cell FDCE clocked by sys_clk  {rise@0.000ns fall@5.000ns period=10.000ns})
  Destination:            sha/reg_if_inst/sha_inst/block_reg_reg[336]/D
                            (rising edge-triggered cell FDCE clocked by sys_clk  {rise@0.000ns fall@5.000ns period=10.000ns})
  Path Group:             sys_clk
  Path Type:              Hold (Min at Fast Process Corner)
  Requirement:            0.000ns  (sys_clk rise@0.000ns - sys_clk rise@0.000ns)
  Data Path Delay:        0.382ns  (logic 0.141ns (36.958%)  route 0.241ns (63.042%))
  Logic Levels:           0  
  Clock Path Skew:        0.264ns (DCD - SCD - CPR)
    Destination Clock Delay (DCD):    1.952ns
    Source Clock Delay      (SCD):    1.439ns
    Clock Pessimism Removal (CPR):    0.249ns

    Location             Delay type                Incr(ns)  Path(ns)    Netlist Resource(s)
  -------------------------------------------------------------------    -------------------
                         (clock sys_clk rise edge)    0.000     0.000 r  <hidden>
    W5                                                0.000     0.000 r  clk
                         net (fo=0)                   0.000     0.000    clk
    W5                   IBUF (Prop_ibuf_I_O)         0.226     0.226 r  clk_IBUF_inst/O
                         net (fo=1, routed)           0.631     0.858    clk_IBUF
    BUFGCTRL_X0Y0        BUFG (Prop_bufg_I_O)         0.026     0.884 r  clk_IBUF_BUFG_inst/O
                         net (fo=3065, routed)        0.556     1.439    sha/reg_if_inst/clk_IBUF_BUFG
    SLICE_X36Y18         FDCE                                         r  sha/reg_if_inst/block_words_reg[5][16]/C
  -------------------------------------------------------------------    -------------------
    SLICE_X36Y18         FDCE (Prop_fdce_C_Q)         0.141     1.580 r  sha/reg_if_inst/block_words_reg[5][16]/Q
                         net (fo=2, routed)           0.241     1.821    sha/reg_if_inst/sha_inst/block[336]
    SLICE_X33Y16         FDCE                                         r  sha/reg_if_inst/sha_inst/block_reg_reg[336]/D
  -------------------------------------------------------------------    -------------------

                         (clock sys_clk rise edge)    0.000     0.000 r  <hidden>
    W5                                                0.000     0.000 r  clk
                         net (fo=0)                   0.000     0.000    clk
    W5                   IBUF (Prop_ibuf_I_O)         0.414     0.414 r  clk_IBUF_inst/O
                         net (fo=1, routed)           0.685     1.099    clk_IBUF
    BUFGCTRL_X0Y0        BUFG (Prop_bufg_I_O)         0.029     1.128 r  clk_IBUF_BUFG_inst/O
                         net (fo=3065, routed)        0.825     1.952    sha/reg_if_inst/sha_inst/clk_IBUF_BUFG
    SLICE_X33Y16         FDCE                                         r  sha/reg_if_inst/sha_inst/block_reg_reg[336]/C
                         clock pessimism             -0.249     1.703    <hidden>
    SLICE_X33Y16         FDCE (Hold_fdce_C_D)         0.071     1.774    sha/reg_if_inst/sha_inst/block_reg_reg[336]
  -------------------------------------------------------------------
                         required time                         -1.774    <hidden>
                         arrival time                           1.821    <hidden>
  -------------------------------------------------------------------
                         slack                                  0.047    <hidden>

Slack (MET) :             0.062ns  (arrival time - required time)
  Source:                 sha/reg_if_inst/block_words_reg[1][8]/C
                            (rising edge-triggered cell FDCE clocked by sys_clk  {rise@0.000ns fall@5.000ns period=10.000ns})
  Destination:            sha/reg_if_inst/sha_inst/block_reg_reg[456]/D
                            (rising edge-triggered cell FDCE clocked by sys_clk  {rise@0.000ns fall@5.000ns period=10.000ns})
  Path Group:             sys_clk
  Path Type:              Hold (Min at Fast Process Corner)
  Requirement:            0.000ns  (sys_clk rise@0.000ns - sys_clk rise@0.000ns)
  Data Path Delay:        0.398ns  (logic 0.141ns (35.389%)  route 0.257ns (64.611%))
  Logic Levels:           0  
  Clock Path Skew:        0.264ns (DCD - SCD - CPR)
    Destination Clock Delay (DCD):    1.960ns
    Source Clock Delay      (SCD):    1.447ns
    Clock Pessimism Removal (CPR):    0.249ns

    Location             Delay type                Incr(ns)  Path(ns)    Netlist Resource(s)
  -------------------------------------------------------------------    -------------------
                         (clock sys_clk rise edge)    0.000     0.000 r  <hidden>
    W5                                                0.000     0.000 r  clk
                         net (fo=0)                   0.000     0.000    clk
    W5                   IBUF (Prop_ibuf_I_O)         0.226     0.226 r  clk_IBUF_inst/O
                         net (fo=1, routed)           0.631     0.858    clk_IBUF
    BUFGCTRL_X0Y0        BUFG (Prop_bufg_I_O)         0.026     0.884 r  clk_IBUF_BUFG_inst/O
                         net (fo=3065, routed)        0.564     1.447    sha/reg_if_inst/clk_IBUF_BUFG
    SLICE_X36Y0          FDCE                                         r  sha/reg_if_inst/block_words_reg[1][8]/C
  -------------------------------------------------------------------    -------------------
    SLICE_X36Y0          FDCE (Prop_fdce_C_Q)         0.141     1.588 r  sha/reg_if_inst/block_words_reg[1][8]/Q
                         net (fo=2, routed)           0.257     1.846    sha/reg_if_inst/sha_inst/block[456]
    SLICE_X33Y1          FDCE                                         r  sha/reg_if_inst/sha_inst/block_reg_reg[456]/D
  -------------------------------------------------------------------    -------------------

                         (clock sys_clk rise edge)    0.000     0.000 r  <hidden>
    W5                                                0.000     0.000 r  clk
                         net (fo=0)                   0.000     0.000    clk
    W5                   IBUF (Prop_ibuf_I_O)         0.414     0.414 r  clk_IBUF_inst/O
                         net (fo=1, routed)           0.685     1.099    clk_IBUF
    BUFGCTRL_X0Y0        BUFG (Prop_bufg_I_O)         0.029     1.128 r  clk_IBUF_BUFG_inst/O
                         net (fo=3065, routed)        0.833     1.960    sha/reg_if_inst/sha_inst/clk_IBUF_BUFG
    SLICE_X33Y1          FDCE                                         r  sha/reg_if_inst/sha_inst/block_reg_reg[456]/C
                         clock pessimism             -0.249     1.711    <hidden>
    SLICE_X33Y1          FDCE (Hold_fdce_C_D)         0.072     1.783    sha/reg_if_inst/sha_inst/block_reg_reg[456]
  -------------------------------------------------------------------
                         required time                         -1.783    <hidden>
                         arrival time                           1.846    <hidden>
  -------------------------------------------------------------------
                         slack                                  0.062    <hidden>

Slack (MET) :             0.063ns  (arrival time - required time)
  Source:                 decoder/wdata_reg_reg[19]/C
                            (rising edge-triggered cell FDCE clocked by sys_clk  {rise@0.000ns fall@5.000ns period=10.000ns})
  Destination:            sha/wdata_reg_reg[19]/D
                            (rising edge-triggered cell FDCE clocked by sys_clk  {rise@0.000ns fall@5.000ns period=10.000ns})
  Path Group:             sys_clk
  Path Type:              Hold (Min at Fast Process Corner)
  Requirement:            0.000ns  (sys_clk rise@0.000ns - sys_clk rise@0.000ns)
  Data Path Delay:        0.388ns  (logic 0.141ns (36.387%)  route 0.247ns (63.613%))
  Logic Levels:           0  
  Clock Path Skew:        0.262ns (DCD - SCD - CPR)
    Destination Clock Delay (DCD):    1.951ns
    Source Clock Delay      (SCD):    1.440ns
    Clock Pessimism Removal (CPR):    0.249ns

    Location             Delay type                Incr(ns)  Path(ns)    Netlist Resource(s)
  -------------------------------------------------------------------    -------------------
                         (clock sys_clk rise edge)    0.000     0.000 r  <hidden>
    W5                                                0.000     0.000 r  clk
                         net (fo=0)                   0.000     0.000    clk
    W5                   IBUF (Prop_ibuf_I_O)         0.226     0.226 r  clk_IBUF_inst/O
                         net (fo=1, routed)           0.631     0.858    clk_IBUF
    BUFGCTRL_X0Y0        BUFG (Prop_bufg_I_O)         0.026     0.884 r  clk_IBUF_BUFG_inst/O
                         net (fo=3065, routed)        0.557     1.440    decoder/clk_IBUF_BUFG
    SLICE_X43Y17         FDCE                                         r  decoder/wdata_reg_reg[19]/C
  -------------------------------------------------------------------    -------------------
    SLICE_X43Y17         FDCE (Prop_fdce_C_Q)         0.141     1.581 r  decoder/wdata_reg_reg[19]/Q
                         net (fo=2, routed)           0.247     1.828    sha/wdata_reg_reg[31]_0[19]
    SLICE_X34Y16         FDCE                                         r  sha/wdata_reg_reg[19]/D
  -------------------------------------------------------------------    -------------------

                         (clock sys_clk rise edge)    0.000     0.000 r  <hidden>
    W5                                                0.000     0.000 r  clk
                         net (fo=0)                   0.000     0.000    clk
    W5                   IBUF (Prop_ibuf_I_O)         0.414     0.414 r  clk_IBUF_inst/O
                         net (fo=1, routed)           0.685     1.099    clk_IBUF
    BUFGCTRL_X0Y0        BUFG (Prop_bufg_I_O)         0.029     1.128 r  clk_IBUF_BUFG_inst/O
                         net (fo=3065, routed)        0.824     1.951    sha/clk_IBUF_BUFG
    SLICE_X34Y16         FDCE                                         r  sha/wdata_reg_reg[19]/C
                         clock pessimism             -0.249     1.702    <hidden>
    SLICE_X34Y16         FDCE (Hold_fdce_C_D)         0.063     1.765    sha/wdata_reg_reg[19]
  -------------------------------------------------------------------
                         required time                         -1.765    <hidden>
                         arrival time                           1.828    <hidden>
  -------------------------------------------------------------------
                         slack                                  0.063    <hidden>

Slack (MET) :             0.067ns  (arrival time - required time)
  Source:                 sha/wdata_reg_reg[3]/C
                            (rising edge-triggered cell FDCE clocked by sys_clk  {rise@0.000ns fall@5.000ns period=10.000ns})
  Destination:            sha/reg_if_inst/block_words_reg[15][3]/D
                            (rising edge-triggered cell FDCE clocked by sys_clk  {rise@0.000ns fall@5.000ns period=10.000ns})
  Path Group:             sys_clk
  Path Type:              Hold (Min at Fast Process Corner)
  Requirement:            0.000ns  (sys_clk rise@0.000ns - sys_clk rise@0.000ns)
  Data Path Delay:        0.382ns  (logic 0.164ns (42.971%)  route 0.218ns (57.029%))
  Logic Levels:           0  
  Clock Path Skew:        0.268ns (DCD - SCD - CPR)
    Destination Clock Delay (DCD):    1.959ns
    Source Clock Delay      (SCD):    1.442ns
    Clock Pessimism Removal (CPR):    0.249ns

    Location             Delay type                Incr(ns)  Path(ns)    Netlist Resource(s)
  -------------------------------------------------------------------    -------------------
                         (clock sys_clk rise edge)    0.000     0.000 r  <hidden>
    W5                                                0.000     0.000 r  clk
                         net (fo=0)                   0.000     0.000    clk
    W5                   IBUF (Prop_ibuf_I_O)         0.226     0.226 r  clk_IBUF_inst/O
                         net (fo=1, routed)           0.631     0.858    clk_IBUF
    BUFGCTRL_X0Y0        BUFG (Prop_bufg_I_O)         0.026     0.884 r  clk_IBUF_BUFG_inst/O
                         net (fo=3065, routed)        0.559     1.442    sha/clk_IBUF_BUFG
    SLICE_X34Y12         FDCE                                         r  sha/wdata_reg_reg[3]/C
  -------------------------------------------------------------------    -------------------
    SLICE_X34Y12         FDCE (Prop_fdce_C_Q)         0.164     1.606 r  sha/wdata_reg_reg[3]/Q
                         net (fo=16, routed)          0.218     1.824    sha/reg_if_inst/block_words_reg[1][31]_0[3]
    SLICE_X36Y6          FDCE                                         r  sha/reg_if_inst/block_words_reg[15][3]/D
  -------------------------------------------------------------------    -------------------

                         (clock sys_clk rise edge)    0.000     0.000 r  <hidden>
    W5                                                0.000     0.000 r  clk
                         net (fo=0)                   0.000     0.000    clk
    W5                   IBUF (Prop_ibuf_I_O)         0.414     0.414 r  clk_IBUF_inst/O
                         net (fo=1, routed)           0.685     1.099    clk_IBUF
    BUFGCTRL_X0Y0        BUFG (Prop_bufg_I_O)         0.029     1.128 r  clk_IBUF_BUFG_inst/O
                         net (fo=3065, routed)        0.832     1.959    sha/reg_if_inst/clk_IBUF_BUFG
    SLICE_X36Y6          FDCE                                         r  sha/reg_if_inst/block_words_reg[15][3]/C
                         clock pessimism             -0.249     1.710    <hidden>
    SLICE_X36Y6          FDCE (Hold_fdce_C_D)         0.047     1.757    sha/reg_if_inst/block_words_reg[15][3]
  -------------------------------------------------------------------
                         required time                         -1.757    <hidden>
                         arrival time                           1.824    <hidden>
  -------------------------------------------------------------------
                         slack                                  0.067    <hidden>

Slack (MET) :             0.071ns  (arrival time - required time)
  Source:                 sha/reg_if_inst/block_words_reg[6][18]/C
                            (rising edge-triggered cell FDCE clocked by sys_clk  {rise@0.000ns fall@5.000ns period=10.000ns})
  Destination:            sha/reg_if_inst/sha_inst/block_reg_reg[306]/D
                            (rising edge-triggered cell FDCE clocked by sys_clk  {rise@0.000ns fall@5.000ns period=10.000ns})
  Path Group:             sys_clk
  Path Type:              Hold (Min at Fast Process Corner)
  Requirement:            0.000ns  (sys_clk rise@0.000ns - sys_clk rise@0.000ns)
  Data Path Delay:        0.384ns  (logic 0.141ns (36.696%)  route 0.243ns (63.304%))
  Logic Levels:           0  
  Clock Path Skew:        0.266ns (DCD - SCD - CPR)
    Destination Clock Delay (DCD):    1.951ns
    Source Clock Delay      (SCD):    1.436ns
    Clock Pessimism Removal (CPR):    0.249ns

    Location             Delay type                Incr(ns)  Path(ns)    Netlist Resource(s)
  -------------------------------------------------------------------    -------------------
                         (clock sys_clk rise edge)    0.000     0.000 r  <hidden>
    W5                                                0.000     0.000 r  clk
                         net (fo=0)                   0.000     0.000    clk
    W5                   IBUF (Prop_ibuf_I_O)         0.226     0.226 r  clk_IBUF_inst/O
                         net (fo=1, routed)           0.631     0.858    clk_IBUF
    BUFGCTRL_X0Y0        BUFG (Prop_bufg_I_O)         0.026     0.884 r  clk_IBUF_BUFG_inst/O
                         net (fo=3065, routed)        0.553     1.436    sha/reg_if_inst/clk_IBUF_BUFG
    SLICE_X40Y22         FDCE                                         r  sha/reg_if_inst/block_words_reg[6][18]/C
  -------------------------------------------------------------------    -------------------
    SLICE_X40Y22         FDCE (Prop_fdce_C_Q)         0.141     1.577 r  sha/reg_if_inst/block_words_reg[6][18]/Q
                         net (fo=2, routed)           0.243     1.820    sha/reg_if_inst/sha_inst/block[306]
    SLICE_X35Y16         FDCE                                         r  sha/reg_if_inst/sha_inst/block_reg_reg[306]/D
  -------------------------------------------------------------------    -------------------

                         (clock sys_clk rise edge)    0.000     0.000 r  <hidden>
    W5                                                0.000     0.000 r  clk
                         net (fo=0)                   0.000     0.000    clk
    W5                   IBUF (Prop_ibuf_I_O)         0.414     0.414 r  clk_IBUF_inst/O
                         net (fo=1, routed)           0.685     1.099    clk_IBUF
    BUFGCTRL_X0Y0        BUFG (Prop_bufg_I_O)         0.029     1.128 r  clk_IBUF_BUFG_inst/O
                         net (fo=3065, routed)        0.824     1.951    sha/reg_if_inst/sha_inst/clk_IBUF_BUFG
    SLICE_X35Y16         FDCE                                         r  sha/reg_if_inst/sha_inst/block_reg_reg[306]/C
                         clock pessimism             -0.249     1.702    <hidden>
    SLICE_X35Y16         FDCE (Hold_fdce_C_D)         0.047     1.749    sha/reg_if_inst/sha_inst/block_reg_reg[306]
  -------------------------------------------------------------------
                         required time                         -1.749    <hidden>
                         arrival time                           1.820    <hidden>
  -------------------------------------------------------------------
                         slack                                  0.071    <hidden>

Slack (MET) :             0.083ns  (arrival time - required time)
  Source:                 cpu/picorv32_core/latched_rd_reg[4]/C
                            (rising edge-triggered cell FDRE clocked by sys_clk  {rise@0.000ns fall@5.000ns period=10.000ns})
  Destination:            cpu/picorv32_core/cpuregs_reg_r1_0_31_6_11/RAMA/WADR4
                            (rising edge-triggered cell RAMD32 clocked by sys_clk  {rise@0.000ns fall@5.000ns period=10.000ns})
  Path Group:             sys_clk
  Path Type:              Hold (Min at Fast Process Corner)
  Requirement:            0.000ns  (sys_clk rise@0.000ns - sys_clk rise@0.000ns)
  Data Path Delay:        0.297ns  (logic 0.164ns (55.129%)  route 0.133ns (44.871%))
  Logic Levels:           0  
  Clock Path Skew:        0.014ns (DCD - SCD - CPR)
    Destination Clock Delay (DCD):    1.956ns
    Source Clock Delay      (SCD):    1.443ns
    Clock Pessimism Removal (CPR):    0.499ns

    Location             Delay type                Incr(ns)  Path(ns)    Netlist Resource(s)
  -------------------------------------------------------------------    -------------------
                         (clock sys_clk rise edge)    0.000     0.000 r  <hidden>
    W5                                                0.000     0.000 r  clk
                         net (fo=0)                   0.000     0.000    clk
    W5                   IBUF (Prop_ibuf_I_O)         0.226     0.226 r  clk_IBUF_inst/O
                         net (fo=1, routed)           0.631     0.858    clk_IBUF
    BUFGCTRL_X0Y0        BUFG (Prop_bufg_I_O)         0.026     0.884 r  clk_IBUF_BUFG_inst/O
                         net (fo=3065, routed)        0.560     1.443    cpu/picorv32_core/clk_IBUF_BUFG
    SLICE_X50Y17         FDRE                                         r  cpu/picorv32_core/latched_rd_reg[4]/C
  -------------------------------------------------------------------    -------------------
    SLICE_X50Y17         FDRE (Prop_fdre_C_Q)         0.164     1.607 r  cpu/picorv32_core/latched_rd_reg[4]/Q
                         net (fo=93, routed)          0.133     1.741    cpu/picorv32_core/cpuregs_reg_r1_0_31_6_11/ADDRD4
    SLICE_X52Y17         RAMD32                                       r  cpu/picorv32_core/cpuregs_reg_r1_0_31_6_11/RAMA/WADR4
  -------------------------------------------------------------------    -------------------

                         (clock sys_clk rise edge)    0.000     0.000 r  <hidden>
    W5                                                0.000     0.000 r  clk
                         net (fo=0)                   0.000     0.000    clk
    W5                   IBUF (Prop_ibuf_I_O)         0.414     0.414 r  clk_IBUF_inst/O
                         net (fo=1, routed)           0.685     1.099    clk_IBUF
    BUFGCTRL_X0Y0        BUFG (Prop_bufg_I_O)         0.029     1.128 r  clk_IBUF_BUFG_inst/O
                         net (fo=3065, routed)        0.829     1.956    cpu/picorv32_core/cpuregs_reg_r1_0_31_6_11/WCLK
    SLICE_X52Y17         RAMD32                                       r  cpu/picorv32_core/cpuregs_reg_r1_0_31_6_11/RAMA/CLK
                         clock pessimism             -0.499     1.457    <hidden>
    SLICE_X52Y17         RAMD32 (Hold_ramd32_CLK_WADR4)
                                                      0.200     1.657    cpu/picorv32_core/cpuregs_reg_r1_0_31_6_11/RAMA
  -------------------------------------------------------------------
                         required time                         -1.657    <hidden>
                         arrival time                           1.741    <hidden>
  -------------------------------------------------------------------
                         slack                                  0.083    <hidden>

Slack (MET) :             0.083ns  (arrival time - required time)
  Source:                 cpu/picorv32_core/latched_rd_reg[4]/C
                            (rising edge-triggered cell FDRE clocked by sys_clk  {rise@0.000ns fall@5.000ns period=10.000ns})
  Destination:            cpu/picorv32_core/cpuregs_reg_r1_0_31_6_11/RAMA_D1/WADR4
                            (rising edge-triggered cell RAMD32 clocked by sys_clk  {rise@0.000ns fall@5.000ns period=10.000ns})
  Path Group:             sys_clk
  Path Type:              Hold (Min at Fast Process Corner)
  Requirement:            0.000ns  (sys_clk rise@0.000ns - sys_clk rise@0.000ns)
  Data Path Delay:        0.297ns  (logic 0.164ns (55.129%)  route 0.133ns (44.871%))
  Logic Levels:           0  
  Clock Path Skew:        0.014ns (DCD - SCD - CPR)
    Destination Clock Delay (DCD):    1.956ns
    Source Clock Delay      (SCD):    1.443ns
    Clock Pessimism Removal (CPR):    0.499ns

    Location             Delay type                Incr(ns)  Path(ns)    Netlist Resource(s)
  -------------------------------------------------------------------    -------------------
                         (clock sys_clk rise edge)    0.000     0.000 r  <hidden>
    W5                                                0.000     0.000 r  clk
                         net (fo=0)                   0.000     0.000    clk
    W5                   IBUF (Prop_ibuf_I_O)         0.226     0.226 r  clk_IBUF_inst/O
                         net (fo=1, routed)           0.631     0.858    clk_IBUF
    BUFGCTRL_X0Y0        BUFG (Prop_bufg_I_O)         0.026     0.884 r  clk_IBUF_BUFG_inst/O
                         net (fo=3065, routed)        0.560     1.443    cpu/picorv32_core/clk_IBUF_BUFG
    SLICE_X50Y17         FDRE                                         r  cpu/picorv32_core/latched_rd_reg[4]/C
  -------------------------------------------------------------------    -------------------
    SLICE_X50Y17         FDRE (Prop_fdre_C_Q)         0.164     1.607 r  cpu/picorv32_core/latched_rd_reg[4]/Q
                         net (fo=93, routed)          0.133     1.741    cpu/picorv32_core/cpuregs_reg_r1_0_31_6_11/ADDRD4
    SLICE_X52Y17         RAMD32                                       r  cpu/picorv32_core/cpuregs_reg_r1_0_31_6_11/RAMA_D1/WADR4
  -------------------------------------------------------------------    -------------------

                         (clock sys_clk rise edge)    0.000     0.000 r  <hidden>
    W5                                                0.000     0.000 r  clk
                         net (fo=0)                   0.000     0.000    clk
    W5                   IBUF (Prop_ibuf_I_O)         0.414     0.414 r  clk_IBUF_inst/O
                         net (fo=1, routed)           0.685     1.099    clk_IBUF
    BUFGCTRL_X0Y0        BUFG (Prop_bufg_I_O)         0.029     1.128 r  clk_IBUF_BUFG_inst/O
                         net (fo=3065, routed)        0.829     1.956    cpu/picorv32_core/cpuregs_reg_r1_0_31_6_11/WCLK
    SLICE_X52Y17         RAMD32                                       r  cpu/picorv32_core/cpuregs_reg_r1_0_31_6_11/RAMA_D1/CLK
                         clock pessimism             -0.499     1.457    <hidden>
    SLICE_X52Y17         RAMD32 (Hold_ramd32_CLK_WADR4)
                                                      0.200     1.657    cpu/picorv32_core/cpuregs_reg_r1_0_31_6_11/RAMA_D1
  -------------------------------------------------------------------
                         required time                         -1.657    <hidden>
                         arrival time                           1.741    <hidden>
  -------------------------------------------------------------------
                         slack                                  0.083    <hidden>

Slack (MET) :             0.083ns  (arrival time - required time)
  Source:                 cpu/picorv32_core/latched_rd_reg[4]/C
                            (rising edge-triggered cell FDRE clocked by sys_clk  {rise@0.000ns fall@5.000ns period=10.000ns})
  Destination:            cpu/picorv32_core/cpuregs_reg_r1_0_31_6_11/RAMB/WADR4
                            (rising edge-triggered cell RAMD32 clocked by sys_clk  {rise@0.000ns fall@5.000ns period=10.000ns})
  Path Group:             sys_clk
  Path Type:              Hold (Min at Fast Process Corner)
  Requirement:            0.000ns  (sys_clk rise@0.000ns - sys_clk rise@0.000ns)
  Data Path Delay:        0.297ns  (logic 0.164ns (55.129%)  route 0.133ns (44.871%))
  Logic Levels:           0  
  Clock Path Skew:        0.014ns (DCD - SCD - CPR)
    Destination Clock Delay (DCD):    1.956ns
    Source Clock Delay      (SCD):    1.443ns
    Clock Pessimism Removal (CPR):    0.499ns

    Location             Delay type                Incr(ns)  Path(ns)    Netlist Resource(s)
  -------------------------------------------------------------------    -------------------
                         (clock sys_clk rise edge)    0.000     0.000 r  <hidden>
    W5                                                0.000     0.000 r  clk
                         net (fo=0)                   0.000     0.000    clk
    W5                   IBUF (Prop_ibuf_I_O)         0.226     0.226 r  clk_IBUF_inst/O
                         net (fo=1, routed)           0.631     0.858    clk_IBUF
    BUFGCTRL_X0Y0        BUFG (Prop_bufg_I_O)         0.026     0.884 r  clk_IBUF_BUFG_inst/O
                         net (fo=3065, routed)        0.560     1.443    cpu/picorv32_core/clk_IBUF_BUFG
    SLICE_X50Y17         FDRE                                         r  cpu/picorv32_core/latched_rd_reg[4]/C
  -------------------------------------------------------------------    -------------------
    SLICE_X50Y17         FDRE (Prop_fdre_C_Q)         0.164     1.607 r  cpu/picorv32_core/latched_rd_reg[4]/Q
                         net (fo=93, routed)          0.133     1.741    cpu/picorv32_core/cpuregs_reg_r1_0_31_6_11/ADDRD4
    SLICE_X52Y17         RAMD32                                       r  cpu/picorv32_core/cpuregs_reg_r1_0_31_6_11/RAMB/WADR4
  -------------------------------------------------------------------    -------------------

                         (clock sys_clk rise edge)    0.000     0.000 r  <hidden>
    W5                                                0.000     0.000 r  clk
                         net (fo=0)                   0.000     0.000    clk
    W5                   IBUF (Prop_ibuf_I_O)         0.414     0.414 r  clk_IBUF_inst/O
                         net (fo=1, routed)           0.685     1.099    clk_IBUF
    BUFGCTRL_X0Y0        BUFG (Prop_bufg_I_O)         0.029     1.128 r  clk_IBUF_BUFG_inst/O
                         net (fo=3065, routed)        0.829     1.956    cpu/picorv32_core/cpuregs_reg_r1_0_31_6_11/WCLK
    SLICE_X52Y17         RAMD32                                       r  cpu/picorv32_core/cpuregs_reg_r1_0_31_6_11/RAMB/CLK
                         clock pessimism             -0.499     1.457    <hidden>
    SLICE_X52Y17         RAMD32 (Hold_ramd32_CLK_WADR4)
                                                      0.200     1.657    cpu/picorv32_core/cpuregs_reg_r1_0_31_6_11/RAMB
  -------------------------------------------------------------------
                         required time                         -1.657    <hidden>
                         arrival time                           1.741    <hidden>
  -------------------------------------------------------------------
                         slack                                  0.083    <hidden>

Slack (MET) :             0.083ns  (arrival time - required time)
  Source:                 cpu/picorv32_core/latched_rd_reg[4]/C
                            (rising edge-triggered cell FDRE clocked by sys_clk  {rise@0.000ns fall@5.000ns period=10.000ns})
  Destination:            cpu/picorv32_core/cpuregs_reg_r1_0_31_6_11/RAMB_D1/WADR4
                            (rising edge-triggered cell RAMD32 clocked by sys_clk  {rise@0.000ns fall@5.000ns period=10.000ns})
  Path Group:             sys_clk
  Path Type:              Hold (Min at Fast Process Corner)
  Requirement:            0.000ns  (sys_clk rise@0.000ns - sys_clk rise@0.000ns)
  Data Path Delay:        0.297ns  (logic 0.164ns (55.129%)  route 0.133ns (44.871%))
  Logic Levels:           0  
  Clock Path Skew:        0.014ns (DCD - SCD - CPR)
    Destination Clock Delay (DCD):    1.956ns
    Source Clock Delay      (SCD):    1.443ns
    Clock Pessimism Removal (CPR):    0.499ns

    Location             Delay type                Incr(ns)  Path(ns)    Netlist Resource(s)
  -------------------------------------------------------------------    -------------------
                         (clock sys_clk rise edge)    0.000     0.000 r  <hidden>
    W5                                                0.000     0.000 r  clk
                         net (fo=0)                   0.000     0.000    clk
    W5                   IBUF (Prop_ibuf_I_O)         0.226     0.226 r  clk_IBUF_inst/O
                         net (fo=1, routed)           0.631     0.858    clk_IBUF
    BUFGCTRL_X0Y0        BUFG (Prop_bufg_I_O)         0.026     0.884 r  clk_IBUF_BUFG_inst/O
                         net (fo=3065, routed)        0.560     1.443    cpu/picorv32_core/clk_IBUF_BUFG
    SLICE_X50Y17         FDRE                                         r  cpu/picorv32_core/latched_rd_reg[4]/C
  -------------------------------------------------------------------    -------------------
    SLICE_X50Y17         FDRE (Prop_fdre_C_Q)         0.164     1.607 r  cpu/picorv32_core/latched_rd_reg[4]/Q
                         net (fo=93, routed)          0.133     1.741    cpu/picorv32_core/cpuregs_reg_r1_0_31_6_11/ADDRD4
    SLICE_X52Y17         RAMD32                                       r  cpu/picorv32_core/cpuregs_reg_r1_0_31_6_11/RAMB_D1/WADR4
  -------------------------------------------------------------------    -------------------

                         (clock sys_clk rise edge)    0.000     0.000 r  <hidden>
    W5                                                0.000     0.000 r  clk
                         net (fo=0)                   0.000     0.000    clk
    W5                   IBUF (Prop_ibuf_I_O)         0.414     0.414 r  clk_IBUF_inst/O
                         net (fo=1, routed)           0.685     1.099    clk_IBUF
    BUFGCTRL_X0Y0        BUFG (Prop_bufg_I_O)         0.029     1.128 r  clk_IBUF_BUFG_inst/O
                         net (fo=3065, routed)        0.829     1.956    cpu/picorv32_core/cpuregs_reg_r1_0_31_6_11/WCLK
    SLICE_X52Y17         RAMD32                                       r  cpu/picorv32_core/cpuregs_reg_r1_0_31_6_11/RAMB_D1/CLK
                         clock pessimism             -0.499     1.457    <hidden>
    SLICE_X52Y17         RAMD32 (Hold_ramd32_CLK_WADR4)
                                                      0.200     1.657    cpu/picorv32_core/cpuregs_reg_r1_0_31_6_11/RAMB_D1
  -------------------------------------------------------------------
                         required time                         -1.657    <hidden>
                         arrival time                           1.741    <hidden>
  -------------------------------------------------------------------
                         slack                                  0.083    <hidden>

Slack (MET) :             0.083ns  (arrival time - required time)
  Source:                 cpu/picorv32_core/latched_rd_reg[4]/C
                            (rising edge-triggered cell FDRE clocked by sys_clk  {rise@0.000ns fall@5.000ns period=10.000ns})
  Destination:            cpu/picorv32_core/cpuregs_reg_r1_0_31_6_11/RAMC/WADR4
                            (rising edge-triggered cell RAMD32 clocked by sys_clk  {rise@0.000ns fall@5.000ns period=10.000ns})
  Path Group:             sys_clk
  Path Type:              Hold (Min at Fast Process Corner)
  Requirement:            0.000ns  (sys_clk rise@0.000ns - sys_clk rise@0.000ns)
  Data Path Delay:        0.297ns  (logic 0.164ns (55.129%)  route 0.133ns (44.871%))
  Logic Levels:           0  
  Clock Path Skew:        0.014ns (DCD - SCD - CPR)
    Destination Clock Delay (DCD):    1.956ns
    Source Clock Delay      (SCD):    1.443ns
    Clock Pessimism Removal (CPR):    0.499ns

    Location             Delay type                Incr(ns)  Path(ns)    Netlist Resource(s)
  -------------------------------------------------------------------    -------------------
                         (clock sys_clk rise edge)    0.000     0.000 r  <hidden>
    W5                                                0.000     0.000 r  clk
                         net (fo=0)                   0.000     0.000    clk
    W5                   IBUF (Prop_ibuf_I_O)         0.226     0.226 r  clk_IBUF_inst/O
                         net (fo=1, routed)           0.631     0.858    clk_IBUF
    BUFGCTRL_X0Y0        BUFG (Prop_bufg_I_O)         0.026     0.884 r  clk_IBUF_BUFG_inst/O
                         net (fo=3065, routed)        0.560     1.443    cpu/picorv32_core/clk_IBUF_BUFG
    SLICE_X50Y17         FDRE                                         r  cpu/picorv32_core/latched_rd_reg[4]/C
  -------------------------------------------------------------------    -------------------
    SLICE_X50Y17         FDRE (Prop_fdre_C_Q)         0.164     1.607 r  cpu/picorv32_core/latched_rd_reg[4]/Q
                         net (fo=93, routed)          0.133     1.741    cpu/picorv32_core/cpuregs_reg_r1_0_31_6_11/ADDRD4
    SLICE_X52Y17         RAMD32                                       r  cpu/picorv32_core/cpuregs_reg_r1_0_31_6_11/RAMC/WADR4
  -------------------------------------------------------------------    -------------------

                         (clock sys_clk rise edge)    0.000     0.000 r  <hidden>
    W5                                                0.000     0.000 r  clk
                         net (fo=0)                   0.000     0.000    clk
    W5                   IBUF (Prop_ibuf_I_O)         0.414     0.414 r  clk_IBUF_inst/O
                         net (fo=1, routed)           0.685     1.099    clk_IBUF
    BUFGCTRL_X0Y0        BUFG (Prop_bufg_I_O)         0.029     1.128 r  clk_IBUF_BUFG_inst/O
                         net (fo=3065, routed)        0.829     1.956    cpu/picorv32_core/cpuregs_reg_r1_0_31_6_11/WCLK
    SLICE_X52Y17         RAMD32                                       r  cpu/picorv32_core/cpuregs_reg_r1_0_31_6_11/RAMC/CLK
                         clock pessimism             -0.499     1.457    <hidden>
    SLICE_X52Y17         RAMD32 (Hold_ramd32_CLK_WADR4)
                                                      0.200     1.657    cpu/picorv32_core/cpuregs_reg_r1_0_31_6_11/RAMC
  -------------------------------------------------------------------
                         required time                         -1.657    <hidden>
                         arrival time                           1.741    <hidden>
  -------------------------------------------------------------------
                         slack                                  0.083    <hidden>

Slack (MET) :             0.083ns  (arrival time - required time)
  Source:                 cpu/picorv32_core/latched_rd_reg[4]/C
                            (rising edge-triggered cell FDRE clocked by sys_clk  {rise@0.000ns fall@5.000ns period=10.000ns})
  Destination:            cpu/picorv32_core/cpuregs_reg_r1_0_31_6_11/RAMC_D1/WADR4
                            (rising edge-triggered cell RAMD32 clocked by sys_clk  {rise@0.000ns fall@5.000ns period=10.000ns})
  Path Group:             sys_clk
  Path Type:              Hold (Min at Fast Process Corner)
  Requirement:            0.000ns  (sys_clk rise@0.000ns - sys_clk rise@0.000ns)
  Data Path Delay:        0.297ns  (logic 0.164ns (55.129%)  route 0.133ns (44.871%))
  Logic Levels:           0  
  Clock Path Skew:        0.014ns (DCD - SCD - CPR)
    Destination Clock Delay (DCD):    1.956ns
    Source Clock Delay      (SCD):    1.443ns
    Clock Pessimism Removal (CPR):    0.499ns

    Location             Delay type                Incr(ns)  Path(ns)    Netlist Resource(s)
  -------------------------------------------------------------------    -------------------
                         (clock sys_clk rise edge)    0.000     0.000 r  <hidden>
    W5                                                0.000     0.000 r  clk
                         net (fo=0)                   0.000     0.000    clk
    W5                   IBUF (Prop_ibuf_I_O)         0.226     0.226 r  clk_IBUF_inst/O
                         net (fo=1, routed)           0.631     0.858    clk_IBUF
    BUFGCTRL_X0Y0        BUFG (Prop_bufg_I_O)         0.026     0.884 r  clk_IBUF_BUFG_inst/O
                         net (fo=3065, routed)        0.560     1.443    cpu/picorv32_core/clk_IBUF_BUFG
    SLICE_X50Y17         FDRE                                         r  cpu/picorv32_core/latched_rd_reg[4]/C
  -------------------------------------------------------------------    -------------------
    SLICE_X50Y17         FDRE (Prop_fdre_C_Q)         0.164     1.607 r  cpu/picorv32_core/latched_rd_reg[4]/Q
                         net (fo=93, routed)          0.133     1.741    cpu/picorv32_core/cpuregs_reg_r1_0_31_6_11/ADDRD4
    SLICE_X52Y17         RAMD32                                       r  cpu/picorv32_core/cpuregs_reg_r1_0_31_6_11/RAMC_D1/WADR4
  -------------------------------------------------------------------    -------------------

                         (clock sys_clk rise edge)    0.000     0.000 r  <hidden>
    W5                                                0.000     0.000 r  clk
                         net (fo=0)                   0.000     0.000    clk
    W5                   IBUF (Prop_ibuf_I_O)         0.414     0.414 r  clk_IBUF_inst/O
                         net (fo=1, routed)           0.685     1.099    clk_IBUF
    BUFGCTRL_X0Y0        BUFG (Prop_bufg_I_O)         0.029     1.128 r  clk_IBUF_BUFG_inst/O
                         net (fo=3065, routed)        0.829     1.956    cpu/picorv32_core/cpuregs_reg_r1_0_31_6_11/WCLK
    SLICE_X52Y17         RAMD32                                       r  cpu/picorv32_core/cpuregs_reg_r1_0_31_6_11/RAMC_D1/CLK
                         clock pessimism             -0.499     1.457    <hidden>
    SLICE_X52Y17         RAMD32 (Hold_ramd32_CLK_WADR4)
                                                      0.200     1.657    cpu/picorv32_core/cpuregs_reg_r1_0_31_6_11/RAMC_D1
  -------------------------------------------------------------------
                         required time                         -1.657    <hidden>
                         arrival time                           1.741    <hidden>
  -------------------------------------------------------------------
                         slack                                  0.083    <hidden>

Slack (MET) :             0.083ns  (arrival time - required time)
  Source:                 cpu/picorv32_core/latched_rd_reg[4]/C
                            (rising edge-triggered cell FDRE clocked by sys_clk  {rise@0.000ns fall@5.000ns period=10.000ns})
  Destination:            cpu/picorv32_core/cpuregs_reg_r1_0_31_6_11/RAMD/ADR4
                            (rising edge-triggered cell RAMS32 clocked by sys_clk  {rise@0.000ns fall@5.000ns period=10.000ns})
  Path Group:             sys_clk
  Path Type:              Hold (Min at Fast Process Corner)
  Requirement:            0.000ns  (sys_clk rise@0.000ns - sys_clk rise@0.000ns)
  Data Path Delay:        0.297ns  (logic 0.164ns (55.129%)  route 0.133ns (44.871%))
  Logic Levels:           0  
  Clock Path Skew:        0.014ns (DCD - SCD - CPR)
    Destination Clock Delay (DCD):    1.956ns
    Source Clock Delay      (SCD):    1.443ns
    Clock Pessimism Removal (CPR):    0.499ns

    Location             Delay type                Incr(ns)  Path(ns)    Netlist Resource(s)
  -------------------------------------------------------------------    -------------------
                         (clock sys_clk rise edge)    0.000     0.000 r  <hidden>
    W5                                                0.000     0.000 r  clk
                         net (fo=0)                   0.000     0.000    clk
    W5                   IBUF (Prop_ibuf_I_O)         0.226     0.226 r  clk_IBUF_inst/O
                         net (fo=1, routed)           0.631     0.858    clk_IBUF
    BUFGCTRL_X0Y0        BUFG (Prop_bufg_I_O)         0.026     0.884 r  clk_IBUF_BUFG_inst/O
                         net (fo=3065, routed)        0.560     1.443    cpu/picorv32_core/clk_IBUF_BUFG
    SLICE_X50Y17         FDRE                                         r  cpu/picorv32_core/latched_rd_reg[4]/C
  -------------------------------------------------------------------    -------------------
    SLICE_X50Y17         FDRE (Prop_fdre_C_Q)         0.164     1.607 r  cpu/picorv32_core/latched_rd_reg[4]/Q
                         net (fo=93, routed)          0.133     1.741    cpu/picorv32_core/cpuregs_reg_r1_0_31_6_11/ADDRD4
    SLICE_X52Y17         RAMS32                                       r  cpu/picorv32_core/cpuregs_reg_r1_0_31_6_11/RAMD/ADR4
  -------------------------------------------------------------------    -------------------

                         (clock sys_clk rise edge)    0.000     0.000 r  <hidden>
    W5                                                0.000     0.000 r  clk
                         net (fo=0)                   0.000     0.000    clk
    W5                   IBUF (Prop_ibuf_I_O)         0.414     0.414 r  clk_IBUF_inst/O
                         net (fo=1, routed)           0.685     1.099    clk_IBUF
    BUFGCTRL_X0Y0        BUFG (Prop_bufg_I_O)         0.029     1.128 r  clk_IBUF_BUFG_inst/O
                         net (fo=3065, routed)        0.829     1.956    cpu/picorv32_core/cpuregs_reg_r1_0_31_6_11/WCLK
    SLICE_X52Y17         RAMS32                                       r  cpu/picorv32_core/cpuregs_reg_r1_0_31_6_11/RAMD/CLK
                         clock pessimism             -0.499     1.457    <hidden>
    SLICE_X52Y17         RAMS32 (Hold_rams32_CLK_ADR4)
                                                      0.200     1.657    cpu/picorv32_core/cpuregs_reg_r1_0_31_6_11/RAMD
  -------------------------------------------------------------------
                         required time                         -1.657    <hidden>
                         arrival time                           1.741    <hidden>
  -------------------------------------------------------------------
                         slack                                  0.083    <hidden>

Slack (MET) :             0.083ns  (arrival time - required time)
  Source:                 cpu/picorv32_core/latched_rd_reg[4]/C
                            (rising edge-triggered cell FDRE clocked by sys_clk  {rise@0.000ns fall@5.000ns period=10.000ns})
  Destination:            cpu/picorv32_core/cpuregs_reg_r1_0_31_6_11/RAMD_D1/ADR4
                            (rising edge-triggered cell RAMS32 clocked by sys_clk  {rise@0.000ns fall@5.000ns period=10.000ns})
  Path Group:             sys_clk
  Path Type:              Hold (Min at Fast Process Corner)
  Requirement:            0.000ns  (sys_clk rise@0.000ns - sys_clk rise@0.000ns)
  Data Path Delay:        0.297ns  (logic 0.164ns (55.129%)  route 0.133ns (44.871%))
  Logic Levels:           0  
  Clock Path Skew:        0.014ns (DCD - SCD - CPR)
    Destination Clock Delay (DCD):    1.956ns
    Source Clock Delay      (SCD):    1.443ns
    Clock Pessimism Removal (CPR):    0.499ns

    Location             Delay type                Incr(ns)  Path(ns)    Netlist Resource(s)
  -------------------------------------------------------------------    -------------------
                         (clock sys_clk rise edge)    0.000     0.000 r  <hidden>
    W5                                                0.000     0.000 r  clk
                         net (fo=0)                   0.000     0.000    clk
    W5                   IBUF (Prop_ibuf_I_O)         0.226     0.226 r  clk_IBUF_inst/O
                         net (fo=1, routed)           0.631     0.858    clk_IBUF
    BUFGCTRL_X0Y0        BUFG (Prop_bufg_I_O)         0.026     0.884 r  clk_IBUF_BUFG_inst/O
                         net (fo=3065, routed)        0.560     1.443    cpu/picorv32_core/clk_IBUF_BUFG
    SLICE_X50Y17         FDRE                                         r  cpu/picorv32_core/latched_rd_reg[4]/C
  -------------------------------------------------------------------    -------------------
    SLICE_X50Y17         FDRE (Prop_fdre_C_Q)         0.164     1.607 r  cpu/picorv32_core/latched_rd_reg[4]/Q
                         net (fo=93, routed)          0.133     1.741    cpu/picorv32_core/cpuregs_reg_r1_0_31_6_11/ADDRD4
    SLICE_X52Y17         RAMS32                                       r  cpu/picorv32_core/cpuregs_reg_r1_0_31_6_11/RAMD_D1/ADR4
  -------------------------------------------------------------------    -------------------

                         (clock sys_clk rise edge)    0.000     0.000 r  <hidden>
    W5                                                0.000     0.000 r  clk
                         net (fo=0)                   0.000     0.000    clk
    W5                   IBUF (Prop_ibuf_I_O)         0.414     0.414 r  clk_IBUF_inst/O
                         net (fo=1, routed)           0.685     1.099    clk_IBUF
    BUFGCTRL_X0Y0        BUFG (Prop_bufg_I_O)         0.029     1.128 r  clk_IBUF_BUFG_inst/O
                         net (fo=3065, routed)        0.829     1.956    cpu/picorv32_core/cpuregs_reg_r1_0_31_6_11/WCLK
    SLICE_X52Y17         RAMS32                                       r  cpu/picorv32_core/cpuregs_reg_r1_0_31_6_11/RAMD_D1/CLK
                         clock pessimism             -0.499     1.457    <hidden>
    SLICE_X52Y17         RAMS32 (Hold_rams32_CLK_ADR4)
                                                      0.200     1.657    cpu/picorv32_core/cpuregs_reg_r1_0_31_6_11/RAMD_D1
  -------------------------------------------------------------------
                         required time                         -1.657    <hidden>
                         arrival time                           1.741    <hidden>
  -------------------------------------------------------------------
                         slack                                  0.083    <hidden>

Slack (MET) :             0.085ns  (arrival time - required time)
  Source:                 sha/reg_if_inst/block_words_reg[15][31]/C
                            (rising edge-triggered cell FDCE clocked by sys_clk  {rise@0.000ns fall@5.000ns period=10.000ns})
  Destination:            sha/reg_if_inst/sha_inst/block_reg_reg[31]/D
                            (rising edge-triggered cell FDCE clocked by sys_clk  {rise@0.000ns fall@5.000ns period=10.000ns})
  Path Group:             sys_clk
  Path Type:              Hold (Min at Fast Process Corner)
  Requirement:            0.000ns  (sys_clk rise@0.000ns - sys_clk rise@0.000ns)
  Data Path Delay:        0.420ns  (logic 0.141ns (33.579%)  route 0.279ns (66.421%))
  Logic Levels:           0  
  Clock Path Skew:        0.263ns (DCD - SCD - CPR)
    Destination Clock Delay (DCD):    1.952ns
    Source Clock Delay      (SCD):    1.440ns
    Clock Pessimism Removal (CPR):    0.249ns

    Location             Delay type                Incr(ns)  Path(ns)    Netlist Resource(s)
  -------------------------------------------------------------------    -------------------
                         (clock sys_clk rise edge)    0.000     0.000 r  <hidden>
    W5                                                0.000     0.000 r  clk
                         net (fo=0)                   0.000     0.000    clk
    W5                   IBUF (Prop_ibuf_I_O)         0.226     0.226 r  clk_IBUF_inst/O
                         net (fo=1, routed)           0.631     0.858    clk_IBUF
    BUFGCTRL_X0Y0        BUFG (Prop_bufg_I_O)         0.026     0.884 r  clk_IBUF_BUFG_inst/O
                         net (fo=3065, routed)        0.557     1.440    sha/reg_if_inst/clk_IBUF_BUFG
    SLICE_X37Y17         FDCE                                         r  sha/reg_if_inst/block_words_reg[15][31]/C
  -------------------------------------------------------------------    -------------------
    SLICE_X37Y17         FDCE (Prop_fdce_C_Q)         0.141     1.581 r  sha/reg_if_inst/block_words_reg[15][31]/Q
                         net (fo=2, routed)           0.279     1.860    sha/reg_if_inst/sha_inst/block[31]
    SLICE_X32Y16         FDCE                                         r  sha/reg_if_inst/sha_inst/block_reg_reg[31]/D
  -------------------------------------------------------------------    -------------------

                         (clock sys_clk rise edge)    0.000     0.000 r  <hidden>
    W5                                                0.000     0.000 r  clk
                         net (fo=0)                   0.000     0.000    clk
    W5                   IBUF (Prop_ibuf_I_O)         0.414     0.414 r  clk_IBUF_inst/O
                         net (fo=1, routed)           0.685     1.099    clk_IBUF
    BUFGCTRL_X0Y0        BUFG (Prop_bufg_I_O)         0.029     1.128 r  clk_IBUF_BUFG_inst/O
                         net (fo=3065, routed)        0.825     1.952    sha/reg_if_inst/sha_inst/clk_IBUF_BUFG
    SLICE_X32Y16         FDCE                                         r  sha/reg_if_inst/sha_inst/block_reg_reg[31]/C
                         clock pessimism             -0.249     1.703    <hidden>
    SLICE_X32Y16         FDCE (Hold_fdce_C_D)         0.072     1.775    sha/reg_if_inst/sha_inst/block_reg_reg[31]
  -------------------------------------------------------------------
                         required time                         -1.775    <hidden>
                         arrival time                           1.860    <hidden>
  -------------------------------------------------------------------
                         slack                                  0.085    <hidden>

Slack (MET) :             0.093ns  (arrival time - required time)
  Source:                 ram/awaddr_reg_reg[9]/C
                            (rising edge-triggered cell FDCE clocked by sys_clk  {rise@0.000ns fall@5.000ns period=10.000ns})
  Destination:            ram/memory_reg_2_2/ADDRARDADDR[8]
                            (rising edge-triggered cell RAMB36E1 clocked by sys_clk  {rise@0.000ns fall@5.000ns period=10.000ns})
  Path Group:             sys_clk
  Path Type:              Hold (Min at Fast Process Corner)
  Requirement:            0.000ns  (sys_clk rise@0.000ns - sys_clk rise@0.000ns)
  Data Path Delay:        0.333ns  (logic 0.164ns (49.200%)  route 0.169ns (50.800%))
  Logic Levels:           0  
  Clock Path Skew:        0.057ns (DCD - SCD - CPR)
    Destination Clock Delay (DCD):    2.006ns
    Source Clock Delay      (SCD):    1.451ns
    Clock Pessimism Removal (CPR):    0.497ns

    Location             Delay type                Incr(ns)  Path(ns)    Netlist Resource(s)
  -------------------------------------------------------------------    -------------------
                         (clock sys_clk rise edge)    0.000     0.000 r  <hidden>
    W5                                                0.000     0.000 r  clk
                         net (fo=0)                   0.000     0.000    clk
    W5                   IBUF (Prop_ibuf_I_O)         0.226     0.226 r  clk_IBUF_inst/O
                         net (fo=1, routed)           0.631     0.858    clk_IBUF
    BUFGCTRL_X0Y0        BUFG (Prop_bufg_I_O)         0.026     0.884 r  clk_IBUF_BUFG_inst/O
                         net (fo=3065, routed)        0.568     1.451    ram/clk_IBUF_BUFG
    SLICE_X56Y5          FDCE                                         r  ram/awaddr_reg_reg[9]/C
  -------------------------------------------------------------------    -------------------
    SLICE_X56Y5          FDCE (Prop_fdce_C_Q)         0.164     1.615 r  ram/awaddr_reg_reg[9]/Q
                         net (fo=16, routed)          0.169     1.784    ram/write_word_addr[7]
    RAMB36_X2Y1          RAMB36E1                                     r  ram/memory_reg_2_2/ADDRARDADDR[8]
  -------------------------------------------------------------------    -------------------

                         (clock sys_clk rise edge)    0.000     0.000 r  <hidden>
    W5                                                0.000     0.000 r  clk
                         net (fo=0)                   0.000     0.000    clk
    W5                   IBUF (Prop_ibuf_I_O)         0.414     0.414 r  clk_IBUF_inst/O
                         net (fo=1, routed)           0.685     1.099    clk_IBUF
    BUFGCTRL_X0Y0        BUFG (Prop_bufg_I_O)         0.029     1.128 r  clk_IBUF_BUFG_inst/O
                         net (fo=3065, routed)        0.878     2.006    ram/clk_IBUF_BUFG
    RAMB36_X2Y1          RAMB36E1                                     r  ram/memory_reg_2_2/CLKARDCLK
                         clock pessimism             -0.497     1.509    <hidden>
    RAMB36_X2Y1          RAMB36E1 (Hold_ramb36e1_CLKARDCLK_ADDRARDADDR[8])
                                                      0.183     1.692    ram/memory_reg_2_2
  -------------------------------------------------------------------
                         required time                         -1.692    <hidden>
                         arrival time                           1.784    <hidden>
  -------------------------------------------------------------------
                         slack                                  0.093    <hidden>

Slack (MET) :             0.093ns  (arrival time - required time)
  Source:                 sha/reg_if_inst/sha_inst/block_reg_reg[38]/C
                            (rising edge-triggered cell FDCE clocked by sys_clk  {rise@0.000ns fall@5.000ns period=10.000ns})
  Destination:            sha/reg_if_inst/sha_inst/scheduler_inst/w_mem_reg[14][6]/D
                            (rising edge-triggered cell FDCE clocked by sys_clk  {rise@0.000ns fall@5.000ns period=10.000ns})
  Path Group:             sys_clk
  Path Type:              Hold (Min at Fast Process Corner)
  Requirement:            0.000ns  (sys_clk rise@0.000ns - sys_clk rise@0.000ns)
  Data Path Delay:        0.465ns  (logic 0.183ns (39.321%)  route 0.282ns (60.679%))
  Logic Levels:           1  (LUT3=1)
  Clock Path Skew:        0.265ns (DCD - SCD - CPR)
    Destination Clock Delay (DCD):    1.957ns
    Source Clock Delay      (SCD):    1.443ns
    Clock Pessimism Removal (CPR):    0.249ns

    Location             Delay type                Incr(ns)  Path(ns)    Netlist Resource(s)
  -------------------------------------------------------------------    -------------------
                         (clock sys_clk rise edge)    0.000     0.000 r  <hidden>
    W5                                                0.000     0.000 r  clk
                         net (fo=0)                   0.000     0.000    clk
    W5                   IBUF (Prop_ibuf_I_O)         0.226     0.226 r  clk_IBUF_inst/O
                         net (fo=1, routed)           0.631     0.858    clk_IBUF
    BUFGCTRL_X0Y0        BUFG (Prop_bufg_I_O)         0.026     0.884 r  clk_IBUF_BUFG_inst/O
                         net (fo=3065, routed)        0.560     1.443    sha/reg_if_inst/sha_inst/clk_IBUF_BUFG
    SLICE_X37Y12         FDCE                                         r  sha/reg_if_inst/sha_inst/block_reg_reg[38]/C
  -------------------------------------------------------------------    -------------------
    SLICE_X37Y12         FDCE (Prop_fdce_C_Q)         0.141     1.584 r  sha/reg_if_inst/sha_inst/block_reg_reg[38]/Q
                         net (fo=1, routed)           0.282     1.867    sha/reg_if_inst/sha_inst/scheduler_inst/w_mem_reg[0][31]_0[38]
    SLICE_X33Y11         LUT3 (Prop_lut3_I0_O)        0.042     1.909 r  sha/reg_if_inst/sha_inst/scheduler_inst/w_mem[14][6]_i_1/O
                         net (fo=1, routed)           0.000     1.909    sha/reg_if_inst/sha_inst/scheduler_inst/w_mem[14][6]_i_1_n_0
    SLICE_X33Y11         FDCE                                         r  sha/reg_if_inst/sha_inst/scheduler_inst/w_mem_reg[14][6]/D
  -------------------------------------------------------------------    -------------------

                         (clock sys_clk rise edge)    0.000     0.000 r  <hidden>
    W5                                                0.000     0.000 r  clk
                         net (fo=0)                   0.000     0.000    clk
    W5                   IBUF (Prop_ibuf_I_O)         0.414     0.414 r  clk_IBUF_inst/O
                         net (fo=1, routed)           0.685     1.099    clk_IBUF
    BUFGCTRL_X0Y0        BUFG (Prop_bufg_I_O)         0.029     1.128 r  clk_IBUF_BUFG_inst/O
                         net (fo=3065, routed)        0.830     1.957    sha/reg_if_inst/sha_inst/scheduler_inst/clk_IBUF_BUFG
    SLICE_X33Y11         FDCE                                         r  sha/reg_if_inst/sha_inst/scheduler_inst/w_mem_reg[14][6]/C
                         clock pessimism             -0.249     1.708    <hidden>
    SLICE_X33Y11         FDCE (Hold_fdce_C_D)         0.107     1.815    sha/reg_if_inst/sha_inst/scheduler_inst/w_mem_reg[14][6]
  -------------------------------------------------------------------
                         required time                         -1.815    <hidden>
                         arrival time                           1.909    <hidden>
  -------------------------------------------------------------------
                         slack                                  0.093    <hidden>

Slack (MET) :             0.095ns  (arrival time - required time)
  Source:                 sha/reg_if_inst/block_words_reg[8][8]/C
                            (rising edge-triggered cell FDCE clocked by sys_clk  {rise@0.000ns fall@5.000ns period=10.000ns})
  Destination:            sha/reg_if_inst/sha_inst/block_reg_reg[232]/D
                            (rising edge-triggered cell FDCE clocked by sys_clk  {rise@0.000ns fall@5.000ns period=10.000ns})
  Path Group:             sys_clk
  Path Type:              Hold (Min at Fast Process Corner)
  Requirement:            0.000ns  (sys_clk rise@0.000ns - sys_clk rise@0.000ns)
  Data Path Delay:        0.367ns  (logic 0.128ns (34.906%)  route 0.239ns (65.094%))
  Logic Levels:           0  
  Clock Path Skew:        0.263ns (DCD - SCD - CPR)
    Destination Clock Delay (DCD):    1.958ns
    Source Clock Delay      (SCD):    1.446ns
    Clock Pessimism Removal (CPR):    0.249ns

    Location             Delay type                Incr(ns)  Path(ns)    Netlist Resource(s)
  -------------------------------------------------------------------    -------------------
                         (clock sys_clk rise edge)    0.000     0.000 r  <hidden>
    W5                                                0.000     0.000 r  clk
                         net (fo=0)                   0.000     0.000    clk
    W5                   IBUF (Prop_ibuf_I_O)         0.226     0.226 r  clk_IBUF_inst/O
                         net (fo=1, routed)           0.631     0.858    clk_IBUF
    BUFGCTRL_X0Y0        BUFG (Prop_bufg_I_O)         0.026     0.884 r  clk_IBUF_BUFG_inst/O
                         net (fo=3065, routed)        0.563     1.446    sha/reg_if_inst/clk_IBUF_BUFG
    SLICE_X40Y4          FDCE                                         r  sha/reg_if_inst/block_words_reg[8][8]/C
  -------------------------------------------------------------------    -------------------
    SLICE_X40Y4          FDCE (Prop_fdce_C_Q)         0.128     1.574 r  sha/reg_if_inst/block_words_reg[8][8]/Q
                         net (fo=2, routed)           0.239     1.813    sha/reg_if_inst/sha_inst/block[232]
    SLICE_X34Y3          FDCE                                         r  sha/reg_if_inst/sha_inst/block_reg_reg[232]/D
  -------------------------------------------------------------------    -------------------

                         (clock sys_clk rise edge)    0.000     0.000 r  <hidden>
    W5                                                0.000     0.000 r  clk
                         net (fo=0)                   0.000     0.000    clk
    W5                   IBUF (Prop_ibuf_I_O)         0.414     0.414 r  clk_IBUF_inst/O
                         net (fo=1, routed)           0.685     1.099    clk_IBUF
    BUFGCTRL_X0Y0        BUFG (Prop_bufg_I_O)         0.029     1.128 r  clk_IBUF_BUFG_inst/O
                         net (fo=3065, routed)        0.831     1.958    sha/reg_if_inst/sha_inst/clk_IBUF_BUFG
    SLICE_X34Y3          FDCE                                         r  sha/reg_if_inst/sha_inst/block_reg_reg[232]/C
                         clock pessimism             -0.249     1.709    <hidden>
    SLICE_X34Y3          FDCE (Hold_fdce_C_D)         0.009     1.718    sha/reg_if_inst/sha_inst/block_reg_reg[232]
  -------------------------------------------------------------------
                         required time                         -1.718    <hidden>
                         arrival time                           1.813    <hidden>
  -------------------------------------------------------------------
                         slack                                  0.095    <hidden>

Slack (MET) :             0.100ns  (arrival time - required time)
  Source:                 sha/reg_if_inst/block_words_reg[4][18]/C
                            (rising edge-triggered cell FDCE clocked by sys_clk  {rise@0.000ns fall@5.000ns period=10.000ns})
  Destination:            sha/reg_if_inst/sha_inst/block_reg_reg[370]/D
                            (rising edge-triggered cell FDCE clocked by sys_clk  {rise@0.000ns fall@5.000ns period=10.000ns})
  Path Group:             sys_clk
  Path Type:              Hold (Min at Fast Process Corner)
  Requirement:            0.000ns  (sys_clk rise@0.000ns - sys_clk rise@0.000ns)
  Data Path Delay:        0.411ns  (logic 0.141ns (34.291%)  route 0.270ns (65.709%))
  Logic Levels:           0  
  Clock Path Skew:        0.264ns (DCD - SCD - CPR)
    Destination Clock Delay (DCD):    1.951ns
    Source Clock Delay      (SCD):    1.438ns
    Clock Pessimism Removal (CPR):    0.249ns

    Location             Delay type                Incr(ns)  Path(ns)    Netlist Resource(s)
  -------------------------------------------------------------------    -------------------
                         (clock sys_clk rise edge)    0.000     0.000 r  <hidden>
    W5                                                0.000     0.000 r  clk
                         net (fo=0)                   0.000     0.000    clk
    W5                   IBUF (Prop_ibuf_I_O)         0.226     0.226 r  clk_IBUF_inst/O
                         net (fo=1, routed)           0.631     0.858    clk_IBUF
    BUFGCTRL_X0Y0        BUFG (Prop_bufg_I_O)         0.026     0.884 r  clk_IBUF_BUFG_inst/O
                         net (fo=3065, routed)        0.555     1.438    sha/reg_if_inst/clk_IBUF_BUFG
    SLICE_X36Y19         FDCE                                         r  sha/reg_if_inst/block_words_reg[4][18]/C
  -------------------------------------------------------------------    -------------------
    SLICE_X36Y19         FDCE (Prop_fdce_C_Q)         0.141     1.579 r  sha/reg_if_inst/block_words_reg[4][18]/Q
                         net (fo=2, routed)           0.270     1.849    sha/reg_if_inst/sha_inst/block[370]
    SLICE_X35Y16         FDCE                                         r  sha/reg_if_inst/sha_inst/block_reg_reg[370]/D
  -------------------------------------------------------------------    -------------------

                         (clock sys_clk rise edge)    0.000     0.000 r  <hidden>
    W5                                                0.000     0.000 r  clk
                         net (fo=0)                   0.000     0.000    clk
    W5                   IBUF (Prop_ibuf_I_O)         0.414     0.414 r  clk_IBUF_inst/O
                         net (fo=1, routed)           0.685     1.099    clk_IBUF
    BUFGCTRL_X0Y0        BUFG (Prop_bufg_I_O)         0.029     1.128 r  clk_IBUF_BUFG_inst/O
                         net (fo=3065, routed)        0.824     1.951    sha/reg_if_inst/sha_inst/clk_IBUF_BUFG
    SLICE_X35Y16         FDCE                                         r  sha/reg_if_inst/sha_inst/block_reg_reg[370]/C
                         clock pessimism             -0.249     1.702    <hidden>
    SLICE_X35Y16         FDCE (Hold_fdce_C_D)         0.047     1.749    sha/reg_if_inst/sha_inst/block_reg_reg[370]
  -------------------------------------------------------------------
                         required time                         -1.749    <hidden>
                         arrival time                           1.849    <hidden>
  -------------------------------------------------------------------
                         slack                                  0.100    <hidden>





Pulse Width Checks
--------------------------------------------------------------------------------------
Clock Name:         sys_clk
Waveform(ns):       { 0.000 5.000 }
Period(ns):         10.000
Sources:            { clk }

Check Type        Corner  Lib Pin             Reference Pin  Required(ns)  Actual(ns)  Slack(ns)  Location      Pin
Min Period        n/a     RAMB36E1/CLKARDCLK  n/a            2.944         10.000      7.056      RAMB36_X1Y6   ram/memory_reg_0_0/CLKARDCLK
Min Period        n/a     RAMB36E1/CLKARDCLK  n/a            2.944         10.000      7.056      RAMB36_X0Y3   ram/memory_reg_0_1/CLKARDCLK
Min Period        n/a     RAMB36E1/CLKARDCLK  n/a            2.944         10.000      7.056      RAMB36_X0Y2   ram/memory_reg_0_2/CLKARDCLK
Min Period        n/a     RAMB36E1/CLKARDCLK  n/a            2.944         10.000      7.056      RAMB36_X1Y3   ram/memory_reg_0_3/CLKARDCLK
Min Period        n/a     RAMB36E1/CLKARDCLK  n/a            2.944         10.000      7.056      RAMB36_X1Y0   ram/memory_reg_1_0/CLKARDCLK
Min Period        n/a     RAMB36E1/CLKARDCLK  n/a            2.944         10.000      7.056      RAMB36_X1Y1   ram/memory_reg_1_1/CLKARDCLK
Min Period        n/a     RAMB36E1/CLKARDCLK  n/a            2.944         10.000      7.056      RAMB36_X1Y2   ram/memory_reg_1_2/CLKARDCLK
Min Period        n/a     RAMB36E1/CLKARDCLK  n/a            2.944         10.000      7.056      RAMB36_X2Y3   ram/memory_reg_1_3/CLKARDCLK
Min Period        n/a     RAMB36E1/CLKARDCLK  n/a            2.944         10.000      7.056      RAMB36_X2Y4   ram/memory_reg_2_0/CLKARDCLK
Min Period        n/a     RAMB36E1/CLKARDCLK  n/a            2.944         10.000      7.056      RAMB36_X0Y4   ram/memory_reg_2_1/CLKARDCLK
Min Period        n/a     RAMB36E1/CLKARDCLK  n/a            2.944         10.000      7.056      RAMB36_X2Y1   ram/memory_reg_2_2/CLKARDCLK
Min Period        n/a     RAMB36E1/CLKARDCLK  n/a            2.944         10.000      7.056      RAMB36_X2Y5   ram/memory_reg_2_3/CLKARDCLK
Min Period        n/a     RAMB36E1/CLKARDCLK  n/a            2.944         10.000      7.056      RAMB36_X1Y4   ram/memory_reg_3_0/CLKARDCLK
Min Period        n/a     RAMB36E1/CLKARDCLK  n/a            2.944         10.000      7.056      RAMB36_X0Y5   ram/memory_reg_3_1/CLKARDCLK
Min Period        n/a     RAMB36E1/CLKARDCLK  n/a            2.944         10.000      7.056      RAMB36_X1Y5   ram/memory_reg_3_2/CLKARDCLK
Min Period        n/a     RAMB36E1/CLKARDCLK  n/a            2.944         10.000      7.056      RAMB36_X2Y2   ram/memory_reg_3_3/CLKARDCLK
Min Period        n/a     RAMB36E1/CLKBWRCLK  n/a            2.576         10.000      7.424      RAMB36_X1Y6   ram/memory_reg_0_0/CLKBWRCLK
Min Period        n/a     RAMB36E1/CLKBWRCLK  n/a            2.576         10.000      7.424      RAMB36_X0Y3   ram/memory_reg_0_1/CLKBWRCLK
Min Period        n/a     RAMB36E1/CLKBWRCLK  n/a            2.576         10.000      7.424      RAMB36_X0Y2   ram/memory_reg_0_2/CLKBWRCLK
Min Period        n/a     RAMB36E1/CLKBWRCLK  n/a            2.576         10.000      7.424      RAMB36_X1Y3   ram/memory_reg_0_3/CLKBWRCLK
Low Pulse Width   Slow    RAMD32/CLK          n/a            1.250         5.000       3.750      SLICE_X52Y16  cpu/picorv32_core/cpuregs_reg_r1_0_31_0_5/RAMA/CLK
Low Pulse Width   Fast    RAMD32/CLK          n/a            1.250         5.000       3.750      SLICE_X52Y16  cpu/picorv32_core/cpuregs_reg_r1_0_31_0_5/RAMA/CLK
Low Pulse Width   Slow    RAMD32/CLK          n/a            1.250         5.000       3.750      SLICE_X52Y16  cpu/picorv32_core/cpuregs_reg_r1_0_31_0_5/RAMA_D1/CLK
Low Pulse Width   Fast    RAMD32/CLK          n/a            1.250         5.000       3.750      SLICE_X52Y16  cpu/picorv32_core/cpuregs_reg_r1_0_31_0_5/RAMA_D1/CLK
Low Pulse Width   Slow    RAMD32/CLK          n/a            1.250         5.000       3.750      SLICE_X52Y16  cpu/picorv32_core/cpuregs_reg_r1_0_31_0_5/RAMB/CLK
Low Pulse Width   Fast    RAMD32/CLK          n/a            1.250         5.000       3.750      SLICE_X52Y16  cpu/picorv32_core/cpuregs_reg_r1_0_31_0_5/RAMB/CLK
Low Pulse Width   Slow    RAMD32/CLK          n/a            1.250         5.000       3.750      SLICE_X52Y16  cpu/picorv32_core/cpuregs_reg_r1_0_31_0_5/RAMB_D1/CLK
Low Pulse Width   Fast    RAMD32/CLK          n/a            1.250         5.000       3.750      SLICE_X52Y16  cpu/picorv32_core/cpuregs_reg_r1_0_31_0_5/RAMB_D1/CLK
Low Pulse Width   Slow    RAMD32/CLK          n/a            1.250         5.000       3.750      SLICE_X52Y16  cpu/picorv32_core/cpuregs_reg_r1_0_31_0_5/RAMC/CLK
Low Pulse Width   Fast    RAMD32/CLK          n/a            1.250         5.000       3.750      SLICE_X52Y16  cpu/picorv32_core/cpuregs_reg_r1_0_31_0_5/RAMC/CLK
Low Pulse Width   Slow    RAMD32/CLK          n/a            1.250         5.000       3.750      SLICE_X52Y16  cpu/picorv32_core/cpuregs_reg_r1_0_31_0_5/RAMC_D1/CLK
Low Pulse Width   Fast    RAMD32/CLK          n/a            1.250         5.000       3.750      SLICE_X52Y16  cpu/picorv32_core/cpuregs_reg_r1_0_31_0_5/RAMC_D1/CLK
Low Pulse Width   Slow    RAMS32/CLK          n/a            1.250         5.000       3.750      SLICE_X52Y16  cpu/picorv32_core/cpuregs_reg_r1_0_31_0_5/RAMD/CLK
Low Pulse Width   Fast    RAMS32/CLK          n/a            1.250         5.000       3.750      SLICE_X52Y16  cpu/picorv32_core/cpuregs_reg_r1_0_31_0_5/RAMD/CLK
Low Pulse Width   Slow    RAMS32/CLK          n/a            1.250         5.000       3.750      SLICE_X52Y16  cpu/picorv32_core/cpuregs_reg_r1_0_31_0_5/RAMD_D1/CLK
Low Pulse Width   Fast    RAMS32/CLK          n/a            1.250         5.000       3.750      SLICE_X52Y16  cpu/picorv32_core/cpuregs_reg_r1_0_31_0_5/RAMD_D1/CLK
Low Pulse Width   Slow    RAMD32/CLK          n/a            1.250         5.000       3.750      SLICE_X52Y18  cpu/picorv32_core/cpuregs_reg_r1_0_31_12_17/RAMA/CLK
Low Pulse Width   Fast    RAMD32/CLK          n/a            1.250         5.000       3.750      SLICE_X52Y18  cpu/picorv32_core/cpuregs_reg_r1_0_31_12_17/RAMA/CLK
Low Pulse Width   Slow    RAMD32/CLK          n/a            1.250         5.000       3.750      SLICE_X52Y18  cpu/picorv32_core/cpuregs_reg_r1_0_31_12_17/RAMA_D1/CLK
Low Pulse Width   Fast    RAMD32/CLK          n/a            1.250         5.000       3.750      SLICE_X52Y18  cpu/picorv32_core/cpuregs_reg_r1_0_31_12_17/RAMA_D1/CLK
High Pulse Width  Slow    RAMD32/CLK          n/a            1.250         5.000       3.750      SLICE_X52Y16  cpu/picorv32_core/cpuregs_reg_r1_0_31_0_5/RAMA/CLK
High Pulse Width  Fast    RAMD32/CLK          n/a            1.250         5.000       3.750      SLICE_X52Y16  cpu/picorv32_core/cpuregs_reg_r1_0_31_0_5/RAMA/CLK
High Pulse Width  Slow    RAMD32/CLK          n/a            1.250         5.000       3.750      SLICE_X52Y16  cpu/picorv32_core/cpuregs_reg_r1_0_31_0_5/RAMA_D1/CLK
High Pulse Width  Fast    RAMD32/CLK          n/a            1.250         5.000       3.750      SLICE_X52Y16  cpu/picorv32_core/cpuregs_reg_r1_0_31_0_5/RAMA_D1/CLK
High Pulse Width  Slow    RAMD32/CLK          n/a            1.250         5.000       3.750      SLICE_X52Y16  cpu/picorv32_core/cpuregs_reg_r1_0_31_0_5/RAMB/CLK
High Pulse Width  Fast    RAMD32/CLK          n/a            1.250         5.000       3.750      SLICE_X52Y16  cpu/picorv32_core/cpuregs_reg_r1_0_31_0_5/RAMB/CLK
High Pulse Width  Slow    RAMD32/CLK          n/a            1.250         5.000       3.750      SLICE_X52Y16  cpu/picorv32_core/cpuregs_reg_r1_0_31_0_5/RAMB_D1/CLK
High Pulse Width  Fast    RAMD32/CLK          n/a            1.250         5.000       3.750      SLICE_X52Y16  cpu/picorv32_core/cpuregs_reg_r1_0_31_0_5/RAMB_D1/CLK
High Pulse Width  Slow    RAMD32/CLK          n/a            1.250         5.000       3.750      SLICE_X52Y16  cpu/picorv32_core/cpuregs_reg_r1_0_31_0_5/RAMC/CLK
High Pulse Width  Fast    RAMD32/CLK          n/a            1.250         5.000       3.750      SLICE_X52Y16  cpu/picorv32_core/cpuregs_reg_r1_0_31_0_5/RAMC/CLK
High Pulse Width  Slow    RAMD32/CLK          n/a            1.250         5.000       3.750      SLICE_X52Y16  cpu/picorv32_core/cpuregs_reg_r1_0_31_0_5/RAMC_D1/CLK
High Pulse Width  Fast    RAMD32/CLK          n/a            1.250         5.000       3.750      SLICE_X52Y16  cpu/picorv32_core/cpuregs_reg_r1_0_31_0_5/RAMC_D1/CLK
High Pulse Width  Slow    RAMS32/CLK          n/a            1.250         5.000       3.750      SLICE_X52Y16  cpu/picorv32_core/cpuregs_reg_r1_0_31_0_5/RAMD/CLK
High Pulse Width  Fast    RAMS32/CLK          n/a            1.250         5.000       3.750      SLICE_X52Y16  cpu/picorv32_core/cpuregs_reg_r1_0_31_0_5/RAMD/CLK
High Pulse Width  Slow    RAMS32/CLK          n/a            1.250         5.000       3.750      SLICE_X52Y16  cpu/picorv32_core/cpuregs_reg_r1_0_31_0_5/RAMD_D1/CLK
High Pulse Width  Fast    RAMS32/CLK          n/a            1.250         5.000       3.750      SLICE_X52Y16  cpu/picorv32_core/cpuregs_reg_r1_0_31_0_5/RAMD_D1/CLK
High Pulse Width  Slow    RAMD32/CLK          n/a            1.250         5.000       3.750      SLICE_X52Y18  cpu/picorv32_core/cpuregs_reg_r1_0_31_12_17/RAMA/CLK
High Pulse Width  Fast    RAMD32/CLK          n/a            1.250         5.000       3.750      SLICE_X52Y18  cpu/picorv32_core/cpuregs_reg_r1_0_31_12_17/RAMA/CLK
High Pulse Width  Slow    RAMD32/CLK          n/a            1.250         5.000       3.750      SLICE_X52Y18  cpu/picorv32_core/cpuregs_reg_r1_0_31_12_17/RAMA_D1/CLK
High Pulse Width  Fast    RAMD32/CLK          n/a            1.250         5.000       3.750      SLICE_X52Y18  cpu/picorv32_core/cpuregs_reg_r1_0_31_12_17/RAMA_D1/CLK



--------------------------------------------------------------------------------------
Path Group:  (none)
From Clock:  sys_clk
  To Clock:  

Max Delay             1 Endpoint
Min Delay             1 Endpoint
--------------------------------------------------------------------------------------


Max Delay Paths
--------------------------------------------------------------------------------------
Slack:                    inf
  Source:                 cpu/picorv32_core/trap_reg_lopt_replica/C
                            (rising edge-triggered cell FDRE clocked by sys_clk  {rise@0.000ns fall@5.000ns period=10.000ns})
  Destination:            trap
                            (output port)
  Path Group:             (none)
  Path Type:              Max at Slow Process Corner
  Data Path Delay:        6.749ns  (logic 3.050ns (45.188%)  route 3.699ns (54.812%))
  Logic Levels:           1  (OBUF=1)
  Clock Uncertainty:      0.025ns  ((TSJ^2 + TIJ^2)^1/2 + DJ) / 2 + PE
    Total System Jitter     (TSJ):    0.050ns
    Total Input Jitter      (TIJ):    0.000ns
    Discrete Jitter          (DJ):    0.000ns
    Phase Error              (PE):    0.000ns

    Location             Delay type                Incr(ns)  Path(ns)    Netlist Resource(s)
  -------------------------------------------------------------------    -------------------
                         (clock sys_clk rise edge)    0.000     0.000 r  <hidden>
    W5                                                0.000     0.000 r  clk
                         net (fo=0)                   0.000     0.000    clk
    W5                   IBUF (Prop_ibuf_I_O)         1.458     1.458 r  clk_IBUF_inst/O
                         net (fo=1, routed)           1.967     3.425    clk_IBUF
    BUFGCTRL_X0Y0        BUFG (Prop_bufg_I_O)         0.096     3.521 r  clk_IBUF_BUFG_inst/O
                         net (fo=3065, routed)        1.551     5.072    cpu/picorv32_core/clk_IBUF_BUFG
    SLICE_X51Y24         FDRE                                         r  cpu/picorv32_core/trap_reg_lopt_replica/C
  -------------------------------------------------------------------    -------------------
    SLICE_X51Y24         FDRE (Prop_fdre_C_Q)         0.456     5.528 r  cpu/picorv32_core/trap_reg_lopt_replica/Q
                         net (fo=1, routed)           3.699     9.228    lopt
    V14                  OBUF (Prop_obuf_I_O)         2.594    11.821 r  trap_OBUF_inst/O
                         net (fo=0)                   0.000    11.821    trap
    V14                                                               r  trap
  -------------------------------------------------------------------    -------------------





Min Delay Paths
--------------------------------------------------------------------------------------
Slack:                    inf
  Source:                 cpu/picorv32_core/trap_reg_lopt_replica/C
                            (rising edge-triggered cell FDRE clocked by sys_clk  {rise@0.000ns fall@5.000ns period=10.000ns})
  Destination:            trap
                            (output port)
  Path Group:             (none)
  Path Type:              Min at Fast Process Corner
  Data Path Delay:        2.590ns  (logic 1.252ns (48.332%)  route 1.338ns (51.668%))
  Logic Levels:           1  (OBUF=1)
  Clock Uncertainty:      0.025ns  ((TSJ^2 + TIJ^2)^1/2 + DJ) / 2 + PE
    Total System Jitter     (TSJ):    0.050ns
    Total Input Jitter      (TIJ):    0.000ns
    Discrete Jitter          (DJ):    0.000ns
    Phase Error              (PE):    0.000ns

    Location             Delay type                Incr(ns)  Path(ns)    Netlist Resource(s)
  -------------------------------------------------------------------    -------------------
                         (clock sys_clk rise edge)    0.000     0.000 r  <hidden>
    W5                                                0.000     0.000 r  clk
                         net (fo=0)                   0.000     0.000    clk
    W5                   IBUF (Prop_ibuf_I_O)         0.226     0.226 r  clk_IBUF_inst/O
                         net (fo=1, routed)           0.631     0.858    clk_IBUF
    BUFGCTRL_X0Y0        BUFG (Prop_bufg_I_O)         0.026     0.884 r  clk_IBUF_BUFG_inst/O
                         net (fo=3065, routed)        0.553     1.436    cpu/picorv32_core/clk_IBUF_BUFG
    SLICE_X51Y24         FDRE                                         r  cpu/picorv32_core/trap_reg_lopt_replica/C
  -------------------------------------------------------------------    -------------------
    SLICE_X51Y24         FDRE (Prop_fdre_C_Q)         0.141     1.577 r  cpu/picorv32_core/trap_reg_lopt_replica/Q
                         net (fo=1, routed)           1.338     2.915    lopt
    V14                  OBUF (Prop_obuf_I_O)         1.111     4.026 r  trap_OBUF_inst/O
                         net (fo=0)                   0.000     4.026    trap
    V14                                                               r  trap
  -------------------------------------------------------------------    -------------------





--------------------------------------------------------------------------------------
Path Group:  (none)
From Clock:  
  To Clock:  sys_clk

Max Delay          3224 Endpoints
Min Delay          3224 Endpoints
--------------------------------------------------------------------------------------


Max Delay Paths
--------------------------------------------------------------------------------------
Slack:                    inf
  Source:                 reset_n
                            (input port)
  Destination:            sha/reg_if_inst/sha_inst/block_reg_reg[250]/CLR
                            (recovery check against rising-edge clock sys_clk  {rise@0.000ns fall@5.000ns period=10.000ns})
  Path Group:             (none)
  Path Type:              Recovery (Max at Slow Process Corner)
  Data Path Delay:        16.073ns  (logic 1.060ns (6.597%)  route 15.012ns (93.403%))
  Logic Levels:           2  (IBUF=1 LUT1=1)
  Clock Path Skew:        4.771ns (DCD - SCD + CPR)
    Destination Clock Delay (DCD):    4.771ns
    Source Clock Delay      (SCD):    0.000ns
    Clock Pessimism Removal (CPR):    0.000ns
  Clock Uncertainty:      0.025ns  ((TSJ^2 + TIJ^2)^1/2 + DJ) / 2 + PE
    Total System Jitter     (TSJ):    0.050ns
    Total Input Jitter      (TIJ):    0.000ns
    Discrete Jitter          (DJ):    0.000ns
    Phase Error              (PE):    0.000ns

    Location             Delay type                Incr(ns)  Path(ns)    Netlist Resource(s)
  -------------------------------------------------------------------    -------------------
    U14                                               0.000     0.000 r  reset_n
                         net (fo=0)                   0.000     0.000    reset_n
    U14                  IBUF (Prop_ibuf_I_O)         0.936     0.936 r  reset_n_IBUF_inst/O
                         net (fo=40, routed)          5.355     6.291    sha/reg_if_inst/sha_inst/scheduler_inst/reset_n_IBUF
    SLICE_X59Y2          LUT1 (Prop_lut1_I0_O)        0.124     6.415 f  sha/reg_if_inst/sha_inst/scheduler_inst/latched_rd[4]_i_1/O
                         net (fo=2369, routed)        9.657    16.073    sha/reg_if_inst/sha_inst/reset_n
    SLICE_X28Y25         FDCE                                         f  sha/reg_if_inst/sha_inst/block_reg_reg[250]/CLR
  -------------------------------------------------------------------    -------------------

                         (clock sys_clk rise edge)    0.000     0.000 r  <hidden>
    W5                                                0.000     0.000 r  clk
                         net (fo=0)                   0.000     0.000    clk
    W5                   IBUF (Prop_ibuf_I_O)         1.388     1.388 r  clk_IBUF_inst/O
                         net (fo=1, routed)           1.862     3.250    clk_IBUF
    BUFGCTRL_X0Y0        BUFG (Prop_bufg_I_O)         0.091     3.341 r  clk_IBUF_BUFG_inst/O
                         net (fo=3065, routed)        1.430     4.771    sha/reg_if_inst/sha_inst/clk_IBUF_BUFG
    SLICE_X28Y25         FDCE                                         r  sha/reg_if_inst/sha_inst/block_reg_reg[250]/C

Slack:                    inf
  Source:                 reset_n
                            (input port)
  Destination:            sha/reg_if_inst/sha_inst/block_reg_reg[344]/CLR
                            (recovery check against rising-edge clock sys_clk  {rise@0.000ns fall@5.000ns period=10.000ns})
  Path Group:             (none)
  Path Type:              Recovery (Max at Slow Process Corner)
  Data Path Delay:        16.073ns  (logic 1.060ns (6.597%)  route 15.012ns (93.403%))
  Logic Levels:           2  (IBUF=1 LUT1=1)
  Clock Path Skew:        4.771ns (DCD - SCD + CPR)
    Destination Clock Delay (DCD):    4.771ns
    Source Clock Delay      (SCD):    0.000ns
    Clock Pessimism Removal (CPR):    0.000ns
  Clock Uncertainty:      0.025ns  ((TSJ^2 + TIJ^2)^1/2 + DJ) / 2 + PE
    Total System Jitter     (TSJ):    0.050ns
    Total Input Jitter      (TIJ):    0.000ns
    Discrete Jitter          (DJ):    0.000ns
    Phase Error              (PE):    0.000ns

    Location             Delay type                Incr(ns)  Path(ns)    Netlist Resource(s)
  -------------------------------------------------------------------    -------------------
    U14                                               0.000     0.000 r  reset_n
                         net (fo=0)                   0.000     0.000    reset_n
    U14                  IBUF (Prop_ibuf_I_O)         0.936     0.936 r  reset_n_IBUF_inst/O
                         net (fo=40, routed)          5.355     6.291    sha/reg_if_inst/sha_inst/scheduler_inst/reset_n_IBUF
    SLICE_X59Y2          LUT1 (Prop_lut1_I0_O)        0.124     6.415 f  sha/reg_if_inst/sha_inst/scheduler_inst/latched_rd[4]_i_1/O
                         net (fo=2369, routed)        9.657    16.073    sha/reg_if_inst/sha_inst/reset_n
    SLICE_X28Y25         FDCE                                         f  sha/reg_if_inst/sha_inst/block_reg_reg[344]/CLR
  -------------------------------------------------------------------    -------------------

                         (clock sys_clk rise edge)    0.000     0.000 r  <hidden>
    W5                                                0.000     0.000 r  clk
                         net (fo=0)                   0.000     0.000    clk
    W5                   IBUF (Prop_ibuf_I_O)         1.388     1.388 r  clk_IBUF_inst/O
                         net (fo=1, routed)           1.862     3.250    clk_IBUF
    BUFGCTRL_X0Y0        BUFG (Prop_bufg_I_O)         0.091     3.341 r  clk_IBUF_BUFG_inst/O
                         net (fo=3065, routed)        1.430     4.771    sha/reg_if_inst/sha_inst/clk_IBUF_BUFG
    SLICE_X28Y25         FDCE                                         r  sha/reg_if_inst/sha_inst/block_reg_reg[344]/C

Slack:                    inf
  Source:                 reset_n
                            (input port)
  Destination:            sha/reg_if_inst/sha_inst/block_reg_reg[376]/CLR
                            (recovery check against rising-edge clock sys_clk  {rise@0.000ns fall@5.000ns period=10.000ns})
  Path Group:             (none)
  Path Type:              Recovery (Max at Slow Process Corner)
  Data Path Delay:        16.073ns  (logic 1.060ns (6.597%)  route 15.012ns (93.403%))
  Logic Levels:           2  (IBUF=1 LUT1=1)
  Clock Path Skew:        4.771ns (DCD - SCD + CPR)
    Destination Clock Delay (DCD):    4.771ns
    Source Clock Delay      (SCD):    0.000ns
    Clock Pessimism Removal (CPR):    0.000ns
  Clock Uncertainty:      0.025ns  ((TSJ^2 + TIJ^2)^1/2 + DJ) / 2 + PE
    Total System Jitter     (TSJ):    0.050ns
    Total Input Jitter      (TIJ):    0.000ns
    Discrete Jitter          (DJ):    0.000ns
    Phase Error              (PE):    0.000ns

    Location             Delay type                Incr(ns)  Path(ns)    Netlist Resource(s)
  -------------------------------------------------------------------    -------------------
    U14                                               0.000     0.000 r  reset_n
                         net (fo=0)                   0.000     0.000    reset_n
    U14                  IBUF (Prop_ibuf_I_O)         0.936     0.936 r  reset_n_IBUF_inst/O
                         net (fo=40, routed)          5.355     6.291    sha/reg_if_inst/sha_inst/scheduler_inst/reset_n_IBUF
    SLICE_X59Y2          LUT1 (Prop_lut1_I0_O)        0.124     6.415 f  sha/reg_if_inst/sha_inst/scheduler_inst/latched_rd[4]_i_1/O
                         net (fo=2369, routed)        9.657    16.073    sha/reg_if_inst/sha_inst/reset_n
    SLICE_X28Y25         FDCE                                         f  sha/reg_if_inst/sha_inst/block_reg_reg[376]/CLR
  -------------------------------------------------------------------    -------------------

                         (clock sys_clk rise edge)    0.000     0.000 r  <hidden>
    W5                                                0.000     0.000 r  clk
                         net (fo=0)                   0.000     0.000    clk
    W5                   IBUF (Prop_ibuf_I_O)         1.388     1.388 r  clk_IBUF_inst/O
                         net (fo=1, routed)           1.862     3.250    clk_IBUF
    BUFGCTRL_X0Y0        BUFG (Prop_bufg_I_O)         0.091     3.341 r  clk_IBUF_BUFG_inst/O
                         net (fo=3065, routed)        1.430     4.771    sha/reg_if_inst/sha_inst/clk_IBUF_BUFG
    SLICE_X28Y25         FDCE                                         r  sha/reg_if_inst/sha_inst/block_reg_reg[376]/C

Slack:                    inf
  Source:                 reset_n
                            (input port)
  Destination:            sha/reg_if_inst/sha_inst/block_reg_reg[378]/CLR
                            (recovery check against rising-edge clock sys_clk  {rise@0.000ns fall@5.000ns period=10.000ns})
  Path Group:             (none)
  Path Type:              Recovery (Max at Slow Process Corner)
  Data Path Delay:        16.073ns  (logic 1.060ns (6.597%)  route 15.012ns (93.403%))
  Logic Levels:           2  (IBUF=1 LUT1=1)
  Clock Path Skew:        4.771ns (DCD - SCD + CPR)
    Destination Clock Delay (DCD):    4.771ns
    Source Clock Delay      (SCD):    0.000ns
    Clock Pessimism Removal (CPR):    0.000ns
  Clock Uncertainty:      0.025ns  ((TSJ^2 + TIJ^2)^1/2 + DJ) / 2 + PE
    Total System Jitter     (TSJ):    0.050ns
    Total Input Jitter      (TIJ):    0.000ns
    Discrete Jitter          (DJ):    0.000ns
    Phase Error              (PE):    0.000ns

    Location             Delay type                Incr(ns)  Path(ns)    Netlist Resource(s)
  -------------------------------------------------------------------    -------------------
    U14                                               0.000     0.000 r  reset_n
                         net (fo=0)                   0.000     0.000    reset_n
    U14                  IBUF (Prop_ibuf_I_O)         0.936     0.936 r  reset_n_IBUF_inst/O
                         net (fo=40, routed)          5.355     6.291    sha/reg_if_inst/sha_inst/scheduler_inst/reset_n_IBUF
    SLICE_X59Y2          LUT1 (Prop_lut1_I0_O)        0.124     6.415 f  sha/reg_if_inst/sha_inst/scheduler_inst/latched_rd[4]_i_1/O
                         net (fo=2369, routed)        9.657    16.073    sha/reg_if_inst/sha_inst/reset_n
    SLICE_X28Y25         FDCE                                         f  sha/reg_if_inst/sha_inst/block_reg_reg[378]/CLR
  -------------------------------------------------------------------    -------------------

                         (clock sys_clk rise edge)    0.000     0.000 r  <hidden>
    W5                                                0.000     0.000 r  clk
                         net (fo=0)                   0.000     0.000    clk
    W5                   IBUF (Prop_ibuf_I_O)         1.388     1.388 r  clk_IBUF_inst/O
                         net (fo=1, routed)           1.862     3.250    clk_IBUF
    BUFGCTRL_X0Y0        BUFG (Prop_bufg_I_O)         0.091     3.341 r  clk_IBUF_BUFG_inst/O
                         net (fo=3065, routed)        1.430     4.771    sha/reg_if_inst/sha_inst/clk_IBUF_BUFG
    SLICE_X28Y25         FDCE                                         r  sha/reg_if_inst/sha_inst/block_reg_reg[378]/C

Slack:                    inf
  Source:                 reset_n
                            (input port)
  Destination:            sha/reg_if_inst/sha_inst/block_reg_reg[408]/CLR
                            (recovery check against rising-edge clock sys_clk  {rise@0.000ns fall@5.000ns period=10.000ns})
  Path Group:             (none)
  Path Type:              Recovery (Max at Slow Process Corner)
  Data Path Delay:        16.073ns  (logic 1.060ns (6.597%)  route 15.012ns (93.403%))
  Logic Levels:           2  (IBUF=1 LUT1=1)
  Clock Path Skew:        4.771ns (DCD - SCD + CPR)
    Destination Clock Delay (DCD):    4.771ns
    Source Clock Delay      (SCD):    0.000ns
    Clock Pessimism Removal (CPR):    0.000ns
  Clock Uncertainty:      0.025ns  ((TSJ^2 + TIJ^2)^1/2 + DJ) / 2 + PE
    Total System Jitter     (TSJ):    0.050ns
    Total Input Jitter      (TIJ):    0.000ns
    Discrete Jitter          (DJ):    0.000ns
    Phase Error              (PE):    0.000ns

    Location             Delay type                Incr(ns)  Path(ns)    Netlist Resource(s)
  -------------------------------------------------------------------    -------------------
    U14                                               0.000     0.000 r  reset_n
                         net (fo=0)                   0.000     0.000    reset_n
    U14                  IBUF (Prop_ibuf_I_O)         0.936     0.936 r  reset_n_IBUF_inst/O
                         net (fo=40, routed)          5.355     6.291    sha/reg_if_inst/sha_inst/scheduler_inst/reset_n_IBUF
    SLICE_X59Y2          LUT1 (Prop_lut1_I0_O)        0.124     6.415 f  sha/reg_if_inst/sha_inst/scheduler_inst/latched_rd[4]_i_1/O
                         net (fo=2369, routed)        9.657    16.073    sha/reg_if_inst/sha_inst/reset_n
    SLICE_X28Y25         FDCE                                         f  sha/reg_if_inst/sha_inst/block_reg_reg[408]/CLR
  -------------------------------------------------------------------    -------------------

                         (clock sys_clk rise edge)    0.000     0.000 r  <hidden>
    W5                                                0.000     0.000 r  clk
                         net (fo=0)                   0.000     0.000    clk
    W5                   IBUF (Prop_ibuf_I_O)         1.388     1.388 r  clk_IBUF_inst/O
                         net (fo=1, routed)           1.862     3.250    clk_IBUF
    BUFGCTRL_X0Y0        BUFG (Prop_bufg_I_O)         0.091     3.341 r  clk_IBUF_BUFG_inst/O
                         net (fo=3065, routed)        1.430     4.771    sha/reg_if_inst/sha_inst/clk_IBUF_BUFG
    SLICE_X28Y25         FDCE                                         r  sha/reg_if_inst/sha_inst/block_reg_reg[408]/C

Slack:                    inf
  Source:                 reset_n
                            (input port)
  Destination:            sha/reg_if_inst/sha_inst/block_reg_reg[440]/CLR
                            (recovery check against rising-edge clock sys_clk  {rise@0.000ns fall@5.000ns period=10.000ns})
  Path Group:             (none)
  Path Type:              Recovery (Max at Slow Process Corner)
  Data Path Delay:        16.073ns  (logic 1.060ns (6.597%)  route 15.012ns (93.403%))
  Logic Levels:           2  (IBUF=1 LUT1=1)
  Clock Path Skew:        4.771ns (DCD - SCD + CPR)
    Destination Clock Delay (DCD):    4.771ns
    Source Clock Delay      (SCD):    0.000ns
    Clock Pessimism Removal (CPR):    0.000ns
  Clock Uncertainty:      0.025ns  ((TSJ^2 + TIJ^2)^1/2 + DJ) / 2 + PE
    Total System Jitter     (TSJ):    0.050ns
    Total Input Jitter      (TIJ):    0.000ns
    Discrete Jitter          (DJ):    0.000ns
    Phase Error              (PE):    0.000ns

    Location             Delay type                Incr(ns)  Path(ns)    Netlist Resource(s)
  -------------------------------------------------------------------    -------------------
    U14                                               0.000     0.000 r  reset_n
                         net (fo=0)                   0.000     0.000    reset_n
    U14                  IBUF (Prop_ibuf_I_O)         0.936     0.936 r  reset_n_IBUF_inst/O
                         net (fo=40, routed)          5.355     6.291    sha/reg_if_inst/sha_inst/scheduler_inst/reset_n_IBUF
    SLICE_X59Y2          LUT1 (Prop_lut1_I0_O)        0.124     6.415 f  sha/reg_if_inst/sha_inst/scheduler_inst/latched_rd[4]_i_1/O
                         net (fo=2369, routed)        9.657    16.073    sha/reg_if_inst/sha_inst/reset_n
    SLICE_X28Y25         FDCE                                         f  sha/reg_if_inst/sha_inst/block_reg_reg[440]/CLR
  -------------------------------------------------------------------    -------------------

                         (clock sys_clk rise edge)    0.000     0.000 r  <hidden>
    W5                                                0.000     0.000 r  clk
                         net (fo=0)                   0.000     0.000    clk
    W5                   IBUF (Prop_ibuf_I_O)         1.388     1.388 r  clk_IBUF_inst/O
                         net (fo=1, routed)           1.862     3.250    clk_IBUF
    BUFGCTRL_X0Y0        BUFG (Prop_bufg_I_O)         0.091     3.341 r  clk_IBUF_BUFG_inst/O
                         net (fo=3065, routed)        1.430     4.771    sha/reg_if_inst/sha_inst/clk_IBUF_BUFG
    SLICE_X28Y25         FDCE                                         r  sha/reg_if_inst/sha_inst/block_reg_reg[440]/C

Slack:                    inf
  Source:                 reset_n
                            (input port)
  Destination:            sha/reg_if_inst/sha_inst/block_reg_reg[504]/CLR
                            (recovery check against rising-edge clock sys_clk  {rise@0.000ns fall@5.000ns period=10.000ns})
  Path Group:             (none)
  Path Type:              Recovery (Max at Slow Process Corner)
  Data Path Delay:        16.073ns  (logic 1.060ns (6.597%)  route 15.012ns (93.403%))
  Logic Levels:           2  (IBUF=1 LUT1=1)
  Clock Path Skew:        4.771ns (DCD - SCD + CPR)
    Destination Clock Delay (DCD):    4.771ns
    Source Clock Delay      (SCD):    0.000ns
    Clock Pessimism Removal (CPR):    0.000ns
  Clock Uncertainty:      0.025ns  ((TSJ^2 + TIJ^2)^1/2 + DJ) / 2 + PE
    Total System Jitter     (TSJ):    0.050ns
    Total Input Jitter      (TIJ):    0.000ns
    Discrete Jitter          (DJ):    0.000ns
    Phase Error              (PE):    0.000ns

    Location             Delay type                Incr(ns)  Path(ns)    Netlist Resource(s)
  -------------------------------------------------------------------    -------------------
    U14                                               0.000     0.000 r  reset_n
                         net (fo=0)                   0.000     0.000    reset_n
    U14                  IBUF (Prop_ibuf_I_O)         0.936     0.936 r  reset_n_IBUF_inst/O
                         net (fo=40, routed)          5.355     6.291    sha/reg_if_inst/sha_inst/scheduler_inst/reset_n_IBUF
    SLICE_X59Y2          LUT1 (Prop_lut1_I0_O)        0.124     6.415 f  sha/reg_if_inst/sha_inst/scheduler_inst/latched_rd[4]_i_1/O
                         net (fo=2369, routed)        9.657    16.073    sha/reg_if_inst/sha_inst/reset_n
    SLICE_X28Y25         FDCE                                         f  sha/reg_if_inst/sha_inst/block_reg_reg[504]/CLR
  -------------------------------------------------------------------    -------------------

                         (clock sys_clk rise edge)    0.000     0.000 r  <hidden>
    W5                                                0.000     0.000 r  clk
                         net (fo=0)                   0.000     0.000    clk
    W5                   IBUF (Prop_ibuf_I_O)         1.388     1.388 r  clk_IBUF_inst/O
                         net (fo=1, routed)           1.862     3.250    clk_IBUF
    BUFGCTRL_X0Y0        BUFG (Prop_bufg_I_O)         0.091     3.341 r  clk_IBUF_BUFG_inst/O
                         net (fo=3065, routed)        1.430     4.771    sha/reg_if_inst/sha_inst/clk_IBUF_BUFG
    SLICE_X28Y25         FDCE                                         r  sha/reg_if_inst/sha_inst/block_reg_reg[504]/C

Slack:                    inf
  Source:                 reset_n
                            (input port)
  Destination:            sha/reg_if_inst/block_words_reg[0][24]/CLR
                            (recovery check against rising-edge clock sys_clk  {rise@0.000ns fall@5.000ns period=10.000ns})
  Path Group:             (none)
  Path Type:              Recovery (Max at Slow Process Corner)
  Data Path Delay:        16.068ns  (logic 1.060ns (6.599%)  route 15.008ns (93.401%))
  Logic Levels:           2  (IBUF=1 LUT1=1)
  Clock Path Skew:        4.771ns (DCD - SCD + CPR)
    Destination Clock Delay (DCD):    4.771ns
    Source Clock Delay      (SCD):    0.000ns
    Clock Pessimism Removal (CPR):    0.000ns
  Clock Uncertainty:      0.025ns  ((TSJ^2 + TIJ^2)^1/2 + DJ) / 2 + PE
    Total System Jitter     (TSJ):    0.050ns
    Total Input Jitter      (TIJ):    0.000ns
    Discrete Jitter          (DJ):    0.000ns
    Phase Error              (PE):    0.000ns

    Location             Delay type                Incr(ns)  Path(ns)    Netlist Resource(s)
  -------------------------------------------------------------------    -------------------
    U14                                               0.000     0.000 r  reset_n
                         net (fo=0)                   0.000     0.000    reset_n
    U14                  IBUF (Prop_ibuf_I_O)         0.936     0.936 r  reset_n_IBUF_inst/O
                         net (fo=40, routed)          5.355     6.291    sha/reg_if_inst/sha_inst/scheduler_inst/reset_n_IBUF
    SLICE_X59Y2          LUT1 (Prop_lut1_I0_O)        0.124     6.415 f  sha/reg_if_inst/sha_inst/scheduler_inst/latched_rd[4]_i_1/O
                         net (fo=2369, routed)        9.653    16.068    sha/reg_if_inst/reset_n
    SLICE_X29Y25         FDCE                                         f  sha/reg_if_inst/block_words_reg[0][24]/CLR
  -------------------------------------------------------------------    -------------------

                         (clock sys_clk rise edge)    0.000     0.000 r  <hidden>
    W5                                                0.000     0.000 r  clk
                         net (fo=0)                   0.000     0.000    clk
    W5                   IBUF (Prop_ibuf_I_O)         1.388     1.388 r  clk_IBUF_inst/O
                         net (fo=1, routed)           1.862     3.250    clk_IBUF
    BUFGCTRL_X0Y0        BUFG (Prop_bufg_I_O)         0.091     3.341 r  clk_IBUF_BUFG_inst/O
                         net (fo=3065, routed)        1.430     4.771    sha/reg_if_inst/clk_IBUF_BUFG
    SLICE_X29Y25         FDCE                                         r  sha/reg_if_inst/block_words_reg[0][24]/C

Slack:                    inf
  Source:                 reset_n
                            (input port)
  Destination:            sha/reg_if_inst/block_words_reg[0][26]/CLR
                            (recovery check against rising-edge clock sys_clk  {rise@0.000ns fall@5.000ns period=10.000ns})
  Path Group:             (none)
  Path Type:              Recovery (Max at Slow Process Corner)
  Data Path Delay:        16.068ns  (logic 1.060ns (6.599%)  route 15.008ns (93.401%))
  Logic Levels:           2  (IBUF=1 LUT1=1)
  Clock Path Skew:        4.771ns (DCD - SCD + CPR)
    Destination Clock Delay (DCD):    4.771ns
    Source Clock Delay      (SCD):    0.000ns
    Clock Pessimism Removal (CPR):    0.000ns
  Clock Uncertainty:      0.025ns  ((TSJ^2 + TIJ^2)^1/2 + DJ) / 2 + PE
    Total System Jitter     (TSJ):    0.050ns
    Total Input Jitter      (TIJ):    0.000ns
    Discrete Jitter          (DJ):    0.000ns
    Phase Error              (PE):    0.000ns

    Location             Delay type                Incr(ns)  Path(ns)    Netlist Resource(s)
  -------------------------------------------------------------------    -------------------
    U14                                               0.000     0.000 r  reset_n
                         net (fo=0)                   0.000     0.000    reset_n
    U14                  IBUF (Prop_ibuf_I_O)         0.936     0.936 r  reset_n_IBUF_inst/O
                         net (fo=40, routed)          5.355     6.291    sha/reg_if_inst/sha_inst/scheduler_inst/reset_n_IBUF
    SLICE_X59Y2          LUT1 (Prop_lut1_I0_O)        0.124     6.415 f  sha/reg_if_inst/sha_inst/scheduler_inst/latched_rd[4]_i_1/O
                         net (fo=2369, routed)        9.653    16.068    sha/reg_if_inst/reset_n
    SLICE_X29Y25         FDCE                                         f  sha/reg_if_inst/block_words_reg[0][26]/CLR
  -------------------------------------------------------------------    -------------------

                         (clock sys_clk rise edge)    0.000     0.000 r  <hidden>
    W5                                                0.000     0.000 r  clk
                         net (fo=0)                   0.000     0.000    clk
    W5                   IBUF (Prop_ibuf_I_O)         1.388     1.388 r  clk_IBUF_inst/O
                         net (fo=1, routed)           1.862     3.250    clk_IBUF
    BUFGCTRL_X0Y0        BUFG (Prop_bufg_I_O)         0.091     3.341 r  clk_IBUF_BUFG_inst/O
                         net (fo=3065, routed)        1.430     4.771    sha/reg_if_inst/clk_IBUF_BUFG
    SLICE_X29Y25         FDCE                                         r  sha/reg_if_inst/block_words_reg[0][26]/C

Slack:                    inf
  Source:                 reset_n
                            (input port)
  Destination:            sha/reg_if_inst/block_words_reg[0][28]/CLR
                            (recovery check against rising-edge clock sys_clk  {rise@0.000ns fall@5.000ns period=10.000ns})
  Path Group:             (none)
  Path Type:              Recovery (Max at Slow Process Corner)
  Data Path Delay:        16.068ns  (logic 1.060ns (6.599%)  route 15.008ns (93.401%))
  Logic Levels:           2  (IBUF=1 LUT1=1)
  Clock Path Skew:        4.771ns (DCD - SCD + CPR)
    Destination Clock Delay (DCD):    4.771ns
    Source Clock Delay      (SCD):    0.000ns
    Clock Pessimism Removal (CPR):    0.000ns
  Clock Uncertainty:      0.025ns  ((TSJ^2 + TIJ^2)^1/2 + DJ) / 2 + PE
    Total System Jitter     (TSJ):    0.050ns
    Total Input Jitter      (TIJ):    0.000ns
    Discrete Jitter          (DJ):    0.000ns
    Phase Error              (PE):    0.000ns

    Location             Delay type                Incr(ns)  Path(ns)    Netlist Resource(s)
  -------------------------------------------------------------------    -------------------
    U14                                               0.000     0.000 r  reset_n
                         net (fo=0)                   0.000     0.000    reset_n
    U14                  IBUF (Prop_ibuf_I_O)         0.936     0.936 r  reset_n_IBUF_inst/O
                         net (fo=40, routed)          5.355     6.291    sha/reg_if_inst/sha_inst/scheduler_inst/reset_n_IBUF
    SLICE_X59Y2          LUT1 (Prop_lut1_I0_O)        0.124     6.415 f  sha/reg_if_inst/sha_inst/scheduler_inst/latched_rd[4]_i_1/O
                         net (fo=2369, routed)        9.653    16.068    sha/reg_if_inst/reset_n
    SLICE_X29Y25         FDCE                                         f  sha/reg_if_inst/block_words_reg[0][28]/CLR
  -------------------------------------------------------------------    -------------------

                         (clock sys_clk rise edge)    0.000     0.000 r  <hidden>
    W5                                                0.000     0.000 r  clk
                         net (fo=0)                   0.000     0.000    clk
    W5                   IBUF (Prop_ibuf_I_O)         1.388     1.388 r  clk_IBUF_inst/O
                         net (fo=1, routed)           1.862     3.250    clk_IBUF
    BUFGCTRL_X0Y0        BUFG (Prop_bufg_I_O)         0.091     3.341 r  clk_IBUF_BUFG_inst/O
                         net (fo=3065, routed)        1.430     4.771    sha/reg_if_inst/clk_IBUF_BUFG
    SLICE_X29Y25         FDCE                                         r  sha/reg_if_inst/block_words_reg[0][28]/C

Slack:                    inf
  Source:                 reset_n
                            (input port)
  Destination:            sha/reg_if_inst/sha_inst/block_reg_reg[216]/CLR
                            (recovery check against rising-edge clock sys_clk  {rise@0.000ns fall@5.000ns period=10.000ns})
  Path Group:             (none)
  Path Type:              Recovery (Max at Slow Process Corner)
  Data Path Delay:        15.765ns  (logic 1.060ns (6.726%)  route 14.705ns (93.274%))
  Logic Levels:           2  (IBUF=1 LUT1=1)
  Clock Path Skew:        4.771ns (DCD - SCD + CPR)
    Destination Clock Delay (DCD):    4.771ns
    Source Clock Delay      (SCD):    0.000ns
    Clock Pessimism Removal (CPR):    0.000ns
  Clock Uncertainty:      0.025ns  ((TSJ^2 + TIJ^2)^1/2 + DJ) / 2 + PE
    Total System Jitter     (TSJ):    0.050ns
    Total Input Jitter      (TIJ):    0.000ns
    Discrete Jitter          (DJ):    0.000ns
    Phase Error              (PE):    0.000ns

    Location             Delay type                Incr(ns)  Path(ns)    Netlist Resource(s)
  -------------------------------------------------------------------    -------------------
    U14                                               0.000     0.000 r  reset_n
                         net (fo=0)                   0.000     0.000    reset_n
    U14                  IBUF (Prop_ibuf_I_O)         0.936     0.936 r  reset_n_IBUF_inst/O
                         net (fo=40, routed)          5.355     6.291    sha/reg_if_inst/sha_inst/scheduler_inst/reset_n_IBUF
    SLICE_X59Y2          LUT1 (Prop_lut1_I0_O)        0.124     6.415 f  sha/reg_if_inst/sha_inst/scheduler_inst/latched_rd[4]_i_1/O
                         net (fo=2369, routed)        9.350    15.765    sha/reg_if_inst/sha_inst/reset_n
    SLICE_X31Y26         FDCE                                         f  sha/reg_if_inst/sha_inst/block_reg_reg[216]/CLR
  -------------------------------------------------------------------    -------------------

                         (clock sys_clk rise edge)    0.000     0.000 r  <hidden>
    W5                                                0.000     0.000 r  clk
                         net (fo=0)                   0.000     0.000    clk
    W5                   IBUF (Prop_ibuf_I_O)         1.388     1.388 r  clk_IBUF_inst/O
                         net (fo=1, routed)           1.862     3.250    clk_IBUF
    BUFGCTRL_X0Y0        BUFG (Prop_bufg_I_O)         0.091     3.341 r  clk_IBUF_BUFG_inst/O
                         net (fo=3065, routed)        1.430     4.771    sha/reg_if_inst/sha_inst/clk_IBUF_BUFG
    SLICE_X31Y26         FDCE                                         r  sha/reg_if_inst/sha_inst/block_reg_reg[216]/C

Slack:                    inf
  Source:                 reset_n
                            (input port)
  Destination:            sha/reg_if_inst/sha_inst/block_reg_reg[218]/CLR
                            (recovery check against rising-edge clock sys_clk  {rise@0.000ns fall@5.000ns period=10.000ns})
  Path Group:             (none)
  Path Type:              Recovery (Max at Slow Process Corner)
  Data Path Delay:        15.765ns  (logic 1.060ns (6.726%)  route 14.705ns (93.274%))
  Logic Levels:           2  (IBUF=1 LUT1=1)
  Clock Path Skew:        4.771ns (DCD - SCD + CPR)
    Destination Clock Delay (DCD):    4.771ns
    Source Clock Delay      (SCD):    0.000ns
    Clock Pessimism Removal (CPR):    0.000ns
  Clock Uncertainty:      0.025ns  ((TSJ^2 + TIJ^2)^1/2 + DJ) / 2 + PE
    Total System Jitter     (TSJ):    0.050ns
    Total Input Jitter      (TIJ):    0.000ns
    Discrete Jitter          (DJ):    0.000ns
    Phase Error              (PE):    0.000ns

    Location             Delay type                Incr(ns)  Path(ns)    Netlist Resource(s)
  -------------------------------------------------------------------    -------------------
    U14                                               0.000     0.000 r  reset_n
                         net (fo=0)                   0.000     0.000    reset_n
    U14                  IBUF (Prop_ibuf_I_O)         0.936     0.936 r  reset_n_IBUF_inst/O
                         net (fo=40, routed)          5.355     6.291    sha/reg_if_inst/sha_inst/scheduler_inst/reset_n_IBUF
    SLICE_X59Y2          LUT1 (Prop_lut1_I0_O)        0.124     6.415 f  sha/reg_if_inst/sha_inst/scheduler_inst/latched_rd[4]_i_1/O
                         net (fo=2369, routed)        9.350    15.765    sha/reg_if_inst/sha_inst/reset_n
    SLICE_X31Y26         FDCE                                         f  sha/reg_if_inst/sha_inst/block_reg_reg[218]/CLR
  -------------------------------------------------------------------    -------------------

                         (clock sys_clk rise edge)    0.000     0.000 r  <hidden>
    W5                                                0.000     0.000 r  clk
                         net (fo=0)                   0.000     0.000    clk
    W5                   IBUF (Prop_ibuf_I_O)         1.388     1.388 r  clk_IBUF_inst/O
                         net (fo=1, routed)           1.862     3.250    clk_IBUF
    BUFGCTRL_X0Y0        BUFG (Prop_bufg_I_O)         0.091     3.341 r  clk_IBUF_BUFG_inst/O
                         net (fo=3065, routed)        1.430     4.771    sha/reg_if_inst/sha_inst/clk_IBUF_BUFG
    SLICE_X31Y26         FDCE                                         r  sha/reg_if_inst/sha_inst/block_reg_reg[218]/C

Slack:                    inf
  Source:                 reset_n
                            (input port)
  Destination:            sha/reg_if_inst/sha_inst/block_reg_reg[248]/CLR
                            (recovery check against rising-edge clock sys_clk  {rise@0.000ns fall@5.000ns period=10.000ns})
  Path Group:             (none)
  Path Type:              Recovery (Max at Slow Process Corner)
  Data Path Delay:        15.765ns  (logic 1.060ns (6.726%)  route 14.705ns (93.274%))
  Logic Levels:           2  (IBUF=1 LUT1=1)
  Clock Path Skew:        4.771ns (DCD - SCD + CPR)
    Destination Clock Delay (DCD):    4.771ns
    Source Clock Delay      (SCD):    0.000ns
    Clock Pessimism Removal (CPR):    0.000ns
  Clock Uncertainty:      0.025ns  ((TSJ^2 + TIJ^2)^1/2 + DJ) / 2 + PE
    Total System Jitter     (TSJ):    0.050ns
    Total Input Jitter      (TIJ):    0.000ns
    Discrete Jitter          (DJ):    0.000ns
    Phase Error              (PE):    0.000ns

    Location             Delay type                Incr(ns)  Path(ns)    Netlist Resource(s)
  -------------------------------------------------------------------    -------------------
    U14                                               0.000     0.000 r  reset_n
                         net (fo=0)                   0.000     0.000    reset_n
    U14                  IBUF (Prop_ibuf_I_O)         0.936     0.936 r  reset_n_IBUF_inst/O
                         net (fo=40, routed)          5.355     6.291    sha/reg_if_inst/sha_inst/scheduler_inst/reset_n_IBUF
    SLICE_X59Y2          LUT1 (Prop_lut1_I0_O)        0.124     6.415 f  sha/reg_if_inst/sha_inst/scheduler_inst/latched_rd[4]_i_1/O
                         net (fo=2369, routed)        9.350    15.765    sha/reg_if_inst/sha_inst/reset_n
    SLICE_X31Y26         FDCE                                         f  sha/reg_if_inst/sha_inst/block_reg_reg[248]/CLR
  -------------------------------------------------------------------    -------------------

                         (clock sys_clk rise edge)    0.000     0.000 r  <hidden>
    W5                                                0.000     0.000 r  clk
                         net (fo=0)                   0.000     0.000    clk
    W5                   IBUF (Prop_ibuf_I_O)         1.388     1.388 r  clk_IBUF_inst/O
                         net (fo=1, routed)           1.862     3.250    clk_IBUF
    BUFGCTRL_X0Y0        BUFG (Prop_bufg_I_O)         0.091     3.341 r  clk_IBUF_BUFG_inst/O
                         net (fo=3065, routed)        1.430     4.771    sha/reg_if_inst/sha_inst/clk_IBUF_BUFG
    SLICE_X31Y26         FDCE                                         r  sha/reg_if_inst/sha_inst/block_reg_reg[248]/C

Slack:                    inf
  Source:                 reset_n
                            (input port)
  Destination:            sha/reg_if_inst/sha_inst/block_reg_reg[280]/CLR
                            (recovery check against rising-edge clock sys_clk  {rise@0.000ns fall@5.000ns period=10.000ns})
  Path Group:             (none)
  Path Type:              Recovery (Max at Slow Process Corner)
  Data Path Delay:        15.765ns  (logic 1.060ns (6.726%)  route 14.705ns (93.274%))
  Logic Levels:           2  (IBUF=1 LUT1=1)
  Clock Path Skew:        4.771ns (DCD - SCD + CPR)
    Destination Clock Delay (DCD):    4.771ns
    Source Clock Delay      (SCD):    0.000ns
    Clock Pessimism Removal (CPR):    0.000ns
  Clock Uncertainty:      0.025ns  ((TSJ^2 + TIJ^2)^1/2 + DJ) / 2 + PE
    Total System Jitter     (TSJ):    0.050ns
    Total Input Jitter      (TIJ):    0.000ns
    Discrete Jitter          (DJ):    0.000ns
    Phase Error              (PE):    0.000ns

    Location             Delay type                Incr(ns)  Path(ns)    Netlist Resource(s)
  -------------------------------------------------------------------    -------------------
    U14                                               0.000     0.000 r  reset_n
                         net (fo=0)                   0.000     0.000    reset_n
    U14                  IBUF (Prop_ibuf_I_O)         0.936     0.936 r  reset_n_IBUF_inst/O
                         net (fo=40, routed)          5.355     6.291    sha/reg_if_inst/sha_inst/scheduler_inst/reset_n_IBUF
    SLICE_X59Y2          LUT1 (Prop_lut1_I0_O)        0.124     6.415 f  sha/reg_if_inst/sha_inst/scheduler_inst/latched_rd[4]_i_1/O
                         net (fo=2369, routed)        9.350    15.765    sha/reg_if_inst/sha_inst/reset_n
    SLICE_X31Y26         FDCE                                         f  sha/reg_if_inst/sha_inst/block_reg_reg[280]/CLR
  -------------------------------------------------------------------    -------------------

                         (clock sys_clk rise edge)    0.000     0.000 r  <hidden>
    W5                                                0.000     0.000 r  clk
                         net (fo=0)                   0.000     0.000    clk
    W5                   IBUF (Prop_ibuf_I_O)         1.388     1.388 r  clk_IBUF_inst/O
                         net (fo=1, routed)           1.862     3.250    clk_IBUF
    BUFGCTRL_X0Y0        BUFG (Prop_bufg_I_O)         0.091     3.341 r  clk_IBUF_BUFG_inst/O
                         net (fo=3065, routed)        1.430     4.771    sha/reg_if_inst/sha_inst/clk_IBUF_BUFG
    SLICE_X31Y26         FDCE                                         r  sha/reg_if_inst/sha_inst/block_reg_reg[280]/C

Slack:                    inf
  Source:                 reset_n
                            (input port)
  Destination:            sha/reg_if_inst/sha_inst/block_reg_reg[282]/CLR
                            (recovery check against rising-edge clock sys_clk  {rise@0.000ns fall@5.000ns period=10.000ns})
  Path Group:             (none)
  Path Type:              Recovery (Max at Slow Process Corner)
  Data Path Delay:        15.765ns  (logic 1.060ns (6.726%)  route 14.705ns (93.274%))
  Logic Levels:           2  (IBUF=1 LUT1=1)
  Clock Path Skew:        4.771ns (DCD - SCD + CPR)
    Destination Clock Delay (DCD):    4.771ns
    Source Clock Delay      (SCD):    0.000ns
    Clock Pessimism Removal (CPR):    0.000ns
  Clock Uncertainty:      0.025ns  ((TSJ^2 + TIJ^2)^1/2 + DJ) / 2 + PE
    Total System Jitter     (TSJ):    0.050ns
    Total Input Jitter      (TIJ):    0.000ns
    Discrete Jitter          (DJ):    0.000ns
    Phase Error              (PE):    0.000ns

    Location             Delay type                Incr(ns)  Path(ns)    Netlist Resource(s)
  -------------------------------------------------------------------    -------------------
    U14                                               0.000     0.000 r  reset_n
                         net (fo=0)                   0.000     0.000    reset_n
    U14                  IBUF (Prop_ibuf_I_O)         0.936     0.936 r  reset_n_IBUF_inst/O
                         net (fo=40, routed)          5.355     6.291    sha/reg_if_inst/sha_inst/scheduler_inst/reset_n_IBUF
    SLICE_X59Y2          LUT1 (Prop_lut1_I0_O)        0.124     6.415 f  sha/reg_if_inst/sha_inst/scheduler_inst/latched_rd[4]_i_1/O
                         net (fo=2369, routed)        9.350    15.765    sha/reg_if_inst/sha_inst/reset_n
    SLICE_X31Y26         FDCE                                         f  sha/reg_if_inst/sha_inst/block_reg_reg[282]/CLR
  -------------------------------------------------------------------    -------------------

                         (clock sys_clk rise edge)    0.000     0.000 r  <hidden>
    W5                                                0.000     0.000 r  clk
                         net (fo=0)                   0.000     0.000    clk
    W5                   IBUF (Prop_ibuf_I_O)         1.388     1.388 r  clk_IBUF_inst/O
                         net (fo=1, routed)           1.862     3.250    clk_IBUF
    BUFGCTRL_X0Y0        BUFG (Prop_bufg_I_O)         0.091     3.341 r  clk_IBUF_BUFG_inst/O
                         net (fo=3065, routed)        1.430     4.771    sha/reg_if_inst/sha_inst/clk_IBUF_BUFG
    SLICE_X31Y26         FDCE                                         r  sha/reg_if_inst/sha_inst/block_reg_reg[282]/C

Slack:                    inf
  Source:                 reset_n
                            (input port)
  Destination:            sha/reg_if_inst/sha_inst/block_reg_reg[312]/CLR
                            (recovery check against rising-edge clock sys_clk  {rise@0.000ns fall@5.000ns period=10.000ns})
  Path Group:             (none)
  Path Type:              Recovery (Max at Slow Process Corner)
  Data Path Delay:        15.765ns  (logic 1.060ns (6.726%)  route 14.705ns (93.274%))
  Logic Levels:           2  (IBUF=1 LUT1=1)
  Clock Path Skew:        4.771ns (DCD - SCD + CPR)
    Destination Clock Delay (DCD):    4.771ns
    Source Clock Delay      (SCD):    0.000ns
    Clock Pessimism Removal (CPR):    0.000ns
  Clock Uncertainty:      0.025ns  ((TSJ^2 + TIJ^2)^1/2 + DJ) / 2 + PE
    Total System Jitter     (TSJ):    0.050ns
    Total Input Jitter      (TIJ):    0.000ns
    Discrete Jitter          (DJ):    0.000ns
    Phase Error              (PE):    0.000ns

    Location             Delay type                Incr(ns)  Path(ns)    Netlist Resource(s)
  -------------------------------------------------------------------    -------------------
    U14                                               0.000     0.000 r  reset_n
                         net (fo=0)                   0.000     0.000    reset_n
    U14                  IBUF (Prop_ibuf_I_O)         0.936     0.936 r  reset_n_IBUF_inst/O
                         net (fo=40, routed)          5.355     6.291    sha/reg_if_inst/sha_inst/scheduler_inst/reset_n_IBUF
    SLICE_X59Y2          LUT1 (Prop_lut1_I0_O)        0.124     6.415 f  sha/reg_if_inst/sha_inst/scheduler_inst/latched_rd[4]_i_1/O
                         net (fo=2369, routed)        9.350    15.765    sha/reg_if_inst/sha_inst/reset_n
    SLICE_X31Y26         FDCE                                         f  sha/reg_if_inst/sha_inst/block_reg_reg[312]/CLR
  -------------------------------------------------------------------    -------------------

                         (clock sys_clk rise edge)    0.000     0.000 r  <hidden>
    W5                                                0.000     0.000 r  clk
                         net (fo=0)                   0.000     0.000    clk
    W5                   IBUF (Prop_ibuf_I_O)         1.388     1.388 r  clk_IBUF_inst/O
                         net (fo=1, routed)           1.862     3.250    clk_IBUF
    BUFGCTRL_X0Y0        BUFG (Prop_bufg_I_O)         0.091     3.341 r  clk_IBUF_BUFG_inst/O
                         net (fo=3065, routed)        1.430     4.771    sha/reg_if_inst/sha_inst/clk_IBUF_BUFG
    SLICE_X31Y26         FDCE                                         r  sha/reg_if_inst/sha_inst/block_reg_reg[312]/C

Slack:                    inf
  Source:                 reset_n
                            (input port)
  Destination:            sha/reg_if_inst/sha_inst/block_reg_reg[472]/CLR
                            (recovery check against rising-edge clock sys_clk  {rise@0.000ns fall@5.000ns period=10.000ns})
  Path Group:             (none)
  Path Type:              Recovery (Max at Slow Process Corner)
  Data Path Delay:        15.765ns  (logic 1.060ns (6.726%)  route 14.705ns (93.274%))
  Logic Levels:           2  (IBUF=1 LUT1=1)
  Clock Path Skew:        4.771ns (DCD - SCD + CPR)
    Destination Clock Delay (DCD):    4.771ns
    Source Clock Delay      (SCD):    0.000ns
    Clock Pessimism Removal (CPR):    0.000ns
  Clock Uncertainty:      0.025ns  ((TSJ^2 + TIJ^2)^1/2 + DJ) / 2 + PE
    Total System Jitter     (TSJ):    0.050ns
    Total Input Jitter      (TIJ):    0.000ns
    Discrete Jitter          (DJ):    0.000ns
    Phase Error              (PE):    0.000ns

    Location             Delay type                Incr(ns)  Path(ns)    Netlist Resource(s)
  -------------------------------------------------------------------    -------------------
    U14                                               0.000     0.000 r  reset_n
                         net (fo=0)                   0.000     0.000    reset_n
    U14                  IBUF (Prop_ibuf_I_O)         0.936     0.936 r  reset_n_IBUF_inst/O
                         net (fo=40, routed)          5.355     6.291    sha/reg_if_inst/sha_inst/scheduler_inst/reset_n_IBUF
    SLICE_X59Y2          LUT1 (Prop_lut1_I0_O)        0.124     6.415 f  sha/reg_if_inst/sha_inst/scheduler_inst/latched_rd[4]_i_1/O
                         net (fo=2369, routed)        9.350    15.765    sha/reg_if_inst/sha_inst/reset_n
    SLICE_X31Y26         FDCE                                         f  sha/reg_if_inst/sha_inst/block_reg_reg[472]/CLR
  -------------------------------------------------------------------    -------------------

                         (clock sys_clk rise edge)    0.000     0.000 r  <hidden>
    W5                                                0.000     0.000 r  clk
                         net (fo=0)                   0.000     0.000    clk
    W5                   IBUF (Prop_ibuf_I_O)         1.388     1.388 r  clk_IBUF_inst/O
                         net (fo=1, routed)           1.862     3.250    clk_IBUF
    BUFGCTRL_X0Y0        BUFG (Prop_bufg_I_O)         0.091     3.341 r  clk_IBUF_BUFG_inst/O
                         net (fo=3065, routed)        1.430     4.771    sha/reg_if_inst/sha_inst/clk_IBUF_BUFG
    SLICE_X31Y26         FDCE                                         r  sha/reg_if_inst/sha_inst/block_reg_reg[472]/C

Slack:                    inf
  Source:                 reset_n
                            (input port)
  Destination:            sha/reg_if_inst/sha_inst/scheduler_inst/w_mem_reg[4][24]/CLR
                            (recovery check against rising-edge clock sys_clk  {rise@0.000ns fall@5.000ns period=10.000ns})
  Path Group:             (none)
  Path Type:              Recovery (Max at Slow Process Corner)
  Data Path Delay:        15.765ns  (logic 1.060ns (6.726%)  route 14.705ns (93.274%))
  Logic Levels:           2  (IBUF=1 LUT1=1)
  Clock Path Skew:        4.771ns (DCD - SCD + CPR)
    Destination Clock Delay (DCD):    4.771ns
    Source Clock Delay      (SCD):    0.000ns
    Clock Pessimism Removal (CPR):    0.000ns
  Clock Uncertainty:      0.025ns  ((TSJ^2 + TIJ^2)^1/2 + DJ) / 2 + PE
    Total System Jitter     (TSJ):    0.050ns
    Total Input Jitter      (TIJ):    0.000ns
    Discrete Jitter          (DJ):    0.000ns
    Phase Error              (PE):    0.000ns

    Location             Delay type                Incr(ns)  Path(ns)    Netlist Resource(s)
  -------------------------------------------------------------------    -------------------
    U14                                               0.000     0.000 r  reset_n
                         net (fo=0)                   0.000     0.000    reset_n
    U14                  IBUF (Prop_ibuf_I_O)         0.936     0.936 r  reset_n_IBUF_inst/O
                         net (fo=40, routed)          5.355     6.291    sha/reg_if_inst/sha_inst/scheduler_inst/reset_n_IBUF
    SLICE_X59Y2          LUT1 (Prop_lut1_I0_O)        0.124     6.415 f  sha/reg_if_inst/sha_inst/scheduler_inst/latched_rd[4]_i_1/O
                         net (fo=2369, routed)        9.350    15.765    sha/reg_if_inst/sha_inst/scheduler_inst/reset_n
    SLICE_X30Y26         FDCE                                         f  sha/reg_if_inst/sha_inst/scheduler_inst/w_mem_reg[4][24]/CLR
  -------------------------------------------------------------------    -------------------

                         (clock sys_clk rise edge)    0.000     0.000 r  <hidden>
    W5                                                0.000     0.000 r  clk
                         net (fo=0)                   0.000     0.000    clk
    W5                   IBUF (Prop_ibuf_I_O)         1.388     1.388 r  clk_IBUF_inst/O
                         net (fo=1, routed)           1.862     3.250    clk_IBUF
    BUFGCTRL_X0Y0        BUFG (Prop_bufg_I_O)         0.091     3.341 r  clk_IBUF_BUFG_inst/O
                         net (fo=3065, routed)        1.430     4.771    sha/reg_if_inst/sha_inst/scheduler_inst/clk_IBUF_BUFG
    SLICE_X30Y26         FDCE                                         r  sha/reg_if_inst/sha_inst/scheduler_inst/w_mem_reg[4][24]/C

Slack:                    inf
  Source:                 reset_n
                            (input port)
  Destination:            sha/reg_if_inst/sha_inst/scheduler_inst/w_mem_reg[4][26]/CLR
                            (recovery check against rising-edge clock sys_clk  {rise@0.000ns fall@5.000ns period=10.000ns})
  Path Group:             (none)
  Path Type:              Recovery (Max at Slow Process Corner)
  Data Path Delay:        15.765ns  (logic 1.060ns (6.726%)  route 14.705ns (93.274%))
  Logic Levels:           2  (IBUF=1 LUT1=1)
  Clock Path Skew:        4.771ns (DCD - SCD + CPR)
    Destination Clock Delay (DCD):    4.771ns
    Source Clock Delay      (SCD):    0.000ns
    Clock Pessimism Removal (CPR):    0.000ns
  Clock Uncertainty:      0.025ns  ((TSJ^2 + TIJ^2)^1/2 + DJ) / 2 + PE
    Total System Jitter     (TSJ):    0.050ns
    Total Input Jitter      (TIJ):    0.000ns
    Discrete Jitter          (DJ):    0.000ns
    Phase Error              (PE):    0.000ns

    Location             Delay type                Incr(ns)  Path(ns)    Netlist Resource(s)
  -------------------------------------------------------------------    -------------------
    U14                                               0.000     0.000 r  reset_n
                         net (fo=0)                   0.000     0.000    reset_n
    U14                  IBUF (Prop_ibuf_I_O)         0.936     0.936 r  reset_n_IBUF_inst/O
                         net (fo=40, routed)          5.355     6.291    sha/reg_if_inst/sha_inst/scheduler_inst/reset_n_IBUF
    SLICE_X59Y2          LUT1 (Prop_lut1_I0_O)        0.124     6.415 f  sha/reg_if_inst/sha_inst/scheduler_inst/latched_rd[4]_i_1/O
                         net (fo=2369, routed)        9.350    15.765    sha/reg_if_inst/sha_inst/scheduler_inst/reset_n
    SLICE_X30Y26         FDCE                                         f  sha/reg_if_inst/sha_inst/scheduler_inst/w_mem_reg[4][26]/CLR
  -------------------------------------------------------------------    -------------------

                         (clock sys_clk rise edge)    0.000     0.000 r  <hidden>
    W5                                                0.000     0.000 r  clk
                         net (fo=0)                   0.000     0.000    clk
    W5                   IBUF (Prop_ibuf_I_O)         1.388     1.388 r  clk_IBUF_inst/O
                         net (fo=1, routed)           1.862     3.250    clk_IBUF
    BUFGCTRL_X0Y0        BUFG (Prop_bufg_I_O)         0.091     3.341 r  clk_IBUF_BUFG_inst/O
                         net (fo=3065, routed)        1.430     4.771    sha/reg_if_inst/sha_inst/scheduler_inst/clk_IBUF_BUFG
    SLICE_X30Y26         FDCE                                         r  sha/reg_if_inst/sha_inst/scheduler_inst/w_mem_reg[4][26]/C

Slack:                    inf
  Source:                 reset_n
                            (input port)
  Destination:            cpu/picorv32_core/count_cycle_reg[60]/R
                            (rising edge-triggered cell FDRE clocked by sys_clk  {rise@0.000ns fall@5.000ns period=10.000ns})
  Path Group:             (none)
  Path Type:              Setup (Max at Slow Process Corner)
  Data Path Delay:        15.681ns  (logic 1.060ns (6.762%)  route 14.620ns (93.238%))
  Logic Levels:           2  (IBUF=1 LUT1=1)
  Clock Path Skew:        4.845ns (DCD - SCD + CPR)
    Destination Clock Delay (DCD):    4.845ns
    Source Clock Delay      (SCD):    0.000ns
    Clock Pessimism Removal (CPR):    0.000ns
  Clock Uncertainty:      0.025ns  ((TSJ^2 + TIJ^2)^1/2 + DJ) / 2 + PE
    Total System Jitter     (TSJ):    0.050ns
    Total Input Jitter      (TIJ):    0.000ns
    Discrete Jitter          (DJ):    0.000ns
    Phase Error              (PE):    0.000ns

    Location             Delay type                Incr(ns)  Path(ns)    Netlist Resource(s)
  -------------------------------------------------------------------    -------------------
    U14                                               0.000     0.000 f  reset_n
                         net (fo=0)                   0.000     0.000    reset_n
    U14                  IBUF (Prop_ibuf_I_O)         0.936     0.936 f  reset_n_IBUF_inst/O
                         net (fo=40, routed)          5.355     6.291    sha/reg_if_inst/sha_inst/scheduler_inst/reset_n_IBUF
    SLICE_X59Y2          LUT1 (Prop_lut1_I0_O)        0.124     6.415 r  sha/reg_if_inst/sha_inst/scheduler_inst/latched_rd[4]_i_1/O
                         net (fo=2369, routed)        9.265    15.681    cpu/picorv32_core/trap_reg_1
    SLICE_X61Y27         FDRE                                         r  cpu/picorv32_core/count_cycle_reg[60]/R
  -------------------------------------------------------------------    -------------------

                         (clock sys_clk rise edge)    0.000     0.000 r  <hidden>
    W5                                                0.000     0.000 r  clk
                         net (fo=0)                   0.000     0.000    clk
    W5                   IBUF (Prop_ibuf_I_O)         1.388     1.388 r  clk_IBUF_inst/O
                         net (fo=1, routed)           1.862     3.250    clk_IBUF
    BUFGCTRL_X0Y0        BUFG (Prop_bufg_I_O)         0.091     3.341 r  clk_IBUF_BUFG_inst/O
                         net (fo=3065, routed)        1.504     4.845    cpu/picorv32_core/clk_IBUF_BUFG
    SLICE_X61Y27         FDRE                                         r  cpu/picorv32_core/count_cycle_reg[60]/C





Min Delay Paths
--------------------------------------------------------------------------------------
Slack:                    inf
  Source:                 reset_n
                            (input port)
  Destination:            cpu/axi_adapter/ack_wvalid_reg/D
                            (rising edge-triggered cell FDRE clocked by sys_clk  {rise@0.000ns fall@5.000ns period=10.000ns})
  Path Group:             (none)
  Path Type:              Hold (Min at Fast Process Corner)
  Data Path Delay:        1.563ns  (logic 0.210ns (13.464%)  route 1.353ns (86.536%))
  Logic Levels:           2  (IBUF=1 LUT5=1)
  Clock Path Skew:        1.948ns (DCD - SCD - CPR)
    Destination Clock Delay (DCD):    1.948ns
    Source Clock Delay      (SCD):    0.000ns
    Clock Pessimism Removal (CPR):    -0.000ns

    Location             Delay type                Incr(ns)  Path(ns)    Netlist Resource(s)
  -------------------------------------------------------------------    -------------------
    U14                                               0.000     0.000 r  reset_n
                         net (fo=0)                   0.000     0.000    reset_n
    U14                  IBUF (Prop_ibuf_I_O)         0.165     0.165 r  reset_n_IBUF_inst/O
                         net (fo=40, routed)          1.353     1.518    cpu/axi_adapter/reset_n_IBUF
    SLICE_X42Y28         LUT5 (Prop_lut5_I2_O)        0.045     1.563 r  cpu/axi_adapter/ack_wvalid_i_1/O
                         net (fo=1, routed)           0.000     1.563    cpu/axi_adapter/ack_wvalid_i_1_n_0
    SLICE_X42Y28         FDRE                                         r  cpu/axi_adapter/ack_wvalid_reg/D
  -------------------------------------------------------------------    -------------------

                         (clock sys_clk rise edge)    0.000     0.000 r  <hidden>
    W5                                                0.000     0.000 r  clk
                         net (fo=0)                   0.000     0.000    clk
    W5                   IBUF (Prop_ibuf_I_O)         0.414     0.414 r  clk_IBUF_inst/O
                         net (fo=1, routed)           0.685     1.099    clk_IBUF
    BUFGCTRL_X0Y0        BUFG (Prop_bufg_I_O)         0.029     1.128 r  clk_IBUF_BUFG_inst/O
                         net (fo=3065, routed)        0.821     1.948    cpu/axi_adapter/clk_IBUF_BUFG
    SLICE_X42Y28         FDRE                                         r  cpu/axi_adapter/ack_wvalid_reg/C

Slack:                    inf
  Source:                 reset_n
                            (input port)
  Destination:            cpu/axi_adapter/ack_awvalid_reg/D
                            (rising edge-triggered cell FDRE clocked by sys_clk  {rise@0.000ns fall@5.000ns period=10.000ns})
  Path Group:             (none)
  Path Type:              Hold (Min at Fast Process Corner)
  Data Path Delay:        1.564ns  (logic 0.210ns (13.455%)  route 1.354ns (86.545%))
  Logic Levels:           2  (IBUF=1 LUT5=1)
  Clock Path Skew:        1.948ns (DCD - SCD - CPR)
    Destination Clock Delay (DCD):    1.948ns
    Source Clock Delay      (SCD):    0.000ns
    Clock Pessimism Removal (CPR):    -0.000ns

    Location             Delay type                Incr(ns)  Path(ns)    Netlist Resource(s)
  -------------------------------------------------------------------    -------------------
    U14                                               0.000     0.000 r  reset_n
                         net (fo=0)                   0.000     0.000    reset_n
    U14                  IBUF (Prop_ibuf_I_O)         0.165     0.165 r  reset_n_IBUF_inst/O
                         net (fo=40, routed)          1.354     1.519    cpu/picorv32_core/reset_n_IBUF
    SLICE_X42Y28         LUT5 (Prop_lut5_I0_O)        0.045     1.564 r  cpu/picorv32_core/ack_awvalid_i_1/O
                         net (fo=1, routed)           0.000     1.564    cpu/axi_adapter/ack_awvalid_reg_0
    SLICE_X42Y28         FDRE                                         r  cpu/axi_adapter/ack_awvalid_reg/D
  -------------------------------------------------------------------    -------------------

                         (clock sys_clk rise edge)    0.000     0.000 r  <hidden>
    W5                                                0.000     0.000 r  clk
                         net (fo=0)                   0.000     0.000    clk
    W5                   IBUF (Prop_ibuf_I_O)         0.414     0.414 r  clk_IBUF_inst/O
                         net (fo=1, routed)           0.685     1.099    clk_IBUF
    BUFGCTRL_X0Y0        BUFG (Prop_bufg_I_O)         0.029     1.128 r  clk_IBUF_BUFG_inst/O
                         net (fo=3065, routed)        0.821     1.948    cpu/axi_adapter/clk_IBUF_BUFG
    SLICE_X42Y28         FDRE                                         r  cpu/axi_adapter/ack_awvalid_reg/C

Slack:                    inf
  Source:                 reset_n
                            (input port)
  Destination:            cpu/axi_adapter/xfer_done_reg/D
                            (rising edge-triggered cell FDRE clocked by sys_clk  {rise@0.000ns fall@5.000ns period=10.000ns})
  Path Group:             (none)
  Path Type:              Hold (Min at Fast Process Corner)
  Data Path Delay:        1.574ns  (logic 0.210ns (13.374%)  route 1.363ns (86.626%))
  Logic Levels:           2  (IBUF=1 LUT3=1)
  Clock Path Skew:        1.948ns (DCD - SCD - CPR)
    Destination Clock Delay (DCD):    1.948ns
    Source Clock Delay      (SCD):    0.000ns
    Clock Pessimism Removal (CPR):    -0.000ns

    Location             Delay type                Incr(ns)  Path(ns)    Netlist Resource(s)
  -------------------------------------------------------------------    -------------------
    U14                                               0.000     0.000 r  reset_n
                         net (fo=0)                   0.000     0.000    reset_n
    U14                  IBUF (Prop_ibuf_I_O)         0.165     0.165 r  reset_n_IBUF_inst/O
                         net (fo=40, routed)          1.363     1.529    decoder/reset_n_IBUF
    SLICE_X42Y28         LUT3 (Prop_lut3_I1_O)        0.045     1.574 r  decoder/xfer_done_i_1/O
                         net (fo=1, routed)           0.000     1.574    cpu/axi_adapter/xfer_done_reg_1
    SLICE_X42Y28         FDRE                                         r  cpu/axi_adapter/xfer_done_reg/D
  -------------------------------------------------------------------    -------------------

                         (clock sys_clk rise edge)    0.000     0.000 r  <hidden>
    W5                                                0.000     0.000 r  clk
                         net (fo=0)                   0.000     0.000    clk
    W5                   IBUF (Prop_ibuf_I_O)         0.414     0.414 r  clk_IBUF_inst/O
                         net (fo=1, routed)           0.685     1.099    clk_IBUF
    BUFGCTRL_X0Y0        BUFG (Prop_bufg_I_O)         0.029     1.128 r  clk_IBUF_BUFG_inst/O
                         net (fo=3065, routed)        0.821     1.948    cpu/axi_adapter/clk_IBUF_BUFG
    SLICE_X42Y28         FDRE                                         r  cpu/axi_adapter/xfer_done_reg/C

Slack:                    inf
  Source:                 reset_n
                            (input port)
  Destination:            cpu/axi_adapter/ack_arvalid_reg/D
                            (rising edge-triggered cell FDRE clocked by sys_clk  {rise@0.000ns fall@5.000ns period=10.000ns})
  Path Group:             (none)
  Path Type:              Hold (Min at Fast Process Corner)
  Data Path Delay:        1.717ns  (logic 0.210ns (12.262%)  route 1.506ns (87.738%))
  Logic Levels:           2  (IBUF=1 LUT6=1)
  Clock Path Skew:        1.949ns (DCD - SCD - CPR)
    Destination Clock Delay (DCD):    1.949ns
    Source Clock Delay      (SCD):    0.000ns
    Clock Pessimism Removal (CPR):    -0.000ns

    Location             Delay type                Incr(ns)  Path(ns)    Netlist Resource(s)
  -------------------------------------------------------------------    -------------------
    U14                                               0.000     0.000 r  reset_n
                         net (fo=0)                   0.000     0.000    reset_n
    U14                  IBUF (Prop_ibuf_I_O)         0.165     0.165 r  reset_n_IBUF_inst/O
                         net (fo=40, routed)          1.506     1.672    cpu/axi_adapter/reset_n_IBUF
    SLICE_X46Y28         LUT6 (Prop_lut6_I3_O)        0.045     1.717 r  cpu/axi_adapter/ack_arvalid_i_1/O
                         net (fo=1, routed)           0.000     1.717    cpu/axi_adapter/ack_arvalid_i_1_n_0
    SLICE_X46Y28         FDRE                                         r  cpu/axi_adapter/ack_arvalid_reg/D
  -------------------------------------------------------------------    -------------------

                         (clock sys_clk rise edge)    0.000     0.000 r  <hidden>
    W5                                                0.000     0.000 r  clk
                         net (fo=0)                   0.000     0.000    clk
    W5                   IBUF (Prop_ibuf_I_O)         0.414     0.414 r  clk_IBUF_inst/O
                         net (fo=1, routed)           0.685     1.099    clk_IBUF
    BUFGCTRL_X0Y0        BUFG (Prop_bufg_I_O)         0.029     1.128 r  clk_IBUF_BUFG_inst/O
                         net (fo=3065, routed)        0.822     1.949    cpu/axi_adapter/clk_IBUF_BUFG
    SLICE_X46Y28         FDRE                                         r  cpu/axi_adapter/ack_arvalid_reg/C

Slack:                    inf
  Source:                 reset_n
                            (input port)
  Destination:            cpu/picorv32_core/mem_wordsize_reg[0]/D
                            (rising edge-triggered cell FDRE clocked by sys_clk  {rise@0.000ns fall@5.000ns period=10.000ns})
  Path Group:             (none)
  Path Type:              Hold (Min at Fast Process Corner)
  Data Path Delay:        1.781ns  (logic 0.210ns (11.816%)  route 1.571ns (88.184%))
  Logic Levels:           2  (IBUF=1 LUT5=1)
  Clock Path Skew:        1.946ns (DCD - SCD - CPR)
    Destination Clock Delay (DCD):    1.946ns
    Source Clock Delay      (SCD):    0.000ns
    Clock Pessimism Removal (CPR):    -0.000ns

    Location             Delay type                Incr(ns)  Path(ns)    Netlist Resource(s)
  -------------------------------------------------------------------    -------------------
    U14                                               0.000     0.000 r  reset_n
                         net (fo=0)                   0.000     0.000    reset_n
    U14                  IBUF (Prop_ibuf_I_O)         0.165     0.165 r  reset_n_IBUF_inst/O
                         net (fo=40, routed)          1.571     1.736    cpu/picorv32_core/reset_n_IBUF
    SLICE_X47Y26         LUT5 (Prop_lut5_I1_O)        0.045     1.781 r  cpu/picorv32_core/mem_wordsize[0]_i_1/O
                         net (fo=1, routed)           0.000     1.781    cpu/picorv32_core/mem_wordsize[0]_i_1_n_0
    SLICE_X47Y26         FDRE                                         r  cpu/picorv32_core/mem_wordsize_reg[0]/D
  -------------------------------------------------------------------    -------------------

                         (clock sys_clk rise edge)    0.000     0.000 r  <hidden>
    W5                                                0.000     0.000 r  clk
                         net (fo=0)                   0.000     0.000    clk
    W5                   IBUF (Prop_ibuf_I_O)         0.414     0.414 r  clk_IBUF_inst/O
                         net (fo=1, routed)           0.685     1.099    clk_IBUF
    BUFGCTRL_X0Y0        BUFG (Prop_bufg_I_O)         0.029     1.128 r  clk_IBUF_BUFG_inst/O
                         net (fo=3065, routed)        0.819     1.946    cpu/picorv32_core/clk_IBUF_BUFG
    SLICE_X47Y26         FDRE                                         r  cpu/picorv32_core/mem_wordsize_reg[0]/C

Slack:                    inf
  Source:                 reset_n
                            (input port)
  Destination:            cpu/picorv32_core/mem_valid_reg/D
                            (rising edge-triggered cell FDRE clocked by sys_clk  {rise@0.000ns fall@5.000ns period=10.000ns})
  Path Group:             (none)
  Path Type:              Hold (Min at Fast Process Corner)
  Data Path Delay:        1.816ns  (logic 0.210ns (11.588%)  route 1.606ns (88.412%))
  Logic Levels:           2  (IBUF=1 LUT4=1)
  Clock Path Skew:        1.948ns (DCD - SCD - CPR)
    Destination Clock Delay (DCD):    1.948ns
    Source Clock Delay      (SCD):    0.000ns
    Clock Pessimism Removal (CPR):    -0.000ns

    Location             Delay type                Incr(ns)  Path(ns)    Netlist Resource(s)
  -------------------------------------------------------------------    -------------------
    U14                                               0.000     0.000 r  reset_n
                         net (fo=0)                   0.000     0.000    reset_n
    U14                  IBUF (Prop_ibuf_I_O)         0.165     0.165 r  reset_n_IBUF_inst/O
                         net (fo=40, routed)          1.606     1.771    cpu/picorv32_core/reset_n_IBUF
    SLICE_X46Y27         LUT4 (Prop_lut4_I2_O)        0.045     1.816 r  cpu/picorv32_core/mem_valid_i_1/O
                         net (fo=1, routed)           0.000     1.816    cpu/picorv32_core/mem_valid_i_1_n_0
    SLICE_X46Y27         FDRE                                         r  cpu/picorv32_core/mem_valid_reg/D
  -------------------------------------------------------------------    -------------------

                         (clock sys_clk rise edge)    0.000     0.000 r  <hidden>
    W5                                                0.000     0.000 r  clk
                         net (fo=0)                   0.000     0.000    clk
    W5                   IBUF (Prop_ibuf_I_O)         0.414     0.414 r  clk_IBUF_inst/O
                         net (fo=1, routed)           0.685     1.099    clk_IBUF
    BUFGCTRL_X0Y0        BUFG (Prop_bufg_I_O)         0.029     1.128 r  clk_IBUF_BUFG_inst/O
                         net (fo=3065, routed)        0.821     1.948    cpu/picorv32_core/clk_IBUF_BUFG
    SLICE_X46Y27         FDRE                                         r  cpu/picorv32_core/mem_valid_reg/C

Slack:                    inf
  Source:                 reset_n
                            (input port)
  Destination:            cpu/picorv32_core/mem_wstrb_reg[0]/R
                            (rising edge-triggered cell FDRE clocked by sys_clk  {rise@0.000ns fall@5.000ns period=10.000ns})
  Path Group:             (none)
  Path Type:              Hold (Min at Fast Process Corner)
  Data Path Delay:        1.868ns  (logic 0.210ns (11.267%)  route 1.658ns (88.733%))
  Logic Levels:           2  (IBUF=1 LUT5=1)
  Clock Path Skew:        1.948ns (DCD - SCD - CPR)
    Destination Clock Delay (DCD):    1.948ns
    Source Clock Delay      (SCD):    0.000ns
    Clock Pessimism Removal (CPR):    -0.000ns

    Location             Delay type                Incr(ns)  Path(ns)    Netlist Resource(s)
  -------------------------------------------------------------------    -------------------
    U14                                               0.000     0.000 r  reset_n
                         net (fo=0)                   0.000     0.000    reset_n
    U14                  IBUF (Prop_ibuf_I_O)         0.165     0.165 r  reset_n_IBUF_inst/O
                         net (fo=40, routed)          1.435     1.600    cpu/picorv32_core/reset_n_IBUF
    SLICE_X46Y27         LUT5 (Prop_lut5_I1_O)        0.045     1.645 r  cpu/picorv32_core/mem_wstrb[3]_i_1/O
                         net (fo=4, routed)           0.223     1.868    cpu/picorv32_core/mem_wstrb[3]_i_1_n_0
    SLICE_X44Y22         FDRE                                         r  cpu/picorv32_core/mem_wstrb_reg[0]/R
  -------------------------------------------------------------------    -------------------

                         (clock sys_clk rise edge)    0.000     0.000 r  <hidden>
    W5                                                0.000     0.000 r  clk
                         net (fo=0)                   0.000     0.000    clk
    W5                   IBUF (Prop_ibuf_I_O)         0.414     0.414 r  clk_IBUF_inst/O
                         net (fo=1, routed)           0.685     1.099    clk_IBUF
    BUFGCTRL_X0Y0        BUFG (Prop_bufg_I_O)         0.029     1.128 r  clk_IBUF_BUFG_inst/O
                         net (fo=3065, routed)        0.821     1.948    cpu/picorv32_core/clk_IBUF_BUFG
    SLICE_X44Y22         FDRE                                         r  cpu/picorv32_core/mem_wstrb_reg[0]/C

Slack:                    inf
  Source:                 reset_n
                            (input port)
  Destination:            cpu/picorv32_core/mem_wstrb_reg[1]/R
                            (rising edge-triggered cell FDRE clocked by sys_clk  {rise@0.000ns fall@5.000ns period=10.000ns})
  Path Group:             (none)
  Path Type:              Hold (Min at Fast Process Corner)
  Data Path Delay:        1.868ns  (logic 0.210ns (11.267%)  route 1.658ns (88.733%))
  Logic Levels:           2  (IBUF=1 LUT5=1)
  Clock Path Skew:        1.948ns (DCD - SCD - CPR)
    Destination Clock Delay (DCD):    1.948ns
    Source Clock Delay      (SCD):    0.000ns
    Clock Pessimism Removal (CPR):    -0.000ns

    Location             Delay type                Incr(ns)  Path(ns)    Netlist Resource(s)
  -------------------------------------------------------------------    -------------------
    U14                                               0.000     0.000 r  reset_n
                         net (fo=0)                   0.000     0.000    reset_n
    U14                  IBUF (Prop_ibuf_I_O)         0.165     0.165 r  reset_n_IBUF_inst/O
                         net (fo=40, routed)          1.435     1.600    cpu/picorv32_core/reset_n_IBUF
    SLICE_X46Y27         LUT5 (Prop_lut5_I1_O)        0.045     1.645 r  cpu/picorv32_core/mem_wstrb[3]_i_1/O
                         net (fo=4, routed)           0.223     1.868    cpu/picorv32_core/mem_wstrb[3]_i_1_n_0
    SLICE_X44Y22         FDRE                                         r  cpu/picorv32_core/mem_wstrb_reg[1]/R
  -------------------------------------------------------------------    -------------------

                         (clock sys_clk rise edge)    0.000     0.000 r  <hidden>
    W5                                                0.000     0.000 r  clk
                         net (fo=0)                   0.000     0.000    clk
    W5                   IBUF (Prop_ibuf_I_O)         0.414     0.414 r  clk_IBUF_inst/O
                         net (fo=1, routed)           0.685     1.099    clk_IBUF
    BUFGCTRL_X0Y0        BUFG (Prop_bufg_I_O)         0.029     1.128 r  clk_IBUF_BUFG_inst/O
                         net (fo=3065, routed)        0.821     1.948    cpu/picorv32_core/clk_IBUF_BUFG
    SLICE_X44Y22         FDRE                                         r  cpu/picorv32_core/mem_wstrb_reg[1]/C

Slack:                    inf
  Source:                 reset_n
                            (input port)
  Destination:            cpu/picorv32_core/mem_wstrb_reg[2]/R
                            (rising edge-triggered cell FDRE clocked by sys_clk  {rise@0.000ns fall@5.000ns period=10.000ns})
  Path Group:             (none)
  Path Type:              Hold (Min at Fast Process Corner)
  Data Path Delay:        1.868ns  (logic 0.210ns (11.267%)  route 1.658ns (88.733%))
  Logic Levels:           2  (IBUF=1 LUT5=1)
  Clock Path Skew:        1.948ns (DCD - SCD - CPR)
    Destination Clock Delay (DCD):    1.948ns
    Source Clock Delay      (SCD):    0.000ns
    Clock Pessimism Removal (CPR):    -0.000ns

    Location             Delay type                Incr(ns)  Path(ns)    Netlist Resource(s)
  -------------------------------------------------------------------    -------------------
    U14                                               0.000     0.000 r  reset_n
                         net (fo=0)                   0.000     0.000    reset_n
    U14                  IBUF (Prop_ibuf_I_O)         0.165     0.165 r  reset_n_IBUF_inst/O
                         net (fo=40, routed)          1.435     1.600    cpu/picorv32_core/reset_n_IBUF
    SLICE_X46Y27         LUT5 (Prop_lut5_I1_O)        0.045     1.645 r  cpu/picorv32_core/mem_wstrb[3]_i_1/O
                         net (fo=4, routed)           0.223     1.868    cpu/picorv32_core/mem_wstrb[3]_i_1_n_0
    SLICE_X44Y22         FDRE                                         r  cpu/picorv32_core/mem_wstrb_reg[2]/R
  -------------------------------------------------------------------    -------------------

                         (clock sys_clk rise edge)    0.000     0.000 r  <hidden>
    W5                                                0.000     0.000 r  clk
                         net (fo=0)                   0.000     0.000    clk
    W5                   IBUF (Prop_ibuf_I_O)         0.414     0.414 r  clk_IBUF_inst/O
                         net (fo=1, routed)           0.685     1.099    clk_IBUF
    BUFGCTRL_X0Y0        BUFG (Prop_bufg_I_O)         0.029     1.128 r  clk_IBUF_BUFG_inst/O
                         net (fo=3065, routed)        0.821     1.948    cpu/picorv32_core/clk_IBUF_BUFG
    SLICE_X44Y22         FDRE                                         r  cpu/picorv32_core/mem_wstrb_reg[2]/C

Slack:                    inf
  Source:                 reset_n
                            (input port)
  Destination:            cpu/picorv32_core/mem_wstrb_reg[3]/R
                            (rising edge-triggered cell FDRE clocked by sys_clk  {rise@0.000ns fall@5.000ns period=10.000ns})
  Path Group:             (none)
  Path Type:              Hold (Min at Fast Process Corner)
  Data Path Delay:        1.868ns  (logic 0.210ns (11.267%)  route 1.658ns (88.733%))
  Logic Levels:           2  (IBUF=1 LUT5=1)
  Clock Path Skew:        1.948ns (DCD - SCD - CPR)
    Destination Clock Delay (DCD):    1.948ns
    Source Clock Delay      (SCD):    0.000ns
    Clock Pessimism Removal (CPR):    -0.000ns

    Location             Delay type                Incr(ns)  Path(ns)    Netlist Resource(s)
  -------------------------------------------------------------------    -------------------
    U14                                               0.000     0.000 r  reset_n
                         net (fo=0)                   0.000     0.000    reset_n
    U14                  IBUF (Prop_ibuf_I_O)         0.165     0.165 r  reset_n_IBUF_inst/O
                         net (fo=40, routed)          1.435     1.600    cpu/picorv32_core/reset_n_IBUF
    SLICE_X46Y27         LUT5 (Prop_lut5_I1_O)        0.045     1.645 r  cpu/picorv32_core/mem_wstrb[3]_i_1/O
                         net (fo=4, routed)           0.223     1.868    cpu/picorv32_core/mem_wstrb[3]_i_1_n_0
    SLICE_X44Y22         FDRE                                         r  cpu/picorv32_core/mem_wstrb_reg[3]/R
  -------------------------------------------------------------------    -------------------

                         (clock sys_clk rise edge)    0.000     0.000 r  <hidden>
    W5                                                0.000     0.000 r  clk
                         net (fo=0)                   0.000     0.000    clk
    W5                   IBUF (Prop_ibuf_I_O)         0.414     0.414 r  clk_IBUF_inst/O
                         net (fo=1, routed)           0.685     1.099    clk_IBUF
    BUFGCTRL_X0Y0        BUFG (Prop_bufg_I_O)         0.029     1.128 r  clk_IBUF_BUFG_inst/O
                         net (fo=3065, routed)        0.821     1.948    cpu/picorv32_core/clk_IBUF_BUFG
    SLICE_X44Y22         FDRE                                         r  cpu/picorv32_core/mem_wstrb_reg[3]/C

Slack:                    inf
  Source:                 reset_n
                            (input port)
  Destination:            cpu/picorv32_core/mem_wstrb_reg[0]/CE
                            (rising edge-triggered cell FDRE clocked by sys_clk  {rise@0.000ns fall@5.000ns period=10.000ns})
  Path Group:             (none)
  Path Type:              Hold (Min at Fast Process Corner)
  Data Path Delay:        1.870ns  (logic 0.210ns (11.254%)  route 1.660ns (88.746%))
  Logic Levels:           2  (IBUF=1 LUT6=1)
  Clock Path Skew:        1.948ns (DCD - SCD - CPR)
    Destination Clock Delay (DCD):    1.948ns
    Source Clock Delay      (SCD):    0.000ns
    Clock Pessimism Removal (CPR):    -0.000ns

    Location             Delay type                Incr(ns)  Path(ns)    Netlist Resource(s)
  -------------------------------------------------------------------    -------------------
    U14                                               0.000     0.000 r  reset_n
                         net (fo=0)                   0.000     0.000    reset_n
    U14                  IBUF (Prop_ibuf_I_O)         0.165     0.165 r  reset_n_IBUF_inst/O
                         net (fo=40, routed)          1.437     1.602    cpu/picorv32_core/reset_n_IBUF
    SLICE_X46Y27         LUT6 (Prop_lut6_I4_O)        0.045     1.647 r  cpu/picorv32_core/mem_wstrb[3]_i_2/O
                         net (fo=4, routed)           0.223     1.870    cpu/picorv32_core/mem_wstrb[3]_i_2_n_0
    SLICE_X44Y22         FDRE                                         r  cpu/picorv32_core/mem_wstrb_reg[0]/CE
  -------------------------------------------------------------------    -------------------

                         (clock sys_clk rise edge)    0.000     0.000 r  <hidden>
    W5                                                0.000     0.000 r  clk
                         net (fo=0)                   0.000     0.000    clk
    W5                   IBUF (Prop_ibuf_I_O)         0.414     0.414 r  clk_IBUF_inst/O
                         net (fo=1, routed)           0.685     1.099    clk_IBUF
    BUFGCTRL_X0Y0        BUFG (Prop_bufg_I_O)         0.029     1.128 r  clk_IBUF_BUFG_inst/O
                         net (fo=3065, routed)        0.821     1.948    cpu/picorv32_core/clk_IBUF_BUFG
    SLICE_X44Y22         FDRE                                         r  cpu/picorv32_core/mem_wstrb_reg[0]/C

Slack:                    inf
  Source:                 reset_n
                            (input port)
  Destination:            cpu/picorv32_core/mem_wstrb_reg[1]/CE
                            (rising edge-triggered cell FDRE clocked by sys_clk  {rise@0.000ns fall@5.000ns period=10.000ns})
  Path Group:             (none)
  Path Type:              Hold (Min at Fast Process Corner)
  Data Path Delay:        1.870ns  (logic 0.210ns (11.254%)  route 1.660ns (88.746%))
  Logic Levels:           2  (IBUF=1 LUT6=1)
  Clock Path Skew:        1.948ns (DCD - SCD - CPR)
    Destination Clock Delay (DCD):    1.948ns
    Source Clock Delay      (SCD):    0.000ns
    Clock Pessimism Removal (CPR):    -0.000ns

    Location             Delay type                Incr(ns)  Path(ns)    Netlist Resource(s)
  -------------------------------------------------------------------    -------------------
    U14                                               0.000     0.000 r  reset_n
                         net (fo=0)                   0.000     0.000    reset_n
    U14                  IBUF (Prop_ibuf_I_O)         0.165     0.165 r  reset_n_IBUF_inst/O
                         net (fo=40, routed)          1.437     1.602    cpu/picorv32_core/reset_n_IBUF
    SLICE_X46Y27         LUT6 (Prop_lut6_I4_O)        0.045     1.647 r  cpu/picorv32_core/mem_wstrb[3]_i_2/O
                         net (fo=4, routed)           0.223     1.870    cpu/picorv32_core/mem_wstrb[3]_i_2_n_0
    SLICE_X44Y22         FDRE                                         r  cpu/picorv32_core/mem_wstrb_reg[1]/CE
  -------------------------------------------------------------------    -------------------

                         (clock sys_clk rise edge)    0.000     0.000 r  <hidden>
    W5                                                0.000     0.000 r  clk
                         net (fo=0)                   0.000     0.000    clk
    W5                   IBUF (Prop_ibuf_I_O)         0.414     0.414 r  clk_IBUF_inst/O
                         net (fo=1, routed)           0.685     1.099    clk_IBUF
    BUFGCTRL_X0Y0        BUFG (Prop_bufg_I_O)         0.029     1.128 r  clk_IBUF_BUFG_inst/O
                         net (fo=3065, routed)        0.821     1.948    cpu/picorv32_core/clk_IBUF_BUFG
    SLICE_X44Y22         FDRE                                         r  cpu/picorv32_core/mem_wstrb_reg[1]/C

Slack:                    inf
  Source:                 reset_n
                            (input port)
  Destination:            cpu/picorv32_core/mem_wstrb_reg[2]/CE
                            (rising edge-triggered cell FDRE clocked by sys_clk  {rise@0.000ns fall@5.000ns period=10.000ns})
  Path Group:             (none)
  Path Type:              Hold (Min at Fast Process Corner)
  Data Path Delay:        1.870ns  (logic 0.210ns (11.254%)  route 1.660ns (88.746%))
  Logic Levels:           2  (IBUF=1 LUT6=1)
  Clock Path Skew:        1.948ns (DCD - SCD - CPR)
    Destination Clock Delay (DCD):    1.948ns
    Source Clock Delay      (SCD):    0.000ns
    Clock Pessimism Removal (CPR):    -0.000ns

    Location             Delay type                Incr(ns)  Path(ns)    Netlist Resource(s)
  -------------------------------------------------------------------    -------------------
    U14                                               0.000     0.000 r  reset_n
                         net (fo=0)                   0.000     0.000    reset_n
    U14                  IBUF (Prop_ibuf_I_O)         0.165     0.165 r  reset_n_IBUF_inst/O
                         net (fo=40, routed)          1.437     1.602    cpu/picorv32_core/reset_n_IBUF
    SLICE_X46Y27         LUT6 (Prop_lut6_I4_O)        0.045     1.647 r  cpu/picorv32_core/mem_wstrb[3]_i_2/O
                         net (fo=4, routed)           0.223     1.870    cpu/picorv32_core/mem_wstrb[3]_i_2_n_0
    SLICE_X44Y22         FDRE                                         r  cpu/picorv32_core/mem_wstrb_reg[2]/CE
  -------------------------------------------------------------------    -------------------

                         (clock sys_clk rise edge)    0.000     0.000 r  <hidden>
    W5                                                0.000     0.000 r  clk
                         net (fo=0)                   0.000     0.000    clk
    W5                   IBUF (Prop_ibuf_I_O)         0.414     0.414 r  clk_IBUF_inst/O
                         net (fo=1, routed)           0.685     1.099    clk_IBUF
    BUFGCTRL_X0Y0        BUFG (Prop_bufg_I_O)         0.029     1.128 r  clk_IBUF_BUFG_inst/O
                         net (fo=3065, routed)        0.821     1.948    cpu/picorv32_core/clk_IBUF_BUFG
    SLICE_X44Y22         FDRE                                         r  cpu/picorv32_core/mem_wstrb_reg[2]/C

Slack:                    inf
  Source:                 reset_n
                            (input port)
  Destination:            cpu/picorv32_core/mem_wstrb_reg[3]/CE
                            (rising edge-triggered cell FDRE clocked by sys_clk  {rise@0.000ns fall@5.000ns period=10.000ns})
  Path Group:             (none)
  Path Type:              Hold (Min at Fast Process Corner)
  Data Path Delay:        1.870ns  (logic 0.210ns (11.254%)  route 1.660ns (88.746%))
  Logic Levels:           2  (IBUF=1 LUT6=1)
  Clock Path Skew:        1.948ns (DCD - SCD - CPR)
    Destination Clock Delay (DCD):    1.948ns
    Source Clock Delay      (SCD):    0.000ns
    Clock Pessimism Removal (CPR):    -0.000ns

    Location             Delay type                Incr(ns)  Path(ns)    Netlist Resource(s)
  -------------------------------------------------------------------    -------------------
    U14                                               0.000     0.000 r  reset_n
                         net (fo=0)                   0.000     0.000    reset_n
    U14                  IBUF (Prop_ibuf_I_O)         0.165     0.165 r  reset_n_IBUF_inst/O
                         net (fo=40, routed)          1.437     1.602    cpu/picorv32_core/reset_n_IBUF
    SLICE_X46Y27         LUT6 (Prop_lut6_I4_O)        0.045     1.647 r  cpu/picorv32_core/mem_wstrb[3]_i_2/O
                         net (fo=4, routed)           0.223     1.870    cpu/picorv32_core/mem_wstrb[3]_i_2_n_0
    SLICE_X44Y22         FDRE                                         r  cpu/picorv32_core/mem_wstrb_reg[3]/CE
  -------------------------------------------------------------------    -------------------

                         (clock sys_clk rise edge)    0.000     0.000 r  <hidden>
    W5                                                0.000     0.000 r  clk
                         net (fo=0)                   0.000     0.000    clk
    W5                   IBUF (Prop_ibuf_I_O)         0.414     0.414 r  clk_IBUF_inst/O
                         net (fo=1, routed)           0.685     1.099    clk_IBUF
    BUFGCTRL_X0Y0        BUFG (Prop_bufg_I_O)         0.029     1.128 r  clk_IBUF_BUFG_inst/O
                         net (fo=3065, routed)        0.821     1.948    cpu/picorv32_core/clk_IBUF_BUFG
    SLICE_X44Y22         FDRE                                         r  cpu/picorv32_core/mem_wstrb_reg[3]/C

Slack:                    inf
  Source:                 reset_n
                            (input port)
  Destination:            cpu/picorv32_core/mem_do_wdata_reg/D
                            (rising edge-triggered cell FDRE clocked by sys_clk  {rise@0.000ns fall@5.000ns period=10.000ns})
  Path Group:             (none)
  Path Type:              Hold (Min at Fast Process Corner)
  Data Path Delay:        2.120ns  (logic 0.210ns (9.931%)  route 1.909ns (90.069%))
  Logic Levels:           2  (IBUF=1 LUT5=1)
  Clock Path Skew:        1.948ns (DCD - SCD - CPR)
    Destination Clock Delay (DCD):    1.948ns
    Source Clock Delay      (SCD):    0.000ns
    Clock Pessimism Removal (CPR):    -0.000ns

    Location             Delay type                Incr(ns)  Path(ns)    Netlist Resource(s)
  -------------------------------------------------------------------    -------------------
    U14                                               0.000     0.000 r  reset_n
                         net (fo=0)                   0.000     0.000    reset_n
    U14                  IBUF (Prop_ibuf_I_O)         0.165     0.165 r  reset_n_IBUF_inst/O
                         net (fo=40, routed)          1.909     2.075    cpu/reset_n_IBUF
    SLICE_X49Y26         LUT5 (Prop_lut5_I3_O)        0.045     2.120 r  cpu/mem_do_wdata_i_1/O
                         net (fo=1, routed)           0.000     2.120    cpu/picorv32_core/mem_do_wdata_reg_0
    SLICE_X49Y26         FDRE                                         r  cpu/picorv32_core/mem_do_wdata_reg/D
  -------------------------------------------------------------------    -------------------

                         (clock sys_clk rise edge)    0.000     0.000 r  <hidden>
    W5                                                0.000     0.000 r  clk
                         net (fo=0)                   0.000     0.000    clk
    W5                   IBUF (Prop_ibuf_I_O)         0.414     0.414 r  clk_IBUF_inst/O
                         net (fo=1, routed)           0.685     1.099    clk_IBUF
    BUFGCTRL_X0Y0        BUFG (Prop_bufg_I_O)         0.029     1.128 r  clk_IBUF_BUFG_inst/O
                         net (fo=3065, routed)        0.821     1.948    cpu/picorv32_core/clk_IBUF_BUFG
    SLICE_X49Y26         FDRE                                         r  cpu/picorv32_core/mem_do_wdata_reg/C

Slack:                    inf
  Source:                 reset_n
                            (input port)
  Destination:            ram/memory_reg_3_2/ENBWREN
                            (rising edge-triggered cell RAMB36E1 clocked by sys_clk  {rise@0.000ns fall@5.000ns period=10.000ns})
  Path Group:             (none)
  Path Type:              Hold (Min at Fast Process Corner)
  Data Path Delay:        2.123ns  (logic 0.207ns (9.775%)  route 1.915ns (90.225%))
  Logic Levels:           2  (IBUF=1 LUT4=1)
  Clock Path Skew:        1.991ns (DCD - SCD - CPR)
    Destination Clock Delay (DCD):    1.991ns
    Source Clock Delay      (SCD):    0.000ns
    Clock Pessimism Removal (CPR):    -0.000ns

    Location             Delay type                Incr(ns)  Path(ns)    Netlist Resource(s)
  -------------------------------------------------------------------    -------------------
    U14                                               0.000     0.000 r  reset_n
                         net (fo=0)                   0.000     0.000    reset_n
    U14                  IBUF (Prop_ibuf_I_O)         0.165     0.165 r  reset_n_IBUF_inst/O
                         net (fo=40, routed)          1.599     1.765    cpu/picorv32_core/reset_n_IBUF
    SLICE_X47Y27         LUT4 (Prop_lut4_I3_O)        0.042     1.807 r  cpu/picorv32_core/memory_reg_0_0_i_2/O
                         net (fo=16, routed)          0.316     2.123    ram/s_axi_rdata0
    RAMB36_X1Y5          RAMB36E1                                     r  ram/memory_reg_3_2/ENBWREN
  -------------------------------------------------------------------    -------------------

                         (clock sys_clk rise edge)    0.000     0.000 r  <hidden>
    W5                                                0.000     0.000 r  clk
                         net (fo=0)                   0.000     0.000    clk
    W5                   IBUF (Prop_ibuf_I_O)         0.414     0.414 r  clk_IBUF_inst/O
                         net (fo=1, routed)           0.685     1.099    clk_IBUF
    BUFGCTRL_X0Y0        BUFG (Prop_bufg_I_O)         0.029     1.128 r  clk_IBUF_BUFG_inst/O
                         net (fo=3065, routed)        0.863     1.991    ram/clk_IBUF_BUFG
    RAMB36_X1Y5          RAMB36E1                                     r  ram/memory_reg_3_2/CLKBWRCLK

Slack:                    inf
  Source:                 reset_n
                            (input port)
  Destination:            cpu/picorv32_core/FSM_sequential_mem_state_reg[0]/D
                            (rising edge-triggered cell FDRE clocked by sys_clk  {rise@0.000ns fall@5.000ns period=10.000ns})
  Path Group:             (none)
  Path Type:              Hold (Min at Fast Process Corner)
  Data Path Delay:        2.154ns  (logic 0.208ns (9.678%)  route 1.946ns (90.322%))
  Logic Levels:           2  (IBUF=1 LUT4=1)
  Clock Path Skew:        1.951ns (DCD - SCD - CPR)
    Destination Clock Delay (DCD):    1.951ns
    Source Clock Delay      (SCD):    0.000ns
    Clock Pessimism Removal (CPR):    -0.000ns

    Location             Delay type                Incr(ns)  Path(ns)    Netlist Resource(s)
  -------------------------------------------------------------------    -------------------
    U14                                               0.000     0.000 r  reset_n
                         net (fo=0)                   0.000     0.000    reset_n
    U14                  IBUF (Prop_ibuf_I_O)         0.165     0.165 r  reset_n_IBUF_inst/O
                         net (fo=40, routed)          1.946     2.111    cpu/picorv32_core/reset_n_IBUF
    SLICE_X50Y27         LUT4 (Prop_lut4_I3_O)        0.043     2.154 r  cpu/picorv32_core/FSM_sequential_mem_state[0]_i_1/O
                         net (fo=1, routed)           0.000     2.154    cpu/picorv32_core/FSM_sequential_mem_state[0]_i_1_n_0
    SLICE_X50Y27         FDRE                                         r  cpu/picorv32_core/FSM_sequential_mem_state_reg[0]/D
  -------------------------------------------------------------------    -------------------

                         (clock sys_clk rise edge)    0.000     0.000 r  <hidden>
    W5                                                0.000     0.000 r  clk
                         net (fo=0)                   0.000     0.000    clk
    W5                   IBUF (Prop_ibuf_I_O)         0.414     0.414 r  clk_IBUF_inst/O
                         net (fo=1, routed)           0.685     1.099    clk_IBUF
    BUFGCTRL_X0Y0        BUFG (Prop_bufg_I_O)         0.029     1.128 r  clk_IBUF_BUFG_inst/O
                         net (fo=3065, routed)        0.824     1.951    cpu/picorv32_core/clk_IBUF_BUFG
    SLICE_X50Y27         FDRE                                         r  cpu/picorv32_core/FSM_sequential_mem_state_reg[0]/C

Slack:                    inf
  Source:                 reset_n
                            (input port)
  Destination:            cpu/picorv32_core/mem_wdata_reg[22]/CE
                            (rising edge-triggered cell FDRE clocked by sys_clk  {rise@0.000ns fall@5.000ns period=10.000ns})
  Path Group:             (none)
  Path Type:              Hold (Min at Fast Process Corner)
  Data Path Delay:        2.156ns  (logic 0.210ns (9.764%)  route 1.945ns (90.236%))
  Logic Levels:           2  (IBUF=1 LUT5=1)
  Clock Path Skew:        1.947ns (DCD - SCD - CPR)
    Destination Clock Delay (DCD):    1.947ns
    Source Clock Delay      (SCD):    0.000ns
    Clock Pessimism Removal (CPR):    -0.000ns

    Location             Delay type                Incr(ns)  Path(ns)    Netlist Resource(s)
  -------------------------------------------------------------------    -------------------
    U14                                               0.000     0.000 r  reset_n
                         net (fo=0)                   0.000     0.000    reset_n
    U14                  IBUF (Prop_ibuf_I_O)         0.165     0.165 r  reset_n_IBUF_inst/O
                         net (fo=40, routed)          1.679     1.845    cpu/picorv32_core/reset_n_IBUF
    SLICE_X49Y27         LUT5 (Prop_lut5_I3_O)        0.045     1.890 r  cpu/picorv32_core/mem_wdata[31]_i_1/O
                         net (fo=32, routed)          0.266     2.156    cpu/picorv32_core/mem_wdata[31]_i_1_n_0
    SLICE_X48Y24         FDRE                                         r  cpu/picorv32_core/mem_wdata_reg[22]/CE
  -------------------------------------------------------------------    -------------------

                         (clock sys_clk rise edge)    0.000     0.000 r  <hidden>
    W5                                                0.000     0.000 r  clk
                         net (fo=0)                   0.000     0.000    clk
    W5                   IBUF (Prop_ibuf_I_O)         0.414     0.414 r  clk_IBUF_inst/O
                         net (fo=1, routed)           0.685     1.099    clk_IBUF
    BUFGCTRL_X0Y0        BUFG (Prop_bufg_I_O)         0.029     1.128 r  clk_IBUF_BUFG_inst/O
                         net (fo=3065, routed)        0.820     1.947    cpu/picorv32_core/clk_IBUF_BUFG
    SLICE_X48Y24         FDRE                                         r  cpu/picorv32_core/mem_wdata_reg[22]/C

Slack:                    inf
  Source:                 reset_n
                            (input port)
  Destination:            cpu/picorv32_core/mem_wdata_reg[23]/CE
                            (rising edge-triggered cell FDRE clocked by sys_clk  {rise@0.000ns fall@5.000ns period=10.000ns})
  Path Group:             (none)
  Path Type:              Hold (Min at Fast Process Corner)
  Data Path Delay:        2.156ns  (logic 0.210ns (9.764%)  route 1.945ns (90.236%))
  Logic Levels:           2  (IBUF=1 LUT5=1)
  Clock Path Skew:        1.947ns (DCD - SCD - CPR)
    Destination Clock Delay (DCD):    1.947ns
    Source Clock Delay      (SCD):    0.000ns
    Clock Pessimism Removal (CPR):    -0.000ns

    Location             Delay type                Incr(ns)  Path(ns)    Netlist Resource(s)
  -------------------------------------------------------------------    -------------------
    U14                                               0.000     0.000 r  reset_n
                         net (fo=0)                   0.000     0.000    reset_n
    U14                  IBUF (Prop_ibuf_I_O)         0.165     0.165 r  reset_n_IBUF_inst/O
                         net (fo=40, routed)          1.679     1.845    cpu/picorv32_core/reset_n_IBUF
    SLICE_X49Y27         LUT5 (Prop_lut5_I3_O)        0.045     1.890 r  cpu/picorv32_core/mem_wdata[31]_i_1/O
                         net (fo=32, routed)          0.266     2.156    cpu/picorv32_core/mem_wdata[31]_i_1_n_0
    SLICE_X48Y24         FDRE                                         r  cpu/picorv32_core/mem_wdata_reg[23]/CE
  -------------------------------------------------------------------    -------------------

                         (clock sys_clk rise edge)    0.000     0.000 r  <hidden>
    W5                                                0.000     0.000 r  clk
                         net (fo=0)                   0.000     0.000    clk
    W5                   IBUF (Prop_ibuf_I_O)         0.414     0.414 r  clk_IBUF_inst/O
                         net (fo=1, routed)           0.685     1.099    clk_IBUF
    BUFGCTRL_X0Y0        BUFG (Prop_bufg_I_O)         0.029     1.128 r  clk_IBUF_BUFG_inst/O
                         net (fo=3065, routed)        0.820     1.947    cpu/picorv32_core/clk_IBUF_BUFG
    SLICE_X48Y24         FDRE                                         r  cpu/picorv32_core/mem_wdata_reg[23]/C

Slack:                    inf
  Source:                 reset_n
                            (input port)
  Destination:            cpu/picorv32_core/cpu_state_reg[2]/D
                            (rising edge-triggered cell FDRE clocked by sys_clk  {rise@0.000ns fall@5.000ns period=10.000ns})
  Path Group:             (none)
  Path Type:              Hold (Min at Fast Process Corner)
  Data Path Delay:        2.176ns  (logic 0.255ns (11.741%)  route 1.921ns (88.259%))
  Logic Levels:           3  (IBUF=1 LUT2=1 LUT6=1)
  Clock Path Skew:        1.949ns (DCD - SCD - CPR)
    Destination Clock Delay (DCD):    1.949ns
    Source Clock Delay      (SCD):    0.000ns
    Clock Pessimism Removal (CPR):    -0.000ns

    Location             Delay type                Incr(ns)  Path(ns)    Netlist Resource(s)
  -------------------------------------------------------------------    -------------------
    U14                                               0.000     0.000 r  reset_n
                         net (fo=0)                   0.000     0.000    reset_n
    U14                  IBUF (Prop_ibuf_I_O)         0.165     0.165 r  reset_n_IBUF_inst/O
                         net (fo=40, routed)          1.599     1.765    cpu/picorv32_core/reset_n_IBUF
    SLICE_X47Y27         LUT2 (Prop_lut2_I1_O)        0.045     1.810 r  cpu/picorv32_core/reg_op2[31]_i_1/O
                         net (fo=34, routed)          0.321     2.131    cpu/picorv32_core/reg_op2[31]_i_1_n_0
    SLICE_X52Y26         LUT6 (Prop_lut6_I4_O)        0.045     2.176 r  cpu/picorv32_core/cpu_state[2]_i_1/O
                         net (fo=1, routed)           0.000     2.176    cpu/picorv32_core/cpu_state0_out[2]
    SLICE_X52Y26         FDRE                                         r  cpu/picorv32_core/cpu_state_reg[2]/D
  -------------------------------------------------------------------    -------------------

                         (clock sys_clk rise edge)    0.000     0.000 r  <hidden>
    W5                                                0.000     0.000 r  clk
                         net (fo=0)                   0.000     0.000    clk
    W5                   IBUF (Prop_ibuf_I_O)         0.414     0.414 r  clk_IBUF_inst/O
                         net (fo=1, routed)           0.685     1.099    clk_IBUF
    BUFGCTRL_X0Y0        BUFG (Prop_bufg_I_O)         0.029     1.128 r  clk_IBUF_BUFG_inst/O
                         net (fo=3065, routed)        0.822     1.949    cpu/picorv32_core/clk_IBUF_BUFG
    SLICE_X52Y26         FDRE                                         r  cpu/picorv32_core/cpu_state_reg[2]/C





