Copyright 1986-2022 Xilinx, Inc. All Rights Reserved. Copyright 2022-2025 Advanced Micro Devices, Inc. All Rights Reserved.
-------------------------------------------------------------------------------------------------------------------------------------------------------------------------------------------------------------------
| Tool Version : Vivado v.2025.2 (win64) Build 6299465 Fri Nov 14 19:35:11 GMT 2025
| Date         : Mon Sep 21 22:24:32 2026
| Host         : DESKTOP-QH9F0UA running 64-bit major release  (build 9200)
| Command      : report_timing_summary -delay_type min_max -max_paths 20 -report_unconstrained -check_timing_verbose -file C:/Users/christian/Downloads/picorv-sha256-soc/vivado/reports/timing_summary_100mhz.rpt
| Design       : picorv_sha_soc
| Device       : 7a35t-cpg236
| Speed File   : -1  PRODUCTION 1.23 2018-06-13
| Design State : Routed
-------------------------------------------------------------------------------------------------------------------------------------------------------------------------------------------------------------------

Timing Summary Report

------------------------------------------------------------------------------------------------
| Timer Settings
| --------------
------------------------------------------------------------------------------------------------

  Enable Multi Corner Analysis               :  Yes
  Enable Pessimism Removal                   :  Yes
  Pessimism Removal Resolution               :  Nearest Common Node
  Enable Input Delay Default Clock           :  No
  Enable Preset / Clear Arcs                 :  No
  Disable Flight Delays                      :  No
  Ignore I/O Paths                           :  No
  Timing Early Launch at Borrowing Latches   :  No
  Borrow Time for Max Delay Exceptions       :  Yes
  Merge Timing Exceptions                    :  Yes
  Inter-SLR Compensation                     :  Conservative

  Corner  Analyze    Analyze    
  Name    Max Paths  Min Paths  
  ------  ---------  ---------  
  Slow    Yes        Yes        
  Fast    Yes        Yes        


------------------------------------------------------------------------------------------------
| Report Methodology
| ------------------
------------------------------------------------------------------------------------------------

Rule       Severity  Description                                 Violations  
---------  --------  ------------------------------------------  ----------  
SYNTH-6    Warning   Timing of a RAM block might be sub-optimal  16          
SYNTH-15   Warning   Byte wide write enable not inferred         16          
TIMING-18  Warning   Missing input or output delay               2           

Note: This report is based on the most recent report_methodology run and may not be up-to-date. Run report_methodology on the current design for the latest report.



check_timing report

Table of Contents
-----------------
1. checking no_clock (0)
2. checking constant_clock (0)
3. checking pulse_width_clock (0)
4. checking unconstrained_internal_endpoints (0)
5. checking no_input_delay (1)
6. checking no_output_delay (1)
7. checking multiple_clock (0)
8. checking generated_clocks (0)
9. checking loops (0)
10. checking partial_input_delay (0)
11. checking partial_output_delay (0)
12. checking latch_loops (0)

1. checking no_clock (0)
------------------------
 There are 0 register/latch pins with no clock.


2. checking constant_clock (0)
------------------------------
 There are 0 register/latch pins with constant_clock.


3. checking pulse_width_clock (0)
---------------------------------
 There are 0 register/latch pins which need pulse_width check


4. checking unconstrained_internal_endpoints (0)
------------------------------------------------
 There are 0 pins that are not constrained for maximum delay.

 There are 0 pins that are not constrained for maximum delay due to constant clock.


5. checking no_input_delay (1)
------------------------------
 There is 1 input port with no input delay specified. (HIGH)

reset_n

 There are 0 input ports with no input delay but user has a false path constraint.


6. checking no_output_delay (1)
-------------------------------
 There is 1 port with no output delay specified. (HIGH)

trap

 There are 0 ports with no output delay but user has a false path constraint

 There are 0 ports with no output delay but with a timing clock defined on it or propagating through it


7. checking multiple_clock (0)
------------------------------
 There are 0 register/latch pins with multiple clocks.


8. checking generated_clocks (0)
--------------------------------
 There are 0 generated clocks that are not connected to a clock source.


9. checking loops (0)
---------------------
 There are 0 combinational loops in the design.


10. checking partial_input_delay (0)
------------------------------------
 There are 0 input ports with partial input delay specified.


11. checking partial_output_delay (0)
-------------------------------------
 There are 0 ports with partial output delay specified.


12. checking latch_loops (0)
----------------------------
 There are 0 combinational latch loops in the design through latch input



------------------------------------------------------------------------------------------------
| Design Timing Summary
| ---------------------
------------------------------------------------------------------------------------------------

    WNS(ns)      TNS(ns)  TNS Failing Endpoints  TNS Total Endpoints      WHS(ns)      THS(ns)  THS Failing Endpoints  THS Total Endpoints     WPWS(ns)     TPWS(ns)  TPWS Failing Endpoints  TPWS Total Endpoints  
    -------      -------  ---------------------  -------------------      -------      -------  ---------------------  -------------------     --------     --------  ----------------------  --------------------  
      0.522        0.000                      0                 9073        0.020        0.000                      0                 9073        3.750        0.000                       0                  3070  


All user specified timing constraints are met.


------------------------------------------------------------------------------------------------
| Clock Summary
| -------------
------------------------------------------------------------------------------------------------

Clock    Waveform(ns)       Period(ns)      Frequency(MHz)
-----    ------------       ----------      --------------
sys_clk  {0.000 5.000}      10.000          100.000         


------------------------------------------------------------------------------------------------
| Intra Clock Table
| -----------------
------------------------------------------------------------------------------------------------

Clock             WNS(ns)      TNS(ns)  TNS Failing Endpoints  TNS Total Endpoints      WHS(ns)      THS(ns)  THS Failing Endpoints  THS Total Endpoints     WPWS(ns)     TPWS(ns)  TPWS Failing Endpoints  TPWS Total Endpoints  
-----             -------      -------  ---------------------  -------------------      -------      -------  ---------------------  -------------------     --------     --------  ----------------------  --------------------  
sys_clk             0.522        0.000                      0                 6853        0.020        0.000                      0                 6853        3.750        0.000                       0                  3070  


------------------------------------------------------------------------------------------------
| Inter Clock Table
| -----------------
------------------------------------------------------------------------------------------------

From Clock    To Clock          WNS(ns)      TNS(ns)  TNS Failing Endpoints  TNS Total Endpoints      WHS(ns)      THS(ns)  THS Failing Endpoints  THS Total Endpoints  
----------    --------          -------      -------  ---------------------  -------------------      -------      -------  ---------------------  -------------------  


------------------------------------------------------------------------------------------------
| Other Path Groups Table
| -----------------------
------------------------------------------------------------------------------------------------

Path Group         From Clock         To Clock               WNS(ns)      TNS(ns)  TNS Failing Endpoints  TNS Total Endpoints      WHS(ns)      THS(ns)  THS Failing Endpoints  THS Total Endpoints  
----------         ----------         --------               -------      -------  ---------------------  -------------------      -------      -------  ---------------------  -------------------  
**async_default**  sys_clk            sys_clk                  1.620        0.000                      0                 2220        0.645        0.000                      0                 2220  


------------------------------------------------------------------------------------------------
| User Ignored Path Table
| -----------------------
------------------------------------------------------------------------------------------------

Path Group    From Clock    To Clock    
----------    ----------    --------    


------------------------------------------------------------------------------------------------
| Unconstrained Path Table
| ------------------------
------------------------------------------------------------------------------------------------

Path Group    From Clock    To Clock    
----------    ----------    --------    
(none)        sys_clk                     
(none)                      sys_clk       


------------------------------------------------------------------------------------------------
| Timing Details
| --------------
------------------------------------------------------------------------------------------------


---------------------------------------------------------------------------------------------------
From Clock:  sys_clk
  To Clock:  sys_clk

Setup :            0  Failing Endpoints,  Worst Slack        0.522ns,  Total Violation        0.000ns
Hold  :            0  Failing Endpoints,  Worst Slack        0.020ns,  Total Violation        0.000ns
PW    :            0  Failing Endpoints,  Worst Slack        3.750ns,  Total Violation        0.000ns
---------------------------------------------------------------------------------------------------


Max Delay Paths
--------------------------------------------------------------------------------------
Slack (MET) :             0.522ns  (required time - arrival time)
  Source:                 sha/reg_if_inst/sha_inst/core_inst/g_reg[3]/C
                            (rising edge-triggered cell FDPE clocked by sys_clk  {rise@0.000ns fall@5.000ns period=10.000ns})
  Destination:            sha/reg_if_inst/sha_inst/core_inst/a_reg[31]/D
                            (rising edge-triggered cell FDCE clocked by sys_clk  {rise@0.000ns fall@5.000ns period=10.000ns})
  Path Group:             sys_clk
  Path Type:              Setup (Max at Slow Process Corner)
  Requirement:            10.000ns  (sys_clk rise@10.000ns - sys_clk rise@0.000ns)
  Data Path Delay:        9.410ns  (logic 4.564ns (48.503%)  route 4.846ns (51.497%))
  Logic Levels:           13  (CARRY4=7 LUT2=1 LUT5=3 LUT6=2)
  Clock Path Skew:        -0.108ns (DCD - SCD + CPR)
    Destination Clock Delay (DCD):    4.777ns = ( 14.777 - 10.000 ) 
    Source Clock Delay      (SCD):    5.073ns
    Clock Pessimism Removal (CPR):    0.188ns
  Clock Uncertainty:      0.035ns  ((TSJ^2 + TIJ^2)^1/2 + DJ) / 2 + PE
    Total System Jitter     (TSJ):    0.071ns
    Total Input Jitter      (TIJ):    0.000ns
    Discrete Jitter          (DJ):    0.000ns
    Phase Error              (PE):    0.000ns

    Location             Delay type                Incr(ns)  Path(ns)    Netlist Resource(s)
  -------------------------------------------------------------------    -------------------
                         (clock sys_clk rise edge)    0.000     0.000 r  
    W5                                                0.000     0.000 r  clk (IN)
                         net (fo=0)                   0.000     0.000    clk
    W5                   IBUF (Prop_ibuf_I_O)         1.458     1.458 r  clk_IBUF_inst/O
                         net (fo=1, routed)           1.967     3.425    clk_IBUF
    BUFGCTRL_X0Y0        BUFG (Prop_bufg_I_O)         0.096     3.521 r  clk_IBUF_BUFG_inst/O
                         net (fo=3069, routed)        1.552     5.073    sha/reg_if_inst/sha_inst/core_inst/clk_IBUF_BUFG
    SLICE_X32Y20         FDPE                                         r  sha/reg_if_inst/sha_inst/core_inst/g_reg[3]/C
  -------------------------------------------------------------------    -------------------
    SLICE_X32Y20         FDPE (Prop_fdpe_C_Q)         0.419     5.492 r  sha/reg_if_inst/sha_inst/core_inst/g_reg[3]/Q
                         net (fo=4, routed)           0.871     6.363    sha/reg_if_inst/sha_inst/core_inst/g_reg_n_0_[3]
    SLICE_X30Y21         LUT5 (Prop_lut5_I2_O)        0.297     6.660 r  sha/reg_if_inst/sha_inst/core_inst/temp1__0_carry__0_i_4/O
                         net (fo=2, routed)           0.828     7.488    sha/reg_if_inst/sha_inst/core_inst/temp1__0_carry__0_i_4_n_0
    SLICE_X30Y23         CARRY4 (Prop_carry4_DI[0]_CO[3])
                                                      0.550     8.038 r  sha/reg_if_inst/sha_inst/core_inst/temp1__0_carry__0/CO[3]
                         net (fo=1, routed)           0.000     8.038    sha/reg_if_inst/sha_inst/core_inst/temp1__0_carry__0_n_0
    SLICE_X30Y24         CARRY4 (Prop_carry4_CI_O[3])
                                                      0.315     8.353 r  sha/reg_if_inst/sha_inst/core_inst/temp1__0_carry__1/O[3]
                         net (fo=2, routed)           0.796     9.148    sha/reg_if_inst/sha_inst/core_inst/temp1__0_carry__1_n_4
    SLICE_X43Y24         LUT5 (Prop_lut5_I4_O)        0.307     9.455 r  sha/reg_if_inst/sha_inst/core_inst/temp1__94_carry__2_i_4/O
                         net (fo=2, routed)           0.570    10.025    sha/reg_if_inst/sha_inst/core_inst/temp1__94_carry__2_i_4_n_0
    SLICE_X39Y24         LUT6 (Prop_lut6_I0_O)        0.124    10.149 r  sha/reg_if_inst/sha_inst/core_inst/temp1__94_carry__2_i_8/O
                         net (fo=1, routed)           0.000    10.149    sha/reg_if_inst/sha_inst/core_inst/temp1__94_carry__2_i_8_n_0
    SLICE_X39Y24         CARRY4 (Prop_carry4_S[0]_CO[3])
                                                      0.532    10.681 r  sha/reg_if_inst/sha_inst/core_inst/temp1__94_carry__2/CO[3]
                         net (fo=1, routed)           0.009    10.690    sha/reg_if_inst/sha_inst/core_inst/temp1__94_carry__2_n_0
    SLICE_X39Y25         CARRY4 (Prop_carry4_CI_CO[3])
                                                      0.114    10.804 r  sha/reg_if_inst/sha_inst/core_inst/temp1__94_carry__3/CO[3]
                         net (fo=1, routed)           0.000    10.804    sha/reg_if_inst/sha_inst/core_inst/temp1__94_carry__3_n_0
    SLICE_X39Y26         CARRY4 (Prop_carry4_CI_O[3])
                                                      0.313    11.117 r  sha/reg_if_inst/sha_inst/core_inst/temp1__94_carry__4/O[3]
                         net (fo=3, routed)           0.489    11.606    sha/reg_if_inst/sha_inst/core_inst/p_1_in_0[23]
    SLICE_X45Y27         LUT5 (Prop_lut5_I4_O)        0.306    11.912 r  sha/reg_if_inst/sha_inst/core_inst/a0__0_carry__5_i_4/O
                         net (fo=2, routed)           0.625    12.537    sha/reg_if_inst/sha_inst/core_inst/a0__0_carry__5_i_4_n_0
    SLICE_X46Y27         LUT6 (Prop_lut6_I0_O)        0.124    12.661 r  sha/reg_if_inst/sha_inst/core_inst/a0__0_carry__5_i_8/O
                         net (fo=1, routed)           0.000    12.661    sha/reg_if_inst/sha_inst/core_inst/a0__0_carry__5_i_8_n_0
    SLICE_X46Y27         CARRY4 (Prop_carry4_S[0]_CO[3])
                                                      0.513    13.174 r  sha/reg_if_inst/sha_inst/core_inst/a0__0_carry__5/CO[3]
                         net (fo=1, routed)           0.000    13.174    sha/reg_if_inst/sha_inst/core_inst/a0__0_carry__5_n_0
    SLICE_X46Y28         CARRY4 (Prop_carry4_CI_O[3])
                                                      0.315    13.489 r  sha/reg_if_inst/sha_inst/core_inst/a0__0_carry__6/O[3]
                         net (fo=1, routed)           0.658    14.148    sha/reg_if_inst/sha_inst/core_inst/in14[31]
    SLICE_X47Y28         LUT2 (Prop_lut2_I1_O)        0.335    14.483 r  sha/reg_if_inst/sha_inst/core_inst/a[31]_i_1/O
                         net (fo=1, routed)           0.000    14.483    sha/reg_if_inst/sha_inst/core_inst/a[31]
    SLICE_X47Y28         FDCE                                         r  sha/reg_if_inst/sha_inst/core_inst/a_reg[31]/D
  -------------------------------------------------------------------    -------------------

                         (clock sys_clk rise edge)   10.000    10.000 r  
    W5                                                0.000    10.000 r  clk (IN)
                         net (fo=0)                   0.000    10.000    clk
    W5                   IBUF (Prop_ibuf_I_O)         1.388    11.388 r  clk_IBUF_inst/O
                         net (fo=1, routed)           1.862    13.250    clk_IBUF
    BUFGCTRL_X0Y0        BUFG (Prop_bufg_I_O)         0.091    13.341 r  clk_IBUF_BUFG_inst/O
                         net (fo=3069, routed)        1.436    14.777    sha/reg_if_inst/sha_inst/core_inst/clk_IBUF_BUFG
    SLICE_X47Y28         FDCE                                         r  sha/reg_if_inst/sha_inst/core_inst/a_reg[31]/C
                         clock pessimism              0.188    14.965    
                         clock uncertainty           -0.035    14.930    
    SLICE_X47Y28         FDCE (Setup_fdce_C_D)        0.075    15.005    sha/reg_if_inst/sha_inst/core_inst/a_reg[31]
  -------------------------------------------------------------------
                         required time                         15.005    
                         arrival time                         -14.483    
  -------------------------------------------------------------------
                         slack                                  0.522    

Slack (MET) :             0.649ns  (required time - arrival time)
  Source:                 sha/reg_if_inst/sha_inst/core_inst/g_reg[3]/C
                            (rising edge-triggered cell FDPE clocked by sys_clk  {rise@0.000ns fall@5.000ns period=10.000ns})
  Destination:            sha/reg_if_inst/sha_inst/core_inst/a_reg[28]/D
                            (rising edge-triggered cell FDCE clocked by sys_clk  {rise@0.000ns fall@5.000ns period=10.000ns})
  Path Group:             sys_clk
  Path Type:              Setup (Max at Slow Process Corner)
  Requirement:            10.000ns  (sys_clk rise@10.000ns - sys_clk rise@0.000ns)
  Data Path Delay:        9.239ns  (logic 4.428ns (47.929%)  route 4.811ns (52.071%))
  Logic Levels:           13  (CARRY4=7 LUT2=1 LUT5=3 LUT6=2)
  Clock Path Skew:        -0.108ns (DCD - SCD + CPR)
    Destination Clock Delay (DCD):    4.777ns = ( 14.777 - 10.000 ) 
    Source Clock Delay      (SCD):    5.073ns
    Clock Pessimism Removal (CPR):    0.188ns
  Clock Uncertainty:      0.035ns  ((TSJ^2 + TIJ^2)^1/2 + DJ) / 2 + PE
    Total System Jitter     (TSJ):    0.071ns
    Total Input Jitter      (TIJ):    0.000ns
    Discrete Jitter          (DJ):    0.000ns
    Phase Error              (PE):    0.000ns

    Location             Delay type                Incr(ns)  Path(ns)    Netlist Resource(s)
  -------------------------------------------------------------------    -------------------
                         (clock sys_clk rise edge)    0.000     0.000 r  
    W5                                                0.000     0.000 r  clk (IN)
                         net (fo=0)                   0.000     0.000    clk
    W5                   IBUF (Prop_ibuf_I_O)         1.458     1.458 r  clk_IBUF_inst/O
                         net (fo=1, routed)           1.967     3.425    clk_IBUF
    BUFGCTRL_X0Y0        BUFG (Prop_bufg_I_O)         0.096     3.521 r  clk_IBUF_BUFG_inst/O
                         net (fo=3069, routed)        1.552     5.073    sha/reg_if_inst/sha_inst/core_inst/clk_IBUF_BUFG
    SLICE_X32Y20         FDPE                                         r  sha/reg_if_inst/sha_inst/core_inst/g_reg[3]/C
  -------------------------------------------------------------------    -------------------
    SLICE_X32Y20         FDPE (Prop_fdpe_C_Q)         0.419     5.492 r  sha/reg_if_inst/sha_inst/core_inst/g_reg[3]/Q
                         net (fo=4, routed)           0.871     6.363    sha/reg_if_inst/sha_inst/core_inst/g_reg_n_0_[3]
    SLICE_X30Y21         LUT5 (Prop_lut5_I2_O)        0.297     6.660 r  sha/reg_if_inst/sha_inst/core_inst/temp1__0_carry__0_i_4/O
                         net (fo=2, routed)           0.828     7.488    sha/reg_if_inst/sha_inst/core_inst/temp1__0_carry__0_i_4_n_0
    SLICE_X30Y23         CARRY4 (Prop_carry4_DI[0]_CO[3])
                                                      0.550     8.038 r  sha/reg_if_inst/sha_inst/core_inst/temp1__0_carry__0/CO[3]
                         net (fo=1, routed)           0.000     8.038    sha/reg_if_inst/sha_inst/core_inst/temp1__0_carry__0_n_0
    SLICE_X30Y24         CARRY4 (Prop_carry4_CI_O[3])
                                                      0.315     8.353 r  sha/reg_if_inst/sha_inst/core_inst/temp1__0_carry__1/O[3]
                         net (fo=2, routed)           0.796     9.148    sha/reg_if_inst/sha_inst/core_inst/temp1__0_carry__1_n_4
    SLICE_X43Y24         LUT5 (Prop_lut5_I4_O)        0.307     9.455 r  sha/reg_if_inst/sha_inst/core_inst/temp1__94_carry__2_i_4/O
                         net (fo=2, routed)           0.570    10.025    sha/reg_if_inst/sha_inst/core_inst/temp1__94_carry__2_i_4_n_0
    SLICE_X39Y24         LUT6 (Prop_lut6_I0_O)        0.124    10.149 r  sha/reg_if_inst/sha_inst/core_inst/temp1__94_carry__2_i_8/O
                         net (fo=1, routed)           0.000    10.149    sha/reg_if_inst/sha_inst/core_inst/temp1__94_carry__2_i_8_n_0
    SLICE_X39Y24         CARRY4 (Prop_carry4_S[0]_CO[3])
                                                      0.532    10.681 r  sha/reg_if_inst/sha_inst/core_inst/temp1__94_carry__2/CO[3]
                         net (fo=1, routed)           0.009    10.690    sha/reg_if_inst/sha_inst/core_inst/temp1__94_carry__2_n_0
    SLICE_X39Y25         CARRY4 (Prop_carry4_CI_CO[3])
                                                      0.114    10.804 r  sha/reg_if_inst/sha_inst/core_inst/temp1__94_carry__3/CO[3]
                         net (fo=1, routed)           0.000    10.804    sha/reg_if_inst/sha_inst/core_inst/temp1__94_carry__3_n_0
    SLICE_X39Y26         CARRY4 (Prop_carry4_CI_O[3])
                                                      0.313    11.117 r  sha/reg_if_inst/sha_inst/core_inst/temp1__94_carry__4/O[3]
                         net (fo=3, routed)           0.489    11.606    sha/reg_if_inst/sha_inst/core_inst/p_1_in_0[23]
    SLICE_X45Y27         LUT5 (Prop_lut5_I4_O)        0.306    11.912 r  sha/reg_if_inst/sha_inst/core_inst/a0__0_carry__5_i_4/O
                         net (fo=2, routed)           0.625    12.537    sha/reg_if_inst/sha_inst/core_inst/a0__0_carry__5_i_4_n_0
    SLICE_X46Y27         LUT6 (Prop_lut6_I0_O)        0.124    12.661 r  sha/reg_if_inst/sha_inst/core_inst/a0__0_carry__5_i_8/O
                         net (fo=1, routed)           0.000    12.661    sha/reg_if_inst/sha_inst/core_inst/a0__0_carry__5_i_8_n_0
    SLICE_X46Y27         CARRY4 (Prop_carry4_S[0]_CO[3])
                                                      0.513    13.174 r  sha/reg_if_inst/sha_inst/core_inst/a0__0_carry__5/CO[3]
                         net (fo=1, routed)           0.000    13.174    sha/reg_if_inst/sha_inst/core_inst/a0__0_carry__5_n_0
    SLICE_X46Y28         CARRY4 (Prop_carry4_CI_O[0])
                                                      0.219    13.393 r  sha/reg_if_inst/sha_inst/core_inst/a0__0_carry__6/O[0]
                         net (fo=1, routed)           0.623    14.017    sha/reg_if_inst/sha_inst/core_inst/in14[28]
    SLICE_X47Y28         LUT2 (Prop_lut2_I1_O)        0.295    14.312 r  sha/reg_if_inst/sha_inst/core_inst/a[28]_i_1/O
                         net (fo=1, routed)           0.000    14.312    sha/reg_if_inst/sha_inst/core_inst/a[28]
    SLICE_X47Y28         FDCE                                         r  sha/reg_if_inst/sha_inst/core_inst/a_reg[28]/D
  -------------------------------------------------------------------    -------------------

                         (clock sys_clk rise edge)   10.000    10.000 r  
    W5                                                0.000    10.000 r  clk (IN)
                         net (fo=0)                   0.000    10.000    clk
    W5                   IBUF (Prop_ibuf_I_O)         1.388    11.388 r  clk_IBUF_inst/O
                         net (fo=1, routed)           1.862    13.250    clk_IBUF
    BUFGCTRL_X0Y0        BUFG (Prop_bufg_I_O)         0.091    13.341 r  clk_IBUF_BUFG_inst/O
                         net (fo=3069, routed)        1.436    14.777    sha/reg_if_inst/sha_inst/core_inst/clk_IBUF_BUFG
    SLICE_X47Y28         FDCE                                         r  sha/reg_if_inst/sha_inst/core_inst/a_reg[28]/C
                         clock pessimism              0.188    14.965    
                         clock uncertainty           -0.035    14.930    
    SLICE_X47Y28         FDCE (Setup_fdce_C_D)        0.031    14.961    sha/reg_if_inst/sha_inst/core_inst/a_reg[28]
  -------------------------------------------------------------------
                         required time                         14.961    
                         arrival time                         -14.312    
  -------------------------------------------------------------------
                         slack                                  0.649    

Slack (MET) :             0.654ns  (required time - arrival time)
  Source:                 sha/reg_if_inst/sha_inst/core_inst/g_reg[3]/C
                            (rising edge-triggered cell FDPE clocked by sys_clk  {rise@0.000ns fall@5.000ns period=10.000ns})
  Destination:            sha/reg_if_inst/sha_inst/core_inst/a_reg[29]/D
                            (rising edge-triggered cell FDPE clocked by sys_clk  {rise@0.000ns fall@5.000ns period=10.000ns})
  Path Group:             sys_clk
  Path Type:              Setup (Max at Slow Process Corner)
  Requirement:            10.000ns  (sys_clk rise@10.000ns - sys_clk rise@0.000ns)
  Data Path Delay:        9.234ns  (logic 4.543ns (49.199%)  route 4.691ns (50.801%))
  Logic Levels:           13  (CARRY4=7 LUT3=1 LUT5=3 LUT6=2)
  Clock Path Skew:        -0.108ns (DCD - SCD + CPR)
    Destination Clock Delay (DCD):    4.777ns = ( 14.777 - 10.000 ) 
    Source Clock Delay      (SCD):    5.073ns
    Clock Pessimism Removal (CPR):    0.188ns
  Clock Uncertainty:      0.035ns  ((TSJ^2 + TIJ^2)^1/2 + DJ) / 2 + PE
    Total System Jitter     (TSJ):    0.071ns
    Total Input Jitter      (TIJ):    0.000ns
    Discrete Jitter          (DJ):    0.000ns
    Phase Error              (PE):    0.000ns

    Location             Delay type                Incr(ns)  Path(ns)    Netlist Resource(s)
  -------------------------------------------------------------------    -------------------
                         (clock sys_clk rise edge)    0.000     0.000 r  
    W5                                                0.000     0.000 r  clk (IN)
                         net (fo=0)                   0.000     0.000    clk
    W5                   IBUF (Prop_ibuf_I_O)         1.458     1.458 r  clk_IBUF_inst/O
                         net (fo=1, routed)           1.967     3.425    clk_IBUF
    BUFGCTRL_X0Y0        BUFG (Prop_bufg_I_O)         0.096     3.521 r  clk_IBUF_BUFG_inst/O
                         net (fo=3069, routed)        1.552     5.073    sha/reg_if_inst/sha_inst/core_inst/clk_IBUF_BUFG
    SLICE_X32Y20         FDPE                                         r  sha/reg_if_inst/sha_inst/core_inst/g_reg[3]/C
  -------------------------------------------------------------------    -------------------
    SLICE_X32Y20         FDPE (Prop_fdpe_C_Q)         0.419     5.492 r  sha/reg_if_inst/sha_inst/core_inst/g_reg[3]/Q
                         net (fo=4, routed)           0.871     6.363    sha/reg_if_inst/sha_inst/core_inst/g_reg_n_0_[3]
    SLICE_X30Y21         LUT5 (Prop_lut5_I2_O)        0.297     6.660 r  sha/reg_if_inst/sha_inst/core_inst/temp1__0_carry__0_i_4/O
                         net (fo=2, routed)           0.828     7.488    sha/reg_if_inst/sha_inst/core_inst/temp1__0_carry__0_i_4_n_0
    SLICE_X30Y23         CARRY4 (Prop_carry4_DI[0]_CO[3])
                                                      0.550     8.038 r  sha/reg_if_inst/sha_inst/core_inst/temp1__0_carry__0/CO[3]
                         net (fo=1, routed)           0.000     8.038    sha/reg_if_inst/sha_inst/core_inst/temp1__0_carry__0_n_0
    SLICE_X30Y24         CARRY4 (Prop_carry4_CI_O[3])
                                                      0.315     8.353 r  sha/reg_if_inst/sha_inst/core_inst/temp1__0_carry__1/O[3]
                         net (fo=2, routed)           0.796     9.148    sha/reg_if_inst/sha_inst/core_inst/temp1__0_carry__1_n_4
    SLICE_X43Y24         LUT5 (Prop_lut5_I4_O)        0.307     9.455 r  sha/reg_if_inst/sha_inst/core_inst/temp1__94_carry__2_i_4/O
                         net (fo=2, routed)           0.570    10.025    sha/reg_if_inst/sha_inst/core_inst/temp1__94_carry__2_i_4_n_0
    SLICE_X39Y24         LUT6 (Prop_lut6_I0_O)        0.124    10.149 r  sha/reg_if_inst/sha_inst/core_inst/temp1__94_carry__2_i_8/O
                         net (fo=1, routed)           0.000    10.149    sha/reg_if_inst/sha_inst/core_inst/temp1__94_carry__2_i_8_n_0
    SLICE_X39Y24         CARRY4 (Prop_carry4_S[0]_CO[3])
                                                      0.532    10.681 r  sha/reg_if_inst/sha_inst/core_inst/temp1__94_carry__2/CO[3]
                         net (fo=1, routed)           0.009    10.690    sha/reg_if_inst/sha_inst/core_inst/temp1__94_carry__2_n_0
    SLICE_X39Y25         CARRY4 (Prop_carry4_CI_CO[3])
                                                      0.114    10.804 r  sha/reg_if_inst/sha_inst/core_inst/temp1__94_carry__3/CO[3]
                         net (fo=1, routed)           0.000    10.804    sha/reg_if_inst/sha_inst/core_inst/temp1__94_carry__3_n_0
    SLICE_X39Y26         CARRY4 (Prop_carry4_CI_O[3])
                                                      0.313    11.117 r  sha/reg_if_inst/sha_inst/core_inst/temp1__94_carry__4/O[3]
                         net (fo=3, routed)           0.489    11.606    sha/reg_if_inst/sha_inst/core_inst/p_1_in_0[23]
    SLICE_X45Y27         LUT5 (Prop_lut5_I4_O)        0.306    11.912 r  sha/reg_if_inst/sha_inst/core_inst/a0__0_carry__5_i_4/O
                         net (fo=2, routed)           0.625    12.537    sha/reg_if_inst/sha_inst/core_inst/a0__0_carry__5_i_4_n_0
    SLICE_X46Y27         LUT6 (Prop_lut6_I0_O)        0.124    12.661 r  sha/reg_if_inst/sha_inst/core_inst/a0__0_carry__5_i_8/O
                         net (fo=1, routed)           0.000    12.661    sha/reg_if_inst/sha_inst/core_inst/a0__0_carry__5_i_8_n_0
    SLICE_X46Y27         CARRY4 (Prop_carry4_S[0]_CO[3])
                                                      0.513    13.174 r  sha/reg_if_inst/sha_inst/core_inst/a0__0_carry__5/CO[3]
                         net (fo=1, routed)           0.000    13.174    sha/reg_if_inst/sha_inst/core_inst/a0__0_carry__5_n_0
    SLICE_X46Y28         CARRY4 (Prop_carry4_CI_O[1])
                                                      0.323    13.497 r  sha/reg_if_inst/sha_inst/core_inst/a0__0_carry__6/O[1]
                         net (fo=1, routed)           0.504    14.001    sha/reg_if_inst/sha_inst/core_inst/in14[29]
    SLICE_X47Y28         LUT3 (Prop_lut3_I1_O)        0.306    14.307 r  sha/reg_if_inst/sha_inst/core_inst/a[29]_i_1/O
                         net (fo=1, routed)           0.000    14.307    sha/reg_if_inst/sha_inst/core_inst/a[29]
    SLICE_X47Y28         FDPE                                         r  sha/reg_if_inst/sha_inst/core_inst/a_reg[29]/D
  -------------------------------------------------------------------    -------------------

                         (clock sys_clk rise edge)   10.000    10.000 r  
    W5                                                0.000    10.000 r  clk (IN)
                         net (fo=0)                   0.000    10.000    clk
    W5                   IBUF (Prop_ibuf_I_O)         1.388    11.388 r  clk_IBUF_inst/O
                         net (fo=1, routed)           1.862    13.250    clk_IBUF
    BUFGCTRL_X0Y0        BUFG (Prop_bufg_I_O)         0.091    13.341 r  clk_IBUF_BUFG_inst/O
                         net (fo=3069, routed)        1.436    14.777    sha/reg_if_inst/sha_inst/core_inst/clk_IBUF_BUFG
    SLICE_X47Y28         FDPE                                         r  sha/reg_if_inst/sha_inst/core_inst/a_reg[29]/C
                         clock pessimism              0.188    14.965    
                         clock uncertainty           -0.035    14.930    
    SLICE_X47Y28         FDPE (Setup_fdpe_C_D)        0.031    14.961    sha/reg_if_inst/sha_inst/core_inst/a_reg[29]
  -------------------------------------------------------------------
                         required time                         14.961    
                         arrival time                         -14.307    
  -------------------------------------------------------------------
                         slack                                  0.654    

Slack (MET) :             0.743ns  (required time - arrival time)
  Source:                 sha/reg_if_inst/sha_inst/core_inst/g_reg[3]/C
                            (rising edge-triggered cell FDPE clocked by sys_clk  {rise@0.000ns fall@5.000ns period=10.000ns})
  Destination:            sha/reg_if_inst/sha_inst/core_inst/a_reg[25]/D
                            (rising edge-triggered cell FDPE clocked by sys_clk  {rise@0.000ns fall@5.000ns period=10.000ns})
  Path Group:             sys_clk
  Path Type:              Setup (Max at Slow Process Corner)
  Requirement:            10.000ns  (sys_clk rise@10.000ns - sys_clk rise@0.000ns)
  Data Path Delay:        9.144ns  (logic 4.328ns (47.333%)  route 4.816ns (52.667%))
  Logic Levels:           13  (CARRY4=7 LUT3=1 LUT5=3 LUT6=2)
  Clock Path Skew:        -0.110ns (DCD - SCD + CPR)
    Destination Clock Delay (DCD):    4.775ns = ( 14.775 - 10.000 ) 
    Source Clock Delay      (SCD):    5.073ns
    Clock Pessimism Removal (CPR):    0.188ns
  Clock Uncertainty:      0.035ns  ((TSJ^2 + TIJ^2)^1/2 + DJ) / 2 + PE
    Total System Jitter     (TSJ):    0.071ns
    Total Input Jitter      (TIJ):    0.000ns
    Discrete Jitter          (DJ):    0.000ns
    Phase Error              (PE):    0.000ns

    Location             Delay type                Incr(ns)  Path(ns)    Netlist Resource(s)
  -------------------------------------------------------------------    -------------------
                         (clock sys_clk rise edge)    0.000     0.000 r  
    W5                                                0.000     0.000 r  clk (IN)
                         net (fo=0)                   0.000     0.000    clk
    W5                   IBUF (Prop_ibuf_I_O)         1.458     1.458 r  clk_IBUF_inst/O
                         net (fo=1, routed)           1.967     3.425    clk_IBUF
    BUFGCTRL_X0Y0        BUFG (Prop_bufg_I_O)         0.096     3.521 r  clk_IBUF_BUFG_inst/O
                         net (fo=3069, routed)        1.552     5.073    sha/reg_if_inst/sha_inst/core_inst/clk_IBUF_BUFG
    SLICE_X32Y20         FDPE                                         r  sha/reg_if_inst/sha_inst/core_inst/g_reg[3]/C
  -------------------------------------------------------------------    -------------------
    SLICE_X32Y20         FDPE (Prop_fdpe_C_Q)         0.419     5.492 r  sha/reg_if_inst/sha_inst/core_inst/g_reg[3]/Q
                         net (fo=4, routed)           0.871     6.363    sha/reg_if_inst/sha_inst/core_inst/g_reg_n_0_[3]
    SLICE_X30Y21         LUT5 (Prop_lut5_I2_O)        0.297     6.660 r  sha/reg_if_inst/sha_inst/core_inst/temp1__0_carry__0_i_4/O
                         net (fo=2, routed)           0.828     7.488    sha/reg_if_inst/sha_inst/core_inst/temp1__0_carry__0_i_4_n_0
    SLICE_X30Y23         CARRY4 (Prop_carry4_DI[0]_CO[3])
                                                      0.550     8.038 r  sha/reg_if_inst/sha_inst/core_inst/temp1__0_carry__0/CO[3]
                         net (fo=1, routed)           0.000     8.038    sha/reg_if_inst/sha_inst/core_inst/temp1__0_carry__0_n_0
    SLICE_X30Y24         CARRY4 (Prop_carry4_CI_O[3])
                                                      0.315     8.353 r  sha/reg_if_inst/sha_inst/core_inst/temp1__0_carry__1/O[3]
                         net (fo=2, routed)           0.796     9.148    sha/reg_if_inst/sha_inst/core_inst/temp1__0_carry__1_n_4
    SLICE_X43Y24         LUT5 (Prop_lut5_I4_O)        0.307     9.455 r  sha/reg_if_inst/sha_inst/core_inst/temp1__94_carry__2_i_4/O
                         net (fo=2, routed)           0.570    10.025    sha/reg_if_inst/sha_inst/core_inst/temp1__94_carry__2_i_4_n_0
    SLICE_X39Y24         LUT6 (Prop_lut6_I0_O)        0.124    10.149 r  sha/reg_if_inst/sha_inst/core_inst/temp1__94_carry__2_i_8/O
                         net (fo=1, routed)           0.000    10.149    sha/reg_if_inst/sha_inst/core_inst/temp1__94_carry__2_i_8_n_0
    SLICE_X39Y24         CARRY4 (Prop_carry4_S[0]_CO[3])
                                                      0.532    10.681 r  sha/reg_if_inst/sha_inst/core_inst/temp1__94_carry__2/CO[3]
                         net (fo=1, routed)           0.009    10.690    sha/reg_if_inst/sha_inst/core_inst/temp1__94_carry__2_n_0
    SLICE_X39Y25         CARRY4 (Prop_carry4_CI_CO[3])
                                                      0.114    10.804 r  sha/reg_if_inst/sha_inst/core_inst/temp1__94_carry__3/CO[3]
                         net (fo=1, routed)           0.000    10.804    sha/reg_if_inst/sha_inst/core_inst/temp1__94_carry__3_n_0
    SLICE_X39Y26         CARRY4 (Prop_carry4_CI_O[2])
                                                      0.239    11.043 r  sha/reg_if_inst/sha_inst/core_inst/temp1__94_carry__4/O[2]
                         net (fo=3, routed)           0.597    11.641    sha/reg_if_inst/sha_inst/core_inst/p_1_in_0[22]
    SLICE_X45Y26         LUT5 (Prop_lut5_I4_O)        0.302    11.943 r  sha/reg_if_inst/sha_inst/core_inst/a0__0_carry__4_i_1/O
                         net (fo=2, routed)           0.574    12.517    sha/reg_if_inst/sha_inst/core_inst/a0__0_carry__4_i_1_n_0
    SLICE_X46Y26         LUT6 (Prop_lut6_I0_O)        0.124    12.641 r  sha/reg_if_inst/sha_inst/core_inst/a0__0_carry__4_i_5/O
                         net (fo=1, routed)           0.000    12.641    sha/reg_if_inst/sha_inst/core_inst/a0__0_carry__4_i_5_n_0
    SLICE_X46Y26         CARRY4 (Prop_carry4_S[3]_CO[3])
                                                      0.376    13.017 r  sha/reg_if_inst/sha_inst/core_inst/a0__0_carry__4/CO[3]
                         net (fo=1, routed)           0.000    13.017    sha/reg_if_inst/sha_inst/core_inst/a0__0_carry__4_n_0
    SLICE_X46Y27         CARRY4 (Prop_carry4_CI_O[1])
                                                      0.323    13.340 r  sha/reg_if_inst/sha_inst/core_inst/a0__0_carry__5/O[1]
                         net (fo=1, routed)           0.571    13.911    sha/reg_if_inst/sha_inst/core_inst/in14[25]
    SLICE_X45Y27         LUT3 (Prop_lut3_I1_O)        0.306    14.217 r  sha/reg_if_inst/sha_inst/core_inst/a[25]_i_1/O
                         net (fo=1, routed)           0.000    14.217    sha/reg_if_inst/sha_inst/core_inst/a[25]
    SLICE_X45Y27         FDPE                                         r  sha/reg_if_inst/sha_inst/core_inst/a_reg[25]/D
  -------------------------------------------------------------------    -------------------

                         (clock sys_clk rise edge)   10.000    10.000 r  
    W5                                                0.000    10.000 r  clk (IN)
                         net (fo=0)                   0.000    10.000    clk
    W5                   IBUF (Prop_ibuf_I_O)         1.388    11.388 r  clk_IBUF_inst/O
                         net (fo=1, routed)           1.862    13.250    clk_IBUF
    BUFGCTRL_X0Y0        BUFG (Prop_bufg_I_O)         0.091    13.341 r  clk_IBUF_BUFG_inst/O
                         net (fo=3069, routed)        1.434    14.775    sha/reg_if_inst/sha_inst/core_inst/clk_IBUF_BUFG
    SLICE_X45Y27         FDPE                                         r  sha/reg_if_inst/sha_inst/core_inst/a_reg[25]/C
                         clock pessimism              0.188    14.963    
                         clock uncertainty           -0.035    14.928    
    SLICE_X45Y27         FDPE (Setup_fdpe_C_D)        0.032    14.960    sha/reg_if_inst/sha_inst/core_inst/a_reg[25]
  -------------------------------------------------------------------
                         required time                         14.960    
                         arrival time                         -14.217    
  -------------------------------------------------------------------
                         slack                                  0.743    

Slack (MET) :             0.757ns  (required time - arrival time)
  Source:                 sha/reg_if_inst/sha_inst/core_inst/g_reg[3]/C
                            (rising edge-triggered cell FDPE clocked by sys_clk  {rise@0.000ns fall@5.000ns period=10.000ns})
  Destination:            sha/reg_if_inst/sha_inst/core_inst/a_reg[23]/D
                            (rising edge-triggered cell FDCE clocked by sys_clk  {rise@0.000ns fall@5.000ns period=10.000ns})
  Path Group:             sys_clk
  Path Type:              Setup (Max at Slow Process Corner)
  Requirement:            10.000ns  (sys_clk rise@10.000ns - sys_clk rise@0.000ns)
  Data Path Delay:        9.180ns  (logic 4.207ns (45.829%)  route 4.973ns (54.171%))
  Logic Levels:           11  (CARRY4=6 LUT2=1 LUT5=3 LUT6=1)
  Clock Path Skew:        -0.107ns (DCD - SCD + CPR)
    Destination Clock Delay (DCD):    4.778ns = ( 14.778 - 10.000 ) 
    Source Clock Delay      (SCD):    5.073ns
    Clock Pessimism Removal (CPR):    0.188ns
  Clock Uncertainty:      0.035ns  ((TSJ^2 + TIJ^2)^1/2 + DJ) / 2 + PE
    Total System Jitter     (TSJ):    0.071ns
    Total Input Jitter      (TIJ):    0.000ns
    Discrete Jitter          (DJ):    0.000ns
    Phase Error              (PE):    0.000ns

    Location             Delay type                Incr(ns)  Path(ns)    Netlist Resource(s)
  -------------------------------------------------------------------    -------------------
                         (clock sys_clk rise edge)    0.000     0.000 r  
    W5                                                0.000     0.000 r  clk (IN)
                         net (fo=0)                   0.000     0.000    clk
    W5                   IBUF (Prop_ibuf_I_O)         1.458     1.458 r  clk_IBUF_inst/O
                         net (fo=1, routed)           1.967     3.425    clk_IBUF
    BUFGCTRL_X0Y0        BUFG (Prop_bufg_I_O)         0.096     3.521 r  clk_IBUF_BUFG_inst/O
                         net (fo=3069, routed)        1.552     5.073    sha/reg_if_inst/sha_inst/core_inst/clk_IBUF_BUFG
    SLICE_X32Y20         FDPE                                         r  sha/reg_if_inst/sha_inst/core_inst/g_reg[3]/C
  -------------------------------------------------------------------    -------------------
    SLICE_X32Y20         FDPE (Prop_fdpe_C_Q)         0.419     5.492 r  sha/reg_if_inst/sha_inst/core_inst/g_reg[3]/Q
                         net (fo=4, routed)           0.871     6.363    sha/reg_if_inst/sha_inst/core_inst/g_reg_n_0_[3]
    SLICE_X30Y21         LUT5 (Prop_lut5_I2_O)        0.297     6.660 r  sha/reg_if_inst/sha_inst/core_inst/temp1__0_carry__0_i_4/O
                         net (fo=2, routed)           0.828     7.488    sha/reg_if_inst/sha_inst/core_inst/temp1__0_carry__0_i_4_n_0
    SLICE_X30Y23         CARRY4 (Prop_carry4_DI[0]_CO[3])
                                                      0.550     8.038 r  sha/reg_if_inst/sha_inst/core_inst/temp1__0_carry__0/CO[3]
                         net (fo=1, routed)           0.000     8.038    sha/reg_if_inst/sha_inst/core_inst/temp1__0_carry__0_n_0
    SLICE_X30Y24         CARRY4 (Prop_carry4_CI_O[3])
                                                      0.315     8.353 r  sha/reg_if_inst/sha_inst/core_inst/temp1__0_carry__1/O[3]
                         net (fo=2, routed)           0.796     9.148    sha/reg_if_inst/sha_inst/core_inst/temp1__0_carry__1_n_4
    SLICE_X43Y24         LUT5 (Prop_lut5_I4_O)        0.307     9.455 r  sha/reg_if_inst/sha_inst/core_inst/temp1__94_carry__2_i_4/O
                         net (fo=2, routed)           0.570    10.025    sha/reg_if_inst/sha_inst/core_inst/temp1__94_carry__2_i_4_n_0
    SLICE_X39Y24         LUT6 (Prop_lut6_I0_O)        0.124    10.149 r  sha/reg_if_inst/sha_inst/core_inst/temp1__94_carry__2_i_8/O
                         net (fo=1, routed)           0.000    10.149    sha/reg_if_inst/sha_inst/core_inst/temp1__94_carry__2_i_8_n_0
    SLICE_X39Y24         CARRY4 (Prop_carry4_S[0]_CO[3])
                                                      0.532    10.681 r  sha/reg_if_inst/sha_inst/core_inst/temp1__94_carry__2/CO[3]
                         net (fo=1, routed)           0.009    10.690    sha/reg_if_inst/sha_inst/core_inst/temp1__94_carry__2_n_0
    SLICE_X39Y25         CARRY4 (Prop_carry4_CI_O[1])
                                                      0.334    11.024 r  sha/reg_if_inst/sha_inst/core_inst/temp1__94_carry__3/O[1]
                         net (fo=3, routed)           0.626    11.650    sha/reg_if_inst/sha_inst/core_inst/p_1_in_0[17]
    SLICE_X45Y25         LUT5 (Prop_lut5_I4_O)        0.303    11.953 r  sha/reg_if_inst/sha_inst/core_inst/a0__0_carry__3_i_2/O
                         net (fo=2, routed)           0.521    12.474    sha/reg_if_inst/sha_inst/core_inst/a0__0_carry__3_i_2_n_0
    SLICE_X46Y25         CARRY4 (Prop_carry4_DI[2]_CO[3])
                                                      0.404    12.878 r  sha/reg_if_inst/sha_inst/core_inst/a0__0_carry__3/CO[3]
                         net (fo=1, routed)           0.000    12.878    sha/reg_if_inst/sha_inst/core_inst/a0__0_carry__3_n_0
    SLICE_X46Y26         CARRY4 (Prop_carry4_CI_O[3])
                                                      0.315    13.193 r  sha/reg_if_inst/sha_inst/core_inst/a0__0_carry__4/O[3]
                         net (fo=1, routed)           0.753    13.946    sha/reg_if_inst/sha_inst/core_inst/in14[23]
    SLICE_X46Y29         LUT2 (Prop_lut2_I1_O)        0.307    14.253 r  sha/reg_if_inst/sha_inst/core_inst/a[23]_i_1/O
                         net (fo=1, routed)           0.000    14.253    sha/reg_if_inst/sha_inst/core_inst/a[23]
    SLICE_X46Y29         FDCE                                         r  sha/reg_if_inst/sha_inst/core_inst/a_reg[23]/D
  -------------------------------------------------------------------    -------------------

                         (clock sys_clk rise edge)   10.000    10.000 r  
    W5                                                0.000    10.000 r  clk (IN)
                         net (fo=0)                   0.000    10.000    clk
    W5                   IBUF (Prop_ibuf_I_O)         1.388    11.388 r  clk_IBUF_inst/O
                         net (fo=1, routed)           1.862    13.250    clk_IBUF
    BUFGCTRL_X0Y0        BUFG (Prop_bufg_I_O)         0.091    13.341 r  clk_IBUF_BUFG_inst/O
                         net (fo=3069, routed)        1.437    14.778    sha/reg_if_inst/sha_inst/core_inst/clk_IBUF_BUFG
    SLICE_X46Y29         FDCE                                         r  sha/reg_if_inst/sha_inst/core_inst/a_reg[23]/C
                         clock pessimism              0.188    14.966    
                         clock uncertainty           -0.035    14.931    
    SLICE_X46Y29         FDCE (Setup_fdce_C_D)        0.079    15.010    sha/reg_if_inst/sha_inst/core_inst/a_reg[23]
  -------------------------------------------------------------------
                         required time                         15.010    
                         arrival time                         -14.253    
  -------------------------------------------------------------------
                         slack                                  0.757    

Slack (MET) :             0.783ns  (required time - arrival time)
  Source:                 sha/reg_if_inst/sha_inst/core_inst/g_reg[3]/C
                            (rising edge-triggered cell FDPE clocked by sys_clk  {rise@0.000ns fall@5.000ns period=10.000ns})
  Destination:            sha/reg_if_inst/sha_inst/core_inst/a_reg[27]/D
                            (rising edge-triggered cell FDPE clocked by sys_clk  {rise@0.000ns fall@5.000ns period=10.000ns})
  Path Group:             sys_clk
  Path Type:              Setup (Max at Slow Process Corner)
  Requirement:            10.000ns  (sys_clk rise@10.000ns - sys_clk rise@0.000ns)
  Data Path Delay:        9.147ns  (logic 4.314ns (47.165%)  route 4.833ns (52.835%))
  Logic Levels:           13  (CARRY4=7 LUT3=1 LUT5=3 LUT6=2)
  Clock Path Skew:        -0.110ns (DCD - SCD + CPR)
    Destination Clock Delay (DCD):    4.775ns = ( 14.775 - 10.000 ) 
    Source Clock Delay      (SCD):    5.073ns
    Clock Pessimism Removal (CPR):    0.188ns
  Clock Uncertainty:      0.035ns  ((TSJ^2 + TIJ^2)^1/2 + DJ) / 2 + PE
    Total System Jitter     (TSJ):    0.071ns
    Total Input Jitter      (TIJ):    0.000ns
    Discrete Jitter          (DJ):    0.000ns
    Phase Error              (PE):    0.000ns

    Location             Delay type                Incr(ns)  Path(ns)    Netlist Resource(s)
  -------------------------------------------------------------------    -------------------
                         (clock sys_clk rise edge)    0.000     0.000 r  
    W5                                                0.000     0.000 r  clk (IN)
                         net (fo=0)                   0.000     0.000    clk
    W5                   IBUF (Prop_ibuf_I_O)         1.458     1.458 r  clk_IBUF_inst/O
                         net (fo=1, routed)           1.967     3.425    clk_IBUF
    BUFGCTRL_X0Y0        BUFG (Prop_bufg_I_O)         0.096     3.521 r  clk_IBUF_BUFG_inst/O
                         net (fo=3069, routed)        1.552     5.073    sha/reg_if_inst/sha_inst/core_inst/clk_IBUF_BUFG
    SLICE_X32Y20         FDPE                                         r  sha/reg_if_inst/sha_inst/core_inst/g_reg[3]/C
  -------------------------------------------------------------------    -------------------
    SLICE_X32Y20         FDPE (Prop_fdpe_C_Q)         0.419     5.492 r  sha/reg_if_inst/sha_inst/core_inst/g_reg[3]/Q
                         net (fo=4, routed)           0.871     6.363    sha/reg_if_inst/sha_inst/core_inst/g_reg_n_0_[3]
    SLICE_X30Y21         LUT5 (Prop_lut5_I2_O)        0.297     6.660 r  sha/reg_if_inst/sha_inst/core_inst/temp1__0_carry__0_i_4/O
                         net (fo=2, routed)           0.828     7.488    sha/reg_if_inst/sha_inst/core_inst/temp1__0_carry__0_i_4_n_0
    SLICE_X30Y23         CARRY4 (Prop_carry4_DI[0]_CO[3])
                                                      0.550     8.038 r  sha/reg_if_inst/sha_inst/core_inst/temp1__0_carry__0/CO[3]
                         net (fo=1, routed)           0.000     8.038    sha/reg_if_inst/sha_inst/core_inst/temp1__0_carry__0_n_0
    SLICE_X30Y24         CARRY4 (Prop_carry4_CI_O[3])
                                                      0.315     8.353 r  sha/reg_if_inst/sha_inst/core_inst/temp1__0_carry__1/O[3]
                         net (fo=2, routed)           0.796     9.148    sha/reg_if_inst/sha_inst/core_inst/temp1__0_carry__1_n_4
    SLICE_X43Y24         LUT5 (Prop_lut5_I4_O)        0.307     9.455 r  sha/reg_if_inst/sha_inst/core_inst/temp1__94_carry__2_i_4/O
                         net (fo=2, routed)           0.570    10.025    sha/reg_if_inst/sha_inst/core_inst/temp1__94_carry__2_i_4_n_0
    SLICE_X39Y24         LUT6 (Prop_lut6_I0_O)        0.124    10.149 r  sha/reg_if_inst/sha_inst/core_inst/temp1__94_carry__2_i_8/O
                         net (fo=1, routed)           0.000    10.149    sha/reg_if_inst/sha_inst/core_inst/temp1__94_carry__2_i_8_n_0
    SLICE_X39Y24         CARRY4 (Prop_carry4_S[0]_CO[3])
                                                      0.532    10.681 r  sha/reg_if_inst/sha_inst/core_inst/temp1__94_carry__2/CO[3]
                         net (fo=1, routed)           0.009    10.690    sha/reg_if_inst/sha_inst/core_inst/temp1__94_carry__2_n_0
    SLICE_X39Y25         CARRY4 (Prop_carry4_CI_CO[3])
                                                      0.114    10.804 r  sha/reg_if_inst/sha_inst/core_inst/temp1__94_carry__3/CO[3]
                         net (fo=1, routed)           0.000    10.804    sha/reg_if_inst/sha_inst/core_inst/temp1__94_carry__3_n_0
    SLICE_X39Y26         CARRY4 (Prop_carry4_CI_O[2])
                                                      0.239    11.043 r  sha/reg_if_inst/sha_inst/core_inst/temp1__94_carry__4/O[2]
                         net (fo=3, routed)           0.597    11.641    sha/reg_if_inst/sha_inst/core_inst/p_1_in_0[22]
    SLICE_X45Y26         LUT5 (Prop_lut5_I4_O)        0.302    11.943 r  sha/reg_if_inst/sha_inst/core_inst/a0__0_carry__4_i_1/O
                         net (fo=2, routed)           0.574    12.517    sha/reg_if_inst/sha_inst/core_inst/a0__0_carry__4_i_1_n_0
    SLICE_X46Y26         LUT6 (Prop_lut6_I0_O)        0.124    12.641 r  sha/reg_if_inst/sha_inst/core_inst/a0__0_carry__4_i_5/O
                         net (fo=1, routed)           0.000    12.641    sha/reg_if_inst/sha_inst/core_inst/a0__0_carry__4_i_5_n_0
    SLICE_X46Y26         CARRY4 (Prop_carry4_S[3]_CO[3])
                                                      0.376    13.017 r  sha/reg_if_inst/sha_inst/core_inst/a0__0_carry__4/CO[3]
                         net (fo=1, routed)           0.000    13.017    sha/reg_if_inst/sha_inst/core_inst/a0__0_carry__4_n_0
    SLICE_X46Y27         CARRY4 (Prop_carry4_CI_O[3])
                                                      0.315    13.332 r  sha/reg_if_inst/sha_inst/core_inst/a0__0_carry__5/O[3]
                         net (fo=1, routed)           0.588    13.920    sha/reg_if_inst/sha_inst/core_inst/in14[27]
    SLICE_X45Y27         LUT3 (Prop_lut3_I1_O)        0.300    14.220 r  sha/reg_if_inst/sha_inst/core_inst/a[27]_i_1/O
                         net (fo=1, routed)           0.000    14.220    sha/reg_if_inst/sha_inst/core_inst/a[27]
    SLICE_X45Y27         FDPE                                         r  sha/reg_if_inst/sha_inst/core_inst/a_reg[27]/D
  -------------------------------------------------------------------    -------------------

                         (clock sys_clk rise edge)   10.000    10.000 r  
    W5                                                0.000    10.000 r  clk (IN)
                         net (fo=0)                   0.000    10.000    clk
    W5                   IBUF (Prop_ibuf_I_O)         1.388    11.388 r  clk_IBUF_inst/O
                         net (fo=1, routed)           1.862    13.250    clk_IBUF
    BUFGCTRL_X0Y0        BUFG (Prop_bufg_I_O)         0.091    13.341 r  clk_IBUF_BUFG_inst/O
                         net (fo=3069, routed)        1.434    14.775    sha/reg_if_inst/sha_inst/core_inst/clk_IBUF_BUFG
    SLICE_X45Y27         FDPE                                         r  sha/reg_if_inst/sha_inst/core_inst/a_reg[27]/C
                         clock pessimism              0.188    14.963    
                         clock uncertainty           -0.035    14.928    
    SLICE_X45Y27         FDPE (Setup_fdpe_C_D)        0.075    15.003    sha/reg_if_inst/sha_inst/core_inst/a_reg[27]
  -------------------------------------------------------------------
                         required time                         15.003    
                         arrival time                         -14.220    
  -------------------------------------------------------------------
                         slack                                  0.783    

Slack (MET) :             0.861ns  (required time - arrival time)
  Source:                 sha/reg_if_inst/sha_inst/core_inst/g_reg[3]/C
                            (rising edge-triggered cell FDPE clocked by sys_clk  {rise@0.000ns fall@5.000ns period=10.000ns})
  Destination:            sha/reg_if_inst/sha_inst/core_inst/a_reg[24]/D
                            (rising edge-triggered cell FDCE clocked by sys_clk  {rise@0.000ns fall@5.000ns period=10.000ns})
  Path Group:             sys_clk
  Path Type:              Setup (Max at Slow Process Corner)
  Requirement:            10.000ns  (sys_clk rise@10.000ns - sys_clk rise@0.000ns)
  Data Path Delay:        9.025ns  (logic 4.213ns (46.681%)  route 4.812ns (53.319%))
  Logic Levels:           13  (CARRY4=7 LUT2=1 LUT5=3 LUT6=2)
  Clock Path Skew:        -0.110ns (DCD - SCD + CPR)
    Destination Clock Delay (DCD):    4.775ns = ( 14.775 - 10.000 ) 
    Source Clock Delay      (SCD):    5.073ns
    Clock Pessimism Removal (CPR):    0.188ns
  Clock Uncertainty:      0.035ns  ((TSJ^2 + TIJ^2)^1/2 + DJ) / 2 + PE
    Total System Jitter     (TSJ):    0.071ns
    Total Input Jitter      (TIJ):    0.000ns
    Discrete Jitter          (DJ):    0.000ns
    Phase Error              (PE):    0.000ns

    Location             Delay type                Incr(ns)  Path(ns)    Netlist Resource(s)
  -------------------------------------------------------------------    -------------------
                         (clock sys_clk rise edge)    0.000     0.000 r  
    W5                                                0.000     0.000 r  clk (IN)
                         net (fo=0)                   0.000     0.000    clk
    W5                   IBUF (Prop_ibuf_I_O)         1.458     1.458 r  clk_IBUF_inst/O
                         net (fo=1, routed)           1.967     3.425    clk_IBUF
    BUFGCTRL_X0Y0        BUFG (Prop_bufg_I_O)         0.096     3.521 r  clk_IBUF_BUFG_inst/O
                         net (fo=3069, routed)        1.552     5.073    sha/reg_if_inst/sha_inst/core_inst/clk_IBUF_BUFG
    SLICE_X32Y20         FDPE                                         r  sha/reg_if_inst/sha_inst/core_inst/g_reg[3]/C
  -------------------------------------------------------------------    -------------------
    SLICE_X32Y20         FDPE (Prop_fdpe_C_Q)         0.419     5.492 r  sha/reg_if_inst/sha_inst/core_inst/g_reg[3]/Q
                         net (fo=4, routed)           0.871     6.363    sha/reg_if_inst/sha_inst/core_inst/g_reg_n_0_[3]
    SLICE_X30Y21         LUT5 (Prop_lut5_I2_O)        0.297     6.660 r  sha/reg_if_inst/sha_inst/core_inst/temp1__0_carry__0_i_4/O
                         net (fo=2, routed)           0.828     7.488    sha/reg_if_inst/sha_inst/core_inst/temp1__0_carry__0_i_4_n_0
    SLICE_X30Y23         CARRY4 (Prop_carry4_DI[0]_CO[3])
                                                      0.550     8.038 r  sha/reg_if_inst/sha_inst/core_inst/temp1__0_carry__0/CO[3]
                         net (fo=1, routed)           0.000     8.038    sha/reg_if_inst/sha_inst/core_inst/temp1__0_carry__0_n_0
    SLICE_X30Y24         CARRY4 (Prop_carry4_CI_O[3])
                                                      0.315     8.353 r  sha/reg_if_inst/sha_inst/core_inst/temp1__0_carry__1/O[3]
                         net (fo=2, routed)           0.796     9.148    sha/reg_if_inst/sha_inst/core_inst/temp1__0_carry__1_n_4
    SLICE_X43Y24         LUT5 (Prop_lut5_I4_O)        0.307     9.455 r  sha/reg_if_inst/sha_inst/core_inst/temp1__94_carry__2_i_4/O
                         net (fo=2, routed)           0.570    10.025    sha/reg_if_inst/sha_inst/core_inst/temp1__94_carry__2_i_4_n_0
    SLICE_X39Y24         LUT6 (Prop_lut6_I0_O)        0.124    10.149 r  sha/reg_if_inst/sha_inst/core_inst/temp1__94_carry__2_i_8/O
                         net (fo=1, routed)           0.000    10.149    sha/reg_if_inst/sha_inst/core_inst/temp1__94_carry__2_i_8_n_0
    SLICE_X39Y24         CARRY4 (Prop_carry4_S[0]_CO[3])
                                                      0.532    10.681 r  sha/reg_if_inst/sha_inst/core_inst/temp1__94_carry__2/CO[3]
                         net (fo=1, routed)           0.009    10.690    sha/reg_if_inst/sha_inst/core_inst/temp1__94_carry__2_n_0
    SLICE_X39Y25         CARRY4 (Prop_carry4_CI_CO[3])
                                                      0.114    10.804 r  sha/reg_if_inst/sha_inst/core_inst/temp1__94_carry__3/CO[3]
                         net (fo=1, routed)           0.000    10.804    sha/reg_if_inst/sha_inst/core_inst/temp1__94_carry__3_n_0
    SLICE_X39Y26         CARRY4 (Prop_carry4_CI_O[2])
                                                      0.239    11.043 r  sha/reg_if_inst/sha_inst/core_inst/temp1__94_carry__4/O[2]
                         net (fo=3, routed)           0.597    11.641    sha/reg_if_inst/sha_inst/core_inst/p_1_in_0[22]
    SLICE_X45Y26         LUT5 (Prop_lut5_I4_O)        0.302    11.943 r  sha/reg_if_inst/sha_inst/core_inst/a0__0_carry__4_i_1/O
                         net (fo=2, routed)           0.574    12.517    sha/reg_if_inst/sha_inst/core_inst/a0__0_carry__4_i_1_n_0
    SLICE_X46Y26         LUT6 (Prop_lut6_I0_O)        0.124    12.641 r  sha/reg_if_inst/sha_inst/core_inst/a0__0_carry__4_i_5/O
                         net (fo=1, routed)           0.000    12.641    sha/reg_if_inst/sha_inst/core_inst/a0__0_carry__4_i_5_n_0
    SLICE_X46Y26         CARRY4 (Prop_carry4_S[3]_CO[3])
                                                      0.376    13.017 r  sha/reg_if_inst/sha_inst/core_inst/a0__0_carry__4/CO[3]
                         net (fo=1, routed)           0.000    13.017    sha/reg_if_inst/sha_inst/core_inst/a0__0_carry__4_n_0
    SLICE_X46Y27         CARRY4 (Prop_carry4_CI_O[0])
                                                      0.219    13.236 r  sha/reg_if_inst/sha_inst/core_inst/a0__0_carry__5/O[0]
                         net (fo=1, routed)           0.568    13.803    sha/reg_if_inst/sha_inst/core_inst/in14[24]
    SLICE_X45Y27         LUT2 (Prop_lut2_I1_O)        0.295    14.098 r  sha/reg_if_inst/sha_inst/core_inst/a[24]_i_1/O
                         net (fo=1, routed)           0.000    14.098    sha/reg_if_inst/sha_inst/core_inst/a[24]
    SLICE_X45Y27         FDCE                                         r  sha/reg_if_inst/sha_inst/core_inst/a_reg[24]/D
  -------------------------------------------------------------------    -------------------

                         (clock sys_clk rise edge)   10.000    10.000 r  
    W5                                                0.000    10.000 r  clk (IN)
                         net (fo=0)                   0.000    10.000    clk
    W5                   IBUF (Prop_ibuf_I_O)         1.388    11.388 r  clk_IBUF_inst/O
                         net (fo=1, routed)           1.862    13.250    clk_IBUF
    BUFGCTRL_X0Y0        BUFG (Prop_bufg_I_O)         0.091    13.341 r  clk_IBUF_BUFG_inst/O
                         net (fo=3069, routed)        1.434    14.775    sha/reg_if_inst/sha_inst/core_inst/clk_IBUF_BUFG
    SLICE_X45Y27         FDCE                                         r  sha/reg_if_inst/sha_inst/core_inst/a_reg[24]/C
                         clock pessimism              0.188    14.963    
                         clock uncertainty           -0.035    14.928    
    SLICE_X45Y27         FDCE (Setup_fdce_C_D)        0.031    14.959    sha/reg_if_inst/sha_inst/core_inst/a_reg[24]
  -------------------------------------------------------------------
                         required time                         14.959    
                         arrival time                         -14.098    
  -------------------------------------------------------------------
                         slack                                  0.861    

Slack (MET) :             0.887ns  (required time - arrival time)
  Source:                 sha/reg_if_inst/sha_inst/core_inst/g_reg[3]/C
                            (rising edge-triggered cell FDPE clocked by sys_clk  {rise@0.000ns fall@5.000ns period=10.000ns})
  Destination:            sha/reg_if_inst/sha_inst/core_inst/a_reg[30]/D
                            (rising edge-triggered cell FDPE clocked by sys_clk  {rise@0.000ns fall@5.000ns period=10.000ns})
  Path Group:             sys_clk
  Path Type:              Setup (Max at Slow Process Corner)
  Requirement:            10.000ns  (sys_clk rise@10.000ns - sys_clk rise@0.000ns)
  Data Path Delay:        9.045ns  (logic 4.450ns (49.199%)  route 4.595ns (50.801%))
  Logic Levels:           13  (CARRY4=7 LUT3=1 LUT5=3 LUT6=2)
  Clock Path Skew:        -0.108ns (DCD - SCD + CPR)
    Destination Clock Delay (DCD):    4.777ns = ( 14.777 - 10.000 ) 
    Source Clock Delay      (SCD):    5.073ns
    Clock Pessimism Removal (CPR):    0.188ns
  Clock Uncertainty:      0.035ns  ((TSJ^2 + TIJ^2)^1/2 + DJ) / 2 + PE
    Total System Jitter     (TSJ):    0.071ns
    Total Input Jitter      (TIJ):    0.000ns
    Discrete Jitter          (DJ):    0.000ns
    Phase Error              (PE):    0.000ns

    Location             Delay type                Incr(ns)  Path(ns)    Netlist Resource(s)
  -------------------------------------------------------------------    -------------------
                         (clock sys_clk rise edge)    0.000     0.000 r  
    W5                                                0.000     0.000 r  clk (IN)
                         net (fo=0)                   0.000     0.000    clk
    W5                   IBUF (Prop_ibuf_I_O)         1.458     1.458 r  clk_IBUF_inst/O
                         net (fo=1, routed)           1.967     3.425    clk_IBUF
    BUFGCTRL_X0Y0        BUFG (Prop_bufg_I_O)         0.096     3.521 r  clk_IBUF_BUFG_inst/O
                         net (fo=3069, routed)        1.552     5.073    sha/reg_if_inst/sha_inst/core_inst/clk_IBUF_BUFG
    SLICE_X32Y20         FDPE                                         r  sha/reg_if_inst/sha_inst/core_inst/g_reg[3]/C
  -------------------------------------------------------------------    -------------------
    SLICE_X32Y20         FDPE (Prop_fdpe_C_Q)         0.419     5.492 r  sha/reg_if_inst/sha_inst/core_inst/g_reg[3]/Q
                         net (fo=4, routed)           0.871     6.363    sha/reg_if_inst/sha_inst/core_inst/g_reg_n_0_[3]
    SLICE_X30Y21         LUT5 (Prop_lut5_I2_O)        0.297     6.660 r  sha/reg_if_inst/sha_inst/core_inst/temp1__0_carry__0_i_4/O
                         net (fo=2, routed)           0.828     7.488    sha/reg_if_inst/sha_inst/core_inst/temp1__0_carry__0_i_4_n_0
    SLICE_X30Y23         CARRY4 (Prop_carry4_DI[0]_CO[3])
                                                      0.550     8.038 r  sha/reg_if_inst/sha_inst/core_inst/temp1__0_carry__0/CO[3]
                         net (fo=1, routed)           0.000     8.038    sha/reg_if_inst/sha_inst/core_inst/temp1__0_carry__0_n_0
    SLICE_X30Y24         CARRY4 (Prop_carry4_CI_O[3])
                                                      0.315     8.353 r  sha/reg_if_inst/sha_inst/core_inst/temp1__0_carry__1/O[3]
                         net (fo=2, routed)           0.796     9.148    sha/reg_if_inst/sha_inst/core_inst/temp1__0_carry__1_n_4
    SLICE_X43Y24         LUT5 (Prop_lut5_I4_O)        0.307     9.455 r  sha/reg_if_inst/sha_inst/core_inst/temp1__94_carry__2_i_4/O
                         net (fo=2, routed)           0.570    10.025    sha/reg_if_inst/sha_inst/core_inst/temp1__94_carry__2_i_4_n_0
    SLICE_X39Y24         LUT6 (Prop_lut6_I0_O)        0.124    10.149 r  sha/reg_if_inst/sha_inst/core_inst/temp1__94_carry__2_i_8/O
                         net (fo=1, routed)           0.000    10.149    sha/reg_if_inst/sha_inst/core_inst/temp1__94_carry__2_i_8_n_0
    SLICE_X39Y24         CARRY4 (Prop_carry4_S[0]_CO[3])
                                                      0.532    10.681 r  sha/reg_if_inst/sha_inst/core_inst/temp1__94_carry__2/CO[3]
                         net (fo=1, routed)           0.009    10.690    sha/reg_if_inst/sha_inst/core_inst/temp1__94_carry__2_n_0
    SLICE_X39Y25         CARRY4 (Prop_carry4_CI_CO[3])
                                                      0.114    10.804 r  sha/reg_if_inst/sha_inst/core_inst/temp1__94_carry__3/CO[3]
                         net (fo=1, routed)           0.000    10.804    sha/reg_if_inst/sha_inst/core_inst/temp1__94_carry__3_n_0
    SLICE_X39Y26         CARRY4 (Prop_carry4_CI_O[3])
                                                      0.313    11.117 r  sha/reg_if_inst/sha_inst/core_inst/temp1__94_carry__4/O[3]
                         net (fo=3, routed)           0.489    11.606    sha/reg_if_inst/sha_inst/core_inst/p_1_in_0[23]
    SLICE_X45Y27         LUT5 (Prop_lut5_I4_O)        0.306    11.912 r  sha/reg_if_inst/sha_inst/core_inst/a0__0_carry__5_i_4/O
                         net (fo=2, routed)           0.625    12.537    sha/reg_if_inst/sha_inst/core_inst/a0__0_carry__5_i_4_n_0
    SLICE_X46Y27         LUT6 (Prop_lut6_I0_O)        0.124    12.661 r  sha/reg_if_inst/sha_inst/core_inst/a0__0_carry__5_i_8/O
                         net (fo=1, routed)           0.000    12.661    sha/reg_if_inst/sha_inst/core_inst/a0__0_carry__5_i_8_n_0
    SLICE_X46Y27         CARRY4 (Prop_carry4_S[0]_CO[3])
                                                      0.513    13.174 r  sha/reg_if_inst/sha_inst/core_inst/a0__0_carry__5/CO[3]
                         net (fo=1, routed)           0.000    13.174    sha/reg_if_inst/sha_inst/core_inst/a0__0_carry__5_n_0
    SLICE_X46Y28         CARRY4 (Prop_carry4_CI_O[2])
                                                      0.239    13.413 r  sha/reg_if_inst/sha_inst/core_inst/a0__0_carry__6/O[2]
                         net (fo=1, routed)           0.408    13.821    sha/reg_if_inst/sha_inst/core_inst/in14[30]
    SLICE_X47Y28         LUT3 (Prop_lut3_I1_O)        0.297    14.118 r  sha/reg_if_inst/sha_inst/core_inst/a[30]_i_1/O
                         net (fo=1, routed)           0.000    14.118    sha/reg_if_inst/sha_inst/core_inst/a[30]
    SLICE_X47Y28         FDPE                                         r  sha/reg_if_inst/sha_inst/core_inst/a_reg[30]/D
  -------------------------------------------------------------------    -------------------

                         (clock sys_clk rise edge)   10.000    10.000 r  
    W5                                                0.000    10.000 r  clk (IN)
                         net (fo=0)                   0.000    10.000    clk
    W5                   IBUF (Prop_ibuf_I_O)         1.388    11.388 r  clk_IBUF_inst/O
                         net (fo=1, routed)           1.862    13.250    clk_IBUF
    BUFGCTRL_X0Y0        BUFG (Prop_bufg_I_O)         0.091    13.341 r  clk_IBUF_BUFG_inst/O
                         net (fo=3069, routed)        1.436    14.777    sha/reg_if_inst/sha_inst/core_inst/clk_IBUF_BUFG
    SLICE_X47Y28         FDPE                                         r  sha/reg_if_inst/sha_inst/core_inst/a_reg[30]/C
                         clock pessimism              0.188    14.965    
                         clock uncertainty           -0.035    14.930    
    SLICE_X47Y28         FDPE (Setup_fdpe_C_D)        0.075    15.005    sha/reg_if_inst/sha_inst/core_inst/a_reg[30]
  -------------------------------------------------------------------
                         required time                         15.005    
                         arrival time                         -14.118    
  -------------------------------------------------------------------
                         slack                                  0.887    

Slack (MET) :             0.897ns  (required time - arrival time)
  Source:                 sha/reg_if_inst/sha_inst/core_inst/g_reg[3]/C
                            (rising edge-triggered cell FDPE clocked by sys_clk  {rise@0.000ns fall@5.000ns period=10.000ns})
  Destination:            sha/reg_if_inst/sha_inst/core_inst/a_reg[21]/D
                            (rising edge-triggered cell FDCE clocked by sys_clk  {rise@0.000ns fall@5.000ns period=10.000ns})
  Path Group:             sys_clk
  Path Type:              Setup (Max at Slow Process Corner)
  Requirement:            10.000ns  (sys_clk rise@10.000ns - sys_clk rise@0.000ns)
  Data Path Delay:        8.989ns  (logic 4.214ns (46.880%)  route 4.775ns (53.120%))
  Logic Levels:           11  (CARRY4=6 LUT2=1 LUT5=3 LUT6=1)
  Clock Path Skew:        -0.108ns (DCD - SCD + CPR)
    Destination Clock Delay (DCD):    4.777ns = ( 14.777 - 10.000 ) 
    Source Clock Delay      (SCD):    5.073ns
    Clock Pessimism Removal (CPR):    0.188ns
  Clock Uncertainty:      0.035ns  ((TSJ^2 + TIJ^2)^1/2 + DJ) / 2 + PE
    Total System Jitter     (TSJ):    0.071ns
    Total Input Jitter      (TIJ):    0.000ns
    Discrete Jitter          (DJ):    0.000ns
    Phase Error              (PE):    0.000ns

    Location             Delay type                Incr(ns)  Path(ns)    Netlist Resource(s)
  -------------------------------------------------------------------    -------------------
                         (clock sys_clk rise edge)    0.000     0.000 r  
    W5                                                0.000     0.000 r  clk (IN)
                         net (fo=0)                   0.000     0.000    clk
    W5                   IBUF (Prop_ibuf_I_O)         1.458     1.458 r  clk_IBUF_inst/O
                         net (fo=1, routed)           1.967     3.425    clk_IBUF
    BUFGCTRL_X0Y0        BUFG (Prop_bufg_I_O)         0.096     3.521 r  clk_IBUF_BUFG_inst/O
                         net (fo=3069, routed)        1.552     5.073    sha/reg_if_inst/sha_inst/core_inst/clk_IBUF_BUFG
    SLICE_X32Y20         FDPE                                         r  sha/reg_if_inst/sha_inst/core_inst/g_reg[3]/C
  -------------------------------------------------------------------    -------------------
    SLICE_X32Y20         FDPE (Prop_fdpe_C_Q)         0.419     5.492 r  sha/reg_if_inst/sha_inst/core_inst/g_reg[3]/Q
                         net (fo=4, routed)           0.871     6.363    sha/reg_if_inst/sha_inst/core_inst/g_reg_n_0_[3]
    SLICE_X30Y21         LUT5 (Prop_lut5_I2_O)        0.297     6.660 r  sha/reg_if_inst/sha_inst/core_inst/temp1__0_carry__0_i_4/O
                         net (fo=2, routed)           0.828     7.488    sha/reg_if_inst/sha_inst/core_inst/temp1__0_carry__0_i_4_n_0
    SLICE_X30Y23         CARRY4 (Prop_carry4_DI[0]_CO[3])
                                                      0.550     8.038 r  sha/reg_if_inst/sha_inst/core_inst/temp1__0_carry__0/CO[3]
                         net (fo=1, routed)           0.000     8.038    sha/reg_if_inst/sha_inst/core_inst/temp1__0_carry__0_n_0
    SLICE_X30Y24         CARRY4 (Prop_carry4_CI_O[3])
                                                      0.315     8.353 r  sha/reg_if_inst/sha_inst/core_inst/temp1__0_carry__1/O[3]
                         net (fo=2, routed)           0.796     9.148    sha/reg_if_inst/sha_inst/core_inst/temp1__0_carry__1_n_4
    SLICE_X43Y24         LUT5 (Prop_lut5_I4_O)        0.307     9.455 r  sha/reg_if_inst/sha_inst/core_inst/temp1__94_carry__2_i_4/O
                         net (fo=2, routed)           0.570    10.025    sha/reg_if_inst/sha_inst/core_inst/temp1__94_carry__2_i_4_n_0
    SLICE_X39Y24         LUT6 (Prop_lut6_I0_O)        0.124    10.149 r  sha/reg_if_inst/sha_inst/core_inst/temp1__94_carry__2_i_8/O
                         net (fo=1, routed)           0.000    10.149    sha/reg_if_inst/sha_inst/core_inst/temp1__94_carry__2_i_8_n_0
    SLICE_X39Y24         CARRY4 (Prop_carry4_S[0]_CO[3])
                                                      0.532    10.681 r  sha/reg_if_inst/sha_inst/core_inst/temp1__94_carry__2/CO[3]
                         net (fo=1, routed)           0.009    10.690    sha/reg_if_inst/sha_inst/core_inst/temp1__94_carry__2_n_0
    SLICE_X39Y25         CARRY4 (Prop_carry4_CI_O[1])
                                                      0.334    11.024 r  sha/reg_if_inst/sha_inst/core_inst/temp1__94_carry__3/O[1]
                         net (fo=3, routed)           0.626    11.650    sha/reg_if_inst/sha_inst/core_inst/p_1_in_0[17]
    SLICE_X45Y25         LUT5 (Prop_lut5_I4_O)        0.303    11.953 r  sha/reg_if_inst/sha_inst/core_inst/a0__0_carry__3_i_2/O
                         net (fo=2, routed)           0.521    12.474    sha/reg_if_inst/sha_inst/core_inst/a0__0_carry__3_i_2_n_0
    SLICE_X46Y25         CARRY4 (Prop_carry4_DI[2]_CO[3])
                                                      0.404    12.878 r  sha/reg_if_inst/sha_inst/core_inst/a0__0_carry__3/CO[3]
                         net (fo=1, routed)           0.000    12.878    sha/reg_if_inst/sha_inst/core_inst/a0__0_carry__3_n_0
    SLICE_X46Y26         CARRY4 (Prop_carry4_CI_O[1])
                                                      0.323    13.201 r  sha/reg_if_inst/sha_inst/core_inst/a0__0_carry__4/O[1]
                         net (fo=1, routed)           0.555    13.756    sha/reg_if_inst/sha_inst/core_inst/in14[21]
    SLICE_X44Y28         LUT2 (Prop_lut2_I1_O)        0.306    14.062 r  sha/reg_if_inst/sha_inst/core_inst/a[21]_i_1/O
                         net (fo=1, routed)           0.000    14.062    sha/reg_if_inst/sha_inst/core_inst/a[21]
    SLICE_X44Y28         FDCE                                         r  sha/reg_if_inst/sha_inst/core_inst/a_reg[21]/D
  -------------------------------------------------------------------    -------------------

                         (clock sys_clk rise edge)   10.000    10.000 r  
    W5                                                0.000    10.000 r  clk (IN)
                         net (fo=0)                   0.000    10.000    clk
    W5                   IBUF (Prop_ibuf_I_O)         1.388    11.388 r  clk_IBUF_inst/O
                         net (fo=1, routed)           1.862    13.250    clk_IBUF
    BUFGCTRL_X0Y0        BUFG (Prop_bufg_I_O)         0.091    13.341 r  clk_IBUF_BUFG_inst/O
                         net (fo=3069, routed)        1.436    14.777    sha/reg_if_inst/sha_inst/core_inst/clk_IBUF_BUFG
    SLICE_X44Y28         FDCE                                         r  sha/reg_if_inst/sha_inst/core_inst/a_reg[21]/C
                         clock pessimism              0.188    14.965    
                         clock uncertainty           -0.035    14.930    
    SLICE_X44Y28         FDCE (Setup_fdce_C_D)        0.029    14.959    sha/reg_if_inst/sha_inst/core_inst/a_reg[21]
  -------------------------------------------------------------------
                         required time                         14.959    
                         arrival time                         -14.062    
  -------------------------------------------------------------------
                         slack                                  0.897    

Slack (MET) :             0.920ns  (required time - arrival time)
  Source:                 sha/reg_if_inst/sha_inst/core_inst/g_reg[3]/C
                            (rising edge-triggered cell FDPE clocked by sys_clk  {rise@0.000ns fall@5.000ns period=10.000ns})
  Destination:            sha/reg_if_inst/sha_inst/core_inst/a_reg[20]/D
                            (rising edge-triggered cell FDCE clocked by sys_clk  {rise@0.000ns fall@5.000ns period=10.000ns})
  Path Group:             sys_clk
  Path Type:              Setup (Max at Slow Process Corner)
  Requirement:            10.000ns  (sys_clk rise@10.000ns - sys_clk rise@0.000ns)
  Data Path Delay:        9.008ns  (logic 4.129ns (45.835%)  route 4.879ns (54.165%))
  Logic Levels:           11  (CARRY4=6 LUT2=1 LUT5=3 LUT6=1)
  Clock Path Skew:        -0.111ns (DCD - SCD + CPR)
    Destination Clock Delay (DCD):    4.774ns = ( 14.774 - 10.000 ) 
    Source Clock Delay      (SCD):    5.073ns
    Clock Pessimism Removal (CPR):    0.188ns
  Clock Uncertainty:      0.035ns  ((TSJ^2 + TIJ^2)^1/2 + DJ) / 2 + PE
    Total System Jitter     (TSJ):    0.071ns
    Total Input Jitter      (TIJ):    0.000ns
    Discrete Jitter          (DJ):    0.000ns
    Phase Error              (PE):    0.000ns

    Location             Delay type                Incr(ns)  Path(ns)    Netlist Resource(s)
  -------------------------------------------------------------------    -------------------
                         (clock sys_clk rise edge)    0.000     0.000 r  
    W5                                                0.000     0.000 r  clk (IN)
                         net (fo=0)                   0.000     0.000    clk
    W5                   IBUF (Prop_ibuf_I_O)         1.458     1.458 r  clk_IBUF_inst/O
                         net (fo=1, routed)           1.967     3.425    clk_IBUF
    BUFGCTRL_X0Y0        BUFG (Prop_bufg_I_O)         0.096     3.521 r  clk_IBUF_BUFG_inst/O
                         net (fo=3069, routed)        1.552     5.073    sha/reg_if_inst/sha_inst/core_inst/clk_IBUF_BUFG
    SLICE_X32Y20         FDPE                                         r  sha/reg_if_inst/sha_inst/core_inst/g_reg[3]/C
  -------------------------------------------------------------------    -------------------
    SLICE_X32Y20         FDPE (Prop_fdpe_C_Q)         0.419     5.492 r  sha/reg_if_inst/sha_inst/core_inst/g_reg[3]/Q
                         net (fo=4, routed)           0.871     6.363    sha/reg_if_inst/sha_inst/core_inst/g_reg_n_0_[3]
    SLICE_X30Y21         LUT5 (Prop_lut5_I2_O)        0.297     6.660 r  sha/reg_if_inst/sha_inst/core_inst/temp1__0_carry__0_i_4/O
                         net (fo=2, routed)           0.828     7.488    sha/reg_if_inst/sha_inst/core_inst/temp1__0_carry__0_i_4_n_0
    SLICE_X30Y23         CARRY4 (Prop_carry4_DI[0]_CO[3])
                                                      0.550     8.038 r  sha/reg_if_inst/sha_inst/core_inst/temp1__0_carry__0/CO[3]
                         net (fo=1, routed)           0.000     8.038    sha/reg_if_inst/sha_inst/core_inst/temp1__0_carry__0_n_0
    SLICE_X30Y24         CARRY4 (Prop_carry4_CI_O[3])
                                                      0.315     8.353 r  sha/reg_if_inst/sha_inst/core_inst/temp1__0_carry__1/O[3]
                         net (fo=2, routed)           0.796     9.148    sha/reg_if_inst/sha_inst/core_inst/temp1__0_carry__1_n_4
    SLICE_X43Y24         LUT5 (Prop_lut5_I4_O)        0.307     9.455 r  sha/reg_if_inst/sha_inst/core_inst/temp1__94_carry__2_i_4/O
                         net (fo=2, routed)           0.570    10.025    sha/reg_if_inst/sha_inst/core_inst/temp1__94_carry__2_i_4_n_0
    SLICE_X39Y24         LUT6 (Prop_lut6_I0_O)        0.124    10.149 r  sha/reg_if_inst/sha_inst/core_inst/temp1__94_carry__2_i_8/O
                         net (fo=1, routed)           0.000    10.149    sha/reg_if_inst/sha_inst/core_inst/temp1__94_carry__2_i_8_n_0
    SLICE_X39Y24         CARRY4 (Prop_carry4_S[0]_CO[3])
                                                      0.532    10.681 r  sha/reg_if_inst/sha_inst/core_inst/temp1__94_carry__2/CO[3]
                         net (fo=1, routed)           0.009    10.690    sha/reg_if_inst/sha_inst/core_inst/temp1__94_carry__2_n_0
    SLICE_X39Y25         CARRY4 (Prop_carry4_CI_O[1])
                                                      0.334    11.024 r  sha/reg_if_inst/sha_inst/core_inst/temp1__94_carry__3/O[1]
                         net (fo=3, routed)           0.626    11.650    sha/reg_if_inst/sha_inst/core_inst/p_1_in_0[17]
    SLICE_X45Y25         LUT5 (Prop_lut5_I4_O)        0.303    11.953 r  sha/reg_if_inst/sha_inst/core_inst/a0__0_carry__3_i_2/O
                         net (fo=2, routed)           0.521    12.474    sha/reg_if_inst/sha_inst/core_inst/a0__0_carry__3_i_2_n_0
    SLICE_X46Y25         CARRY4 (Prop_carry4_DI[2]_CO[3])
                                                      0.404    12.878 r  sha/reg_if_inst/sha_inst/core_inst/a0__0_carry__3/CO[3]
                         net (fo=1, routed)           0.000    12.878    sha/reg_if_inst/sha_inst/core_inst/a0__0_carry__3_n_0
    SLICE_X46Y26         CARRY4 (Prop_carry4_CI_O[0])
                                                      0.219    13.097 r  sha/reg_if_inst/sha_inst/core_inst/a0__0_carry__4/O[0]
                         net (fo=1, routed)           0.659    13.757    sha/reg_if_inst/sha_inst/core_inst/in14[20]
    SLICE_X47Y26         LUT2 (Prop_lut2_I1_O)        0.325    14.082 r  sha/reg_if_inst/sha_inst/core_inst/a[20]_i_1/O
                         net (fo=1, routed)           0.000    14.082    sha/reg_if_inst/sha_inst/core_inst/a[20]
    SLICE_X47Y26         FDCE                                         r  sha/reg_if_inst/sha_inst/core_inst/a_reg[20]/D
  -------------------------------------------------------------------    -------------------

                         (clock sys_clk rise edge)   10.000    10.000 r  
    W5                                                0.000    10.000 r  clk (IN)
                         net (fo=0)                   0.000    10.000    clk
    W5                   IBUF (Prop_ibuf_I_O)         1.388    11.388 r  clk_IBUF_inst/O
                         net (fo=1, routed)           1.862    13.250    clk_IBUF
    BUFGCTRL_X0Y0        BUFG (Prop_bufg_I_O)         0.091    13.341 r  clk_IBUF_BUFG_inst/O
                         net (fo=3069, routed)        1.433    14.774    sha/reg_if_inst/sha_inst/core_inst/clk_IBUF_BUFG
    SLICE_X47Y26         FDCE                                         r  sha/reg_if_inst/sha_inst/core_inst/a_reg[20]/C
                         clock pessimism              0.188    14.962    
                         clock uncertainty           -0.035    14.927    
    SLICE_X47Y26         FDCE (Setup_fdce_C_D)        0.075    15.002    sha/reg_if_inst/sha_inst/core_inst/a_reg[20]
  -------------------------------------------------------------------
                         required time                         15.002    
                         arrival time                         -14.082    
  -------------------------------------------------------------------
                         slack                                  0.920    

Slack (MET) :             0.940ns  (required time - arrival time)
  Source:                 sha/reg_if_inst/sha_inst/core_inst/g_reg[3]/C
                            (rising edge-triggered cell FDPE clocked by sys_clk  {rise@0.000ns fall@5.000ns period=10.000ns})
  Destination:            sha/reg_if_inst/sha_inst/core_inst/a_reg[19]/D
                            (rising edge-triggered cell FDPE clocked by sys_clk  {rise@0.000ns fall@5.000ns period=10.000ns})
  Path Group:             sys_clk
  Path Type:              Setup (Max at Slow Process Corner)
  Requirement:            10.000ns  (sys_clk rise@10.000ns - sys_clk rise@0.000ns)
  Data Path Delay:        8.946ns  (logic 4.025ns (44.992%)  route 4.921ns (55.008%))
  Logic Levels:           12  (CARRY4=6 LUT3=1 LUT5=3 LUT6=2)
  Clock Path Skew:        -0.108ns (DCD - SCD + CPR)
    Destination Clock Delay (DCD):    4.777ns = ( 14.777 - 10.000 ) 
    Source Clock Delay      (SCD):    5.073ns
    Clock Pessimism Removal (CPR):    0.188ns
  Clock Uncertainty:      0.035ns  ((TSJ^2 + TIJ^2)^1/2 + DJ) / 2 + PE
    Total System Jitter     (TSJ):    0.071ns
    Total Input Jitter      (TIJ):    0.000ns
    Discrete Jitter          (DJ):    0.000ns
    Phase Error              (PE):    0.000ns

    Location             Delay type                Incr(ns)  Path(ns)    Netlist Resource(s)
  -------------------------------------------------------------------    -------------------
                         (clock sys_clk rise edge)    0.000     0.000 r  
    W5                                                0.000     0.000 r  clk (IN)
                         net (fo=0)                   0.000     0.000    clk
    W5                   IBUF (Prop_ibuf_I_O)         1.458     1.458 r  clk_IBUF_inst/O
                         net (fo=1, routed)           1.967     3.425    clk_IBUF
    BUFGCTRL_X0Y0        BUFG (Prop_bufg_I_O)         0.096     3.521 r  clk_IBUF_BUFG_inst/O
                         net (fo=3069, routed)        1.552     5.073    sha/reg_if_inst/sha_inst/core_inst/clk_IBUF_BUFG
    SLICE_X32Y20         FDPE                                         r  sha/reg_if_inst/sha_inst/core_inst/g_reg[3]/C
  -------------------------------------------------------------------    -------------------
    SLICE_X32Y20         FDPE (Prop_fdpe_C_Q)         0.419     5.492 r  sha/reg_if_inst/sha_inst/core_inst/g_reg[3]/Q
                         net (fo=4, routed)           0.871     6.363    sha/reg_if_inst/sha_inst/core_inst/g_reg_n_0_[3]
    SLICE_X30Y21         LUT5 (Prop_lut5_I2_O)        0.297     6.660 r  sha/reg_if_inst/sha_inst/core_inst/temp1__0_carry__0_i_4/O
                         net (fo=2, routed)           0.828     7.488    sha/reg_if_inst/sha_inst/core_inst/temp1__0_carry__0_i_4_n_0
    SLICE_X30Y23         CARRY4 (Prop_carry4_DI[0]_CO[3])
                                                      0.550     8.038 r  sha/reg_if_inst/sha_inst/core_inst/temp1__0_carry__0/CO[3]
                         net (fo=1, routed)           0.000     8.038    sha/reg_if_inst/sha_inst/core_inst/temp1__0_carry__0_n_0
    SLICE_X30Y24         CARRY4 (Prop_carry4_CI_O[0])
                                                      0.219     8.257 r  sha/reg_if_inst/sha_inst/core_inst/temp1__0_carry__1/O[0]
                         net (fo=2, routed)           0.771     9.027    sha/reg_if_inst/sha_inst/core_inst/temp1__0_carry__1_n_7
    SLICE_X43Y23         LUT5 (Prop_lut5_I4_O)        0.295     9.322 r  sha/reg_if_inst/sha_inst/core_inst/temp1__94_carry__1_i_3/O
                         net (fo=2, routed)           0.448     9.771    sha/reg_if_inst/sha_inst/core_inst/temp1__94_carry__1_i_3_n_0
    SLICE_X39Y23         LUT6 (Prop_lut6_I0_O)        0.124     9.895 r  sha/reg_if_inst/sha_inst/core_inst/temp1__94_carry__1_i_7/O
                         net (fo=1, routed)           0.000     9.895    sha/reg_if_inst/sha_inst/core_inst/temp1__94_carry__1_i_7_n_0
    SLICE_X39Y23         CARRY4 (Prop_carry4_S[1]_O[2])
                                                      0.580    10.475 r  sha/reg_if_inst/sha_inst/core_inst/temp1__94_carry__1/O[2]
                         net (fo=3, routed)           0.721    11.196    sha/reg_if_inst/sha_inst/core_inst/p_1_in_0[10]
    SLICE_X47Y23         LUT5 (Prop_lut5_I4_O)        0.302    11.498 r  sha/reg_if_inst/sha_inst/core_inst/a0__0_carry__1_i_1/O
                         net (fo=2, routed)           0.537    12.035    sha/reg_if_inst/sha_inst/core_inst/a0__0_carry__1_i_1_n_0
    SLICE_X46Y23         LUT6 (Prop_lut6_I0_O)        0.124    12.159 r  sha/reg_if_inst/sha_inst/core_inst/a0__0_carry__1_i_5/O
                         net (fo=1, routed)           0.000    12.159    sha/reg_if_inst/sha_inst/core_inst/a0__0_carry__1_i_5_n_0
    SLICE_X46Y23         CARRY4 (Prop_carry4_S[3]_CO[3])
                                                      0.376    12.535 r  sha/reg_if_inst/sha_inst/core_inst/a0__0_carry__1/CO[3]
                         net (fo=1, routed)           0.000    12.535    sha/reg_if_inst/sha_inst/core_inst/a0__0_carry__1_n_0
    SLICE_X46Y24         CARRY4 (Prop_carry4_CI_CO[3])
                                                      0.117    12.652 r  sha/reg_if_inst/sha_inst/core_inst/a0__0_carry__2/CO[3]
                         net (fo=1, routed)           0.009    12.661    sha/reg_if_inst/sha_inst/core_inst/a0__0_carry__2_n_0
    SLICE_X46Y25         CARRY4 (Prop_carry4_CI_O[3])
                                                      0.315    12.976 r  sha/reg_if_inst/sha_inst/core_inst/a0__0_carry__3/O[3]
                         net (fo=1, routed)           0.736    13.712    sha/reg_if_inst/sha_inst/core_inst/in14[19]
    SLICE_X43Y30         LUT3 (Prop_lut3_I1_O)        0.307    14.019 r  sha/reg_if_inst/sha_inst/core_inst/a[19]_i_1/O
                         net (fo=1, routed)           0.000    14.019    sha/reg_if_inst/sha_inst/core_inst/a[19]
    SLICE_X43Y30         FDPE                                         r  sha/reg_if_inst/sha_inst/core_inst/a_reg[19]/D
  -------------------------------------------------------------------    -------------------

                         (clock sys_clk rise edge)   10.000    10.000 r  
    W5                                                0.000    10.000 r  clk (IN)
                         net (fo=0)                   0.000    10.000    clk
    W5                   IBUF (Prop_ibuf_I_O)         1.388    11.388 r  clk_IBUF_inst/O
                         net (fo=1, routed)           1.862    13.250    clk_IBUF
    BUFGCTRL_X0Y0        BUFG (Prop_bufg_I_O)         0.091    13.341 r  clk_IBUF_BUFG_inst/O
                         net (fo=3069, routed)        1.436    14.777    sha/reg_if_inst/sha_inst/core_inst/clk_IBUF_BUFG
    SLICE_X43Y30         FDPE                                         r  sha/reg_if_inst/sha_inst/core_inst/a_reg[19]/C
                         clock pessimism              0.188    14.965    
                         clock uncertainty           -0.035    14.930    
    SLICE_X43Y30         FDPE (Setup_fdpe_C_D)        0.029    14.959    sha/reg_if_inst/sha_inst/core_inst/a_reg[19]
  -------------------------------------------------------------------
                         required time                         14.959    
                         arrival time                         -14.019    
  -------------------------------------------------------------------
                         slack                                  0.940    

Slack (MET) :             0.974ns  (required time - arrival time)
  Source:                 sha/reg_if_inst/sha_inst/core_inst/g_reg[3]/C
                            (rising edge-triggered cell FDPE clocked by sys_clk  {rise@0.000ns fall@5.000ns period=10.000ns})
  Destination:            sha/reg_if_inst/sha_inst/core_inst/a_reg[22]/D
                            (rising edge-triggered cell FDCE clocked by sys_clk  {rise@0.000ns fall@5.000ns period=10.000ns})
  Path Group:             sys_clk
  Path Type:              Setup (Max at Slow Process Corner)
  Requirement:            10.000ns  (sys_clk rise@10.000ns - sys_clk rise@0.000ns)
  Data Path Delay:        8.910ns  (logic 4.125ns (46.295%)  route 4.785ns (53.705%))
  Logic Levels:           11  (CARRY4=6 LUT2=1 LUT5=3 LUT6=1)
  Clock Path Skew:        -0.111ns (DCD - SCD + CPR)
    Destination Clock Delay (DCD):    4.774ns = ( 14.774 - 10.000 ) 
    Source Clock Delay      (SCD):    5.073ns
    Clock Pessimism Removal (CPR):    0.188ns
  Clock Uncertainty:      0.035ns  ((TSJ^2 + TIJ^2)^1/2 + DJ) / 2 + PE
    Total System Jitter     (TSJ):    0.071ns
    Total Input Jitter      (TIJ):    0.000ns
    Discrete Jitter          (DJ):    0.000ns
    Phase Error              (PE):    0.000ns

    Location             Delay type                Incr(ns)  Path(ns)    Netlist Resource(s)
  -------------------------------------------------------------------    -------------------
                         (clock sys_clk rise edge)    0.000     0.000 r  
    W5                                                0.000     0.000 r  clk (IN)
                         net (fo=0)                   0.000     0.000    clk
    W5                   IBUF (Prop_ibuf_I_O)         1.458     1.458 r  clk_IBUF_inst/O
                         net (fo=1, routed)           1.967     3.425    clk_IBUF
    BUFGCTRL_X0Y0        BUFG (Prop_bufg_I_O)         0.096     3.521 r  clk_IBUF_BUFG_inst/O
                         net (fo=3069, routed)        1.552     5.073    sha/reg_if_inst/sha_inst/core_inst/clk_IBUF_BUFG
    SLICE_X32Y20         FDPE                                         r  sha/reg_if_inst/sha_inst/core_inst/g_reg[3]/C
  -------------------------------------------------------------------    -------------------
    SLICE_X32Y20         FDPE (Prop_fdpe_C_Q)         0.419     5.492 r  sha/reg_if_inst/sha_inst/core_inst/g_reg[3]/Q
                         net (fo=4, routed)           0.871     6.363    sha/reg_if_inst/sha_inst/core_inst/g_reg_n_0_[3]
    SLICE_X30Y21         LUT5 (Prop_lut5_I2_O)        0.297     6.660 r  sha/reg_if_inst/sha_inst/core_inst/temp1__0_carry__0_i_4/O
                         net (fo=2, routed)           0.828     7.488    sha/reg_if_inst/sha_inst/core_inst/temp1__0_carry__0_i_4_n_0
    SLICE_X30Y23         CARRY4 (Prop_carry4_DI[0]_CO[3])
                                                      0.550     8.038 r  sha/reg_if_inst/sha_inst/core_inst/temp1__0_carry__0/CO[3]
                         net (fo=1, routed)           0.000     8.038    sha/reg_if_inst/sha_inst/core_inst/temp1__0_carry__0_n_0
    SLICE_X30Y24         CARRY4 (Prop_carry4_CI_O[3])
                                                      0.315     8.353 r  sha/reg_if_inst/sha_inst/core_inst/temp1__0_carry__1/O[3]
                         net (fo=2, routed)           0.796     9.148    sha/reg_if_inst/sha_inst/core_inst/temp1__0_carry__1_n_4
    SLICE_X43Y24         LUT5 (Prop_lut5_I4_O)        0.307     9.455 r  sha/reg_if_inst/sha_inst/core_inst/temp1__94_carry__2_i_4/O
                         net (fo=2, routed)           0.570    10.025    sha/reg_if_inst/sha_inst/core_inst/temp1__94_carry__2_i_4_n_0
    SLICE_X39Y24         LUT6 (Prop_lut6_I0_O)        0.124    10.149 r  sha/reg_if_inst/sha_inst/core_inst/temp1__94_carry__2_i_8/O
                         net (fo=1, routed)           0.000    10.149    sha/reg_if_inst/sha_inst/core_inst/temp1__94_carry__2_i_8_n_0
    SLICE_X39Y24         CARRY4 (Prop_carry4_S[0]_CO[3])
                                                      0.532    10.681 r  sha/reg_if_inst/sha_inst/core_inst/temp1__94_carry__2/CO[3]
                         net (fo=1, routed)           0.009    10.690    sha/reg_if_inst/sha_inst/core_inst/temp1__94_carry__2_n_0
    SLICE_X39Y25         CARRY4 (Prop_carry4_CI_O[1])
                                                      0.334    11.024 r  sha/reg_if_inst/sha_inst/core_inst/temp1__94_carry__3/O[1]
                         net (fo=3, routed)           0.626    11.650    sha/reg_if_inst/sha_inst/core_inst/p_1_in_0[17]
    SLICE_X45Y25         LUT5 (Prop_lut5_I4_O)        0.303    11.953 r  sha/reg_if_inst/sha_inst/core_inst/a0__0_carry__3_i_2/O
                         net (fo=2, routed)           0.521    12.474    sha/reg_if_inst/sha_inst/core_inst/a0__0_carry__3_i_2_n_0
    SLICE_X46Y25         CARRY4 (Prop_carry4_DI[2]_CO[3])
                                                      0.404    12.878 r  sha/reg_if_inst/sha_inst/core_inst/a0__0_carry__3/CO[3]
                         net (fo=1, routed)           0.000    12.878    sha/reg_if_inst/sha_inst/core_inst/a0__0_carry__3_n_0
    SLICE_X46Y26         CARRY4 (Prop_carry4_CI_O[2])
                                                      0.239    13.117 r  sha/reg_if_inst/sha_inst/core_inst/a0__0_carry__4/O[2]
                         net (fo=1, routed)           0.565    13.683    sha/reg_if_inst/sha_inst/core_inst/in14[22]
    SLICE_X43Y27         LUT2 (Prop_lut2_I1_O)        0.301    13.984 r  sha/reg_if_inst/sha_inst/core_inst/a[22]_i_1/O
                         net (fo=1, routed)           0.000    13.984    sha/reg_if_inst/sha_inst/core_inst/a[22]
    SLICE_X43Y27         FDCE                                         r  sha/reg_if_inst/sha_inst/core_inst/a_reg[22]/D
  -------------------------------------------------------------------    -------------------

                         (clock sys_clk rise edge)   10.000    10.000 r  
    W5                                                0.000    10.000 r  clk (IN)
                         net (fo=0)                   0.000    10.000    clk
    W5                   IBUF (Prop_ibuf_I_O)         1.388    11.388 r  clk_IBUF_inst/O
                         net (fo=1, routed)           1.862    13.250    clk_IBUF
    BUFGCTRL_X0Y0        BUFG (Prop_bufg_I_O)         0.091    13.341 r  clk_IBUF_BUFG_inst/O
                         net (fo=3069, routed)        1.433    14.774    sha/reg_if_inst/sha_inst/core_inst/clk_IBUF_BUFG
    SLICE_X43Y27         FDCE                                         r  sha/reg_if_inst/sha_inst/core_inst/a_reg[22]/C
                         clock pessimism              0.188    14.962    
                         clock uncertainty           -0.035    14.927    
    SLICE_X43Y27         FDCE (Setup_fdce_C_D)        0.031    14.958    sha/reg_if_inst/sha_inst/core_inst/a_reg[22]
  -------------------------------------------------------------------
                         required time                         14.958    
                         arrival time                         -13.984    
  -------------------------------------------------------------------
                         slack                                  0.974    

Slack (MET) :             0.996ns  (required time - arrival time)
  Source:                 sha/reg_if_inst/sha_inst/core_inst/g_reg[3]/C
                            (rising edge-triggered cell FDPE clocked by sys_clk  {rise@0.000ns fall@5.000ns period=10.000ns})
  Destination:            sha/reg_if_inst/sha_inst/core_inst/a_reg[26]/D
                            (rising edge-triggered cell FDCE clocked by sys_clk  {rise@0.000ns fall@5.000ns period=10.000ns})
  Path Group:             sys_clk
  Path Type:              Setup (Max at Slow Process Corner)
  Requirement:            10.000ns  (sys_clk rise@10.000ns - sys_clk rise@0.000ns)
  Data Path Delay:        8.890ns  (logic 4.239ns (47.681%)  route 4.651ns (52.319%))
  Logic Levels:           13  (CARRY4=7 LUT2=1 LUT5=3 LUT6=2)
  Clock Path Skew:        -0.107ns (DCD - SCD + CPR)
    Destination Clock Delay (DCD):    4.778ns = ( 14.778 - 10.000 ) 
    Source Clock Delay      (SCD):    5.073ns
    Clock Pessimism Removal (CPR):    0.188ns
  Clock Uncertainty:      0.035ns  ((TSJ^2 + TIJ^2)^1/2 + DJ) / 2 + PE
    Total System Jitter     (TSJ):    0.071ns
    Total Input Jitter      (TIJ):    0.000ns
    Discrete Jitter          (DJ):    0.000ns
    Phase Error              (PE):    0.000ns

    Location             Delay type                Incr(ns)  Path(ns)    Netlist Resource(s)
  -------------------------------------------------------------------    -------------------
                         (clock sys_clk rise edge)    0.000     0.000 r  
    W5                                                0.000     0.000 r  clk (IN)
                         net (fo=0)                   0.000     0.000    clk
    W5                   IBUF (Prop_ibuf_I_O)         1.458     1.458 r  clk_IBUF_inst/O
                         net (fo=1, routed)           1.967     3.425    clk_IBUF
    BUFGCTRL_X0Y0        BUFG (Prop_bufg_I_O)         0.096     3.521 r  clk_IBUF_BUFG_inst/O
                         net (fo=3069, routed)        1.552     5.073    sha/reg_if_inst/sha_inst/core_inst/clk_IBUF_BUFG
    SLICE_X32Y20         FDPE                                         r  sha/reg_if_inst/sha_inst/core_inst/g_reg[3]/C
  -------------------------------------------------------------------    -------------------
    SLICE_X32Y20         FDPE (Prop_fdpe_C_Q)         0.419     5.492 r  sha/reg_if_inst/sha_inst/core_inst/g_reg[3]/Q
                         net (fo=4, routed)           0.871     6.363    sha/reg_if_inst/sha_inst/core_inst/g_reg_n_0_[3]
    SLICE_X30Y21         LUT5 (Prop_lut5_I2_O)        0.297     6.660 r  sha/reg_if_inst/sha_inst/core_inst/temp1__0_carry__0_i_4/O
                         net (fo=2, routed)           0.828     7.488    sha/reg_if_inst/sha_inst/core_inst/temp1__0_carry__0_i_4_n_0
    SLICE_X30Y23         CARRY4 (Prop_carry4_DI[0]_CO[3])
                                                      0.550     8.038 r  sha/reg_if_inst/sha_inst/core_inst/temp1__0_carry__0/CO[3]
                         net (fo=1, routed)           0.000     8.038    sha/reg_if_inst/sha_inst/core_inst/temp1__0_carry__0_n_0
    SLICE_X30Y24         CARRY4 (Prop_carry4_CI_O[3])
                                                      0.315     8.353 r  sha/reg_if_inst/sha_inst/core_inst/temp1__0_carry__1/O[3]
                         net (fo=2, routed)           0.796     9.148    sha/reg_if_inst/sha_inst/core_inst/temp1__0_carry__1_n_4
    SLICE_X43Y24         LUT5 (Prop_lut5_I4_O)        0.307     9.455 r  sha/reg_if_inst/sha_inst/core_inst/temp1__94_carry__2_i_4/O
                         net (fo=2, routed)           0.570    10.025    sha/reg_if_inst/sha_inst/core_inst/temp1__94_carry__2_i_4_n_0
    SLICE_X39Y24         LUT6 (Prop_lut6_I0_O)        0.124    10.149 r  sha/reg_if_inst/sha_inst/core_inst/temp1__94_carry__2_i_8/O
                         net (fo=1, routed)           0.000    10.149    sha/reg_if_inst/sha_inst/core_inst/temp1__94_carry__2_i_8_n_0
    SLICE_X39Y24         CARRY4 (Prop_carry4_S[0]_CO[3])
                                                      0.532    10.681 r  sha/reg_if_inst/sha_inst/core_inst/temp1__94_carry__2/CO[3]
                         net (fo=1, routed)           0.009    10.690    sha/reg_if_inst/sha_inst/core_inst/temp1__94_carry__2_n_0
    SLICE_X39Y25         CARRY4 (Prop_carry4_CI_CO[3])
                                                      0.114    10.804 r  sha/reg_if_inst/sha_inst/core_inst/temp1__94_carry__3/CO[3]
                         net (fo=1, routed)           0.000    10.804    sha/reg_if_inst/sha_inst/core_inst/temp1__94_carry__3_n_0
    SLICE_X39Y26         CARRY4 (Prop_carry4_CI_O[2])
                                                      0.239    11.043 r  sha/reg_if_inst/sha_inst/core_inst/temp1__94_carry__4/O[2]
                         net (fo=3, routed)           0.597    11.641    sha/reg_if_inst/sha_inst/core_inst/p_1_in_0[22]
    SLICE_X45Y26         LUT5 (Prop_lut5_I4_O)        0.302    11.943 r  sha/reg_if_inst/sha_inst/core_inst/a0__0_carry__4_i_1/O
                         net (fo=2, routed)           0.574    12.517    sha/reg_if_inst/sha_inst/core_inst/a0__0_carry__4_i_1_n_0
    SLICE_X46Y26         LUT6 (Prop_lut6_I0_O)        0.124    12.641 r  sha/reg_if_inst/sha_inst/core_inst/a0__0_carry__4_i_5/O
                         net (fo=1, routed)           0.000    12.641    sha/reg_if_inst/sha_inst/core_inst/a0__0_carry__4_i_5_n_0
    SLICE_X46Y26         CARRY4 (Prop_carry4_S[3]_CO[3])
                                                      0.376    13.017 r  sha/reg_if_inst/sha_inst/core_inst/a0__0_carry__4/CO[3]
                         net (fo=1, routed)           0.000    13.017    sha/reg_if_inst/sha_inst/core_inst/a0__0_carry__4_n_0
    SLICE_X46Y27         CARRY4 (Prop_carry4_CI_O[2])
                                                      0.239    13.256 r  sha/reg_if_inst/sha_inst/core_inst/a0__0_carry__5/O[2]
                         net (fo=1, routed)           0.407    13.663    sha/reg_if_inst/sha_inst/core_inst/in14[26]
    SLICE_X47Y29         LUT2 (Prop_lut2_I1_O)        0.301    13.964 r  sha/reg_if_inst/sha_inst/core_inst/a[26]_i_1/O
                         net (fo=1, routed)           0.000    13.964    sha/reg_if_inst/sha_inst/core_inst/a[26]
    SLICE_X47Y29         FDCE                                         r  sha/reg_if_inst/sha_inst/core_inst/a_reg[26]/D
  -------------------------------------------------------------------    -------------------

                         (clock sys_clk rise edge)   10.000    10.000 r  
    W5                                                0.000    10.000 r  clk (IN)
                         net (fo=0)                   0.000    10.000    clk
    W5                   IBUF (Prop_ibuf_I_O)         1.388    11.388 r  clk_IBUF_inst/O
                         net (fo=1, routed)           1.862    13.250    clk_IBUF
    BUFGCTRL_X0Y0        BUFG (Prop_bufg_I_O)         0.091    13.341 r  clk_IBUF_BUFG_inst/O
                         net (fo=3069, routed)        1.437    14.778    sha/reg_if_inst/sha_inst/core_inst/clk_IBUF_BUFG
    SLICE_X47Y29         FDCE                                         r  sha/reg_if_inst/sha_inst/core_inst/a_reg[26]/C
                         clock pessimism              0.188    14.966    
                         clock uncertainty           -0.035    14.931    
    SLICE_X47Y29         FDCE (Setup_fdce_C_D)        0.029    14.960    sha/reg_if_inst/sha_inst/core_inst/a_reg[26]
  -------------------------------------------------------------------
                         required time                         14.960    
                         arrival time                         -13.964    
  -------------------------------------------------------------------
                         slack                                  0.996    

Slack (MET) :             1.087ns  (required time - arrival time)
  Source:                 sha/reg_if_inst/sha_inst/core_inst/g_reg[3]/C
                            (rising edge-triggered cell FDPE clocked by sys_clk  {rise@0.000ns fall@5.000ns period=10.000ns})
  Destination:            sha/reg_if_inst/sha_inst/core_inst/e_reg[31]/D
                            (rising edge-triggered cell FDCE clocked by sys_clk  {rise@0.000ns fall@5.000ns period=10.000ns})
  Path Group:             sys_clk
  Path Type:              Setup (Max at Slow Process Corner)
  Requirement:            10.000ns  (sys_clk rise@10.000ns - sys_clk rise@0.000ns)
  Data Path Delay:        8.845ns  (logic 4.473ns (50.571%)  route 4.372ns (49.428%))
  Logic Levels:           13  (CARRY4=8 LUT2=2 LUT5=2 LUT6=1)
  Clock Path Skew:        -0.108ns (DCD - SCD + CPR)
    Destination Clock Delay (DCD):    4.777ns = ( 14.777 - 10.000 ) 
    Source Clock Delay      (SCD):    5.073ns
    Clock Pessimism Removal (CPR):    0.188ns
  Clock Uncertainty:      0.035ns  ((TSJ^2 + TIJ^2)^1/2 + DJ) / 2 + PE
    Total System Jitter     (TSJ):    0.071ns
    Total Input Jitter      (TIJ):    0.000ns
    Discrete Jitter          (DJ):    0.000ns
    Phase Error              (PE):    0.000ns

    Location             Delay type                Incr(ns)  Path(ns)    Netlist Resource(s)
  -------------------------------------------------------------------    -------------------
                         (clock sys_clk rise edge)    0.000     0.000 r  
    W5                                                0.000     0.000 r  clk (IN)
                         net (fo=0)                   0.000     0.000    clk
    W5                   IBUF (Prop_ibuf_I_O)         1.458     1.458 r  clk_IBUF_inst/O
                         net (fo=1, routed)           1.967     3.425    clk_IBUF
    BUFGCTRL_X0Y0        BUFG (Prop_bufg_I_O)         0.096     3.521 r  clk_IBUF_BUFG_inst/O
                         net (fo=3069, routed)        1.552     5.073    sha/reg_if_inst/sha_inst/core_inst/clk_IBUF_BUFG
    SLICE_X32Y20         FDPE                                         r  sha/reg_if_inst/sha_inst/core_inst/g_reg[3]/C
  -------------------------------------------------------------------    -------------------
    SLICE_X32Y20         FDPE (Prop_fdpe_C_Q)         0.419     5.492 r  sha/reg_if_inst/sha_inst/core_inst/g_reg[3]/Q
                         net (fo=4, routed)           0.871     6.363    sha/reg_if_inst/sha_inst/core_inst/g_reg_n_0_[3]
    SLICE_X30Y21         LUT5 (Prop_lut5_I2_O)        0.297     6.660 r  sha/reg_if_inst/sha_inst/core_inst/temp1__0_carry__0_i_4/O
                         net (fo=2, routed)           0.828     7.488    sha/reg_if_inst/sha_inst/core_inst/temp1__0_carry__0_i_4_n_0
    SLICE_X30Y23         CARRY4 (Prop_carry4_DI[0]_CO[3])
                                                      0.550     8.038 r  sha/reg_if_inst/sha_inst/core_inst/temp1__0_carry__0/CO[3]
                         net (fo=1, routed)           0.000     8.038    sha/reg_if_inst/sha_inst/core_inst/temp1__0_carry__0_n_0
    SLICE_X30Y24         CARRY4 (Prop_carry4_CI_O[3])
                                                      0.315     8.353 r  sha/reg_if_inst/sha_inst/core_inst/temp1__0_carry__1/O[3]
                         net (fo=2, routed)           0.796     9.148    sha/reg_if_inst/sha_inst/core_inst/temp1__0_carry__1_n_4
    SLICE_X43Y24         LUT5 (Prop_lut5_I4_O)        0.307     9.455 r  sha/reg_if_inst/sha_inst/core_inst/temp1__94_carry__2_i_4/O
                         net (fo=2, routed)           0.570    10.025    sha/reg_if_inst/sha_inst/core_inst/temp1__94_carry__2_i_4_n_0
    SLICE_X39Y24         LUT6 (Prop_lut6_I0_O)        0.124    10.149 r  sha/reg_if_inst/sha_inst/core_inst/temp1__94_carry__2_i_8/O
                         net (fo=1, routed)           0.000    10.149    sha/reg_if_inst/sha_inst/core_inst/temp1__94_carry__2_i_8_n_0
    SLICE_X39Y24         CARRY4 (Prop_carry4_S[0]_CO[3])
                                                      0.532    10.681 r  sha/reg_if_inst/sha_inst/core_inst/temp1__94_carry__2/CO[3]
                         net (fo=1, routed)           0.009    10.690    sha/reg_if_inst/sha_inst/core_inst/temp1__94_carry__2_n_0
    SLICE_X39Y25         CARRY4 (Prop_carry4_CI_CO[3])
                                                      0.114    10.804 r  sha/reg_if_inst/sha_inst/core_inst/temp1__94_carry__3/CO[3]
                         net (fo=1, routed)           0.000    10.804    sha/reg_if_inst/sha_inst/core_inst/temp1__94_carry__3_n_0
    SLICE_X39Y26         CARRY4 (Prop_carry4_CI_CO[3])
                                                      0.114    10.918 r  sha/reg_if_inst/sha_inst/core_inst/temp1__94_carry__4/CO[3]
                         net (fo=1, routed)           0.000    10.918    sha/reg_if_inst/sha_inst/core_inst/temp1__94_carry__4_n_0
    SLICE_X39Y27         CARRY4 (Prop_carry4_CI_O[0])
                                                      0.222    11.140 r  sha/reg_if_inst/sha_inst/core_inst/temp1__94_carry__5/O[0]
                         net (fo=3, routed)           0.584    11.725    sha/reg_if_inst/sha_inst/core_inst/p_1_in_0[24]
    SLICE_X41Y28         LUT2 (Prop_lut2_I1_O)        0.299    12.024 r  sha/reg_if_inst/sha_inst/core_inst/e0_carry__5_i_4/O
                         net (fo=1, routed)           0.000    12.024    sha/reg_if_inst/sha_inst/core_inst/e0_carry__5_i_4_n_0
    SLICE_X41Y28         CARRY4 (Prop_carry4_S[0]_CO[3])
                                                      0.532    12.556 r  sha/reg_if_inst/sha_inst/core_inst/e0_carry__5/CO[3]
                         net (fo=1, routed)           0.000    12.556    sha/reg_if_inst/sha_inst/core_inst/e0_carry__5_n_0
    SLICE_X41Y29         CARRY4 (Prop_carry4_CI_O[3])
                                                      0.313    12.869 r  sha/reg_if_inst/sha_inst/core_inst/e0_carry__6/O[3]
                         net (fo=1, routed)           0.714    13.583    sha/reg_if_inst/sha_inst/core_inst/in19[31]
    SLICE_X41Y30         LUT2 (Prop_lut2_I1_O)        0.335    13.918 r  sha/reg_if_inst/sha_inst/core_inst/e[31]_i_1/O
                         net (fo=1, routed)           0.000    13.918    sha/reg_if_inst/sha_inst/core_inst/e[31]
    SLICE_X41Y30         FDCE                                         r  sha/reg_if_inst/sha_inst/core_inst/e_reg[31]/D
  -------------------------------------------------------------------    -------------------

                         (clock sys_clk rise edge)   10.000    10.000 r  
    W5                                                0.000    10.000 r  clk (IN)
                         net (fo=0)                   0.000    10.000    clk
    W5                   IBUF (Prop_ibuf_I_O)         1.388    11.388 r  clk_IBUF_inst/O
                         net (fo=1, routed)           1.862    13.250    clk_IBUF
    BUFGCTRL_X0Y0        BUFG (Prop_bufg_I_O)         0.091    13.341 r  clk_IBUF_BUFG_inst/O
                         net (fo=3069, routed)        1.436    14.777    sha/reg_if_inst/sha_inst/core_inst/clk_IBUF_BUFG
    SLICE_X41Y30         FDCE                                         r  sha/reg_if_inst/sha_inst/core_inst/e_reg[31]/C
                         clock pessimism              0.188    14.965    
                         clock uncertainty           -0.035    14.930    
    SLICE_X41Y30         FDCE (Setup_fdce_C_D)        0.075    15.005    sha/reg_if_inst/sha_inst/core_inst/e_reg[31]
  -------------------------------------------------------------------
                         required time                         15.005    
                         arrival time                         -13.918    
  -------------------------------------------------------------------
                         slack                                  1.087    

Slack (MET) :             1.090ns  (required time - arrival time)
  Source:                 sha/reg_if_inst/sha_inst/core_inst/g_reg[3]/C
                            (rising edge-triggered cell FDPE clocked by sys_clk  {rise@0.000ns fall@5.000ns period=10.000ns})
  Destination:            sha/reg_if_inst/sha_inst/core_inst/e_reg[26]/D
                            (rising edge-triggered cell FDCE clocked by sys_clk  {rise@0.000ns fall@5.000ns period=10.000ns})
  Path Group:             sys_clk
  Path Type:              Setup (Max at Slow Process Corner)
  Requirement:            10.000ns  (sys_clk rise@10.000ns - sys_clk rise@0.000ns)
  Data Path Delay:        8.886ns  (logic 4.415ns (49.685%)  route 4.471ns (50.315%))
  Logic Levels:           12  (CARRY4=7 LUT2=2 LUT5=2 LUT6=1)
  Clock Path Skew:        -0.107ns (DCD - SCD + CPR)
    Destination Clock Delay (DCD):    4.778ns = ( 14.778 - 10.000 ) 
    Source Clock Delay      (SCD):    5.073ns
    Clock Pessimism Removal (CPR):    0.188ns
  Clock Uncertainty:      0.035ns  ((TSJ^2 + TIJ^2)^1/2 + DJ) / 2 + PE
    Total System Jitter     (TSJ):    0.071ns
    Total Input Jitter      (TIJ):    0.000ns
    Discrete Jitter          (DJ):    0.000ns
    Phase Error              (PE):    0.000ns

    Location             Delay type                Incr(ns)  Path(ns)    Netlist Resource(s)
  -------------------------------------------------------------------    -------------------
                         (clock sys_clk rise edge)    0.000     0.000 r  
    W5                                                0.000     0.000 r  clk (IN)
                         net (fo=0)                   0.000     0.000    clk
    W5                   IBUF (Prop_ibuf_I_O)         1.458     1.458 r  clk_IBUF_inst/O
                         net (fo=1, routed)           1.967     3.425    clk_IBUF
    BUFGCTRL_X0Y0        BUFG (Prop_bufg_I_O)         0.096     3.521 r  clk_IBUF_BUFG_inst/O
                         net (fo=3069, routed)        1.552     5.073    sha/reg_if_inst/sha_inst/core_inst/clk_IBUF_BUFG
    SLICE_X32Y20         FDPE                                         r  sha/reg_if_inst/sha_inst/core_inst/g_reg[3]/C
  -------------------------------------------------------------------    -------------------
    SLICE_X32Y20         FDPE (Prop_fdpe_C_Q)         0.419     5.492 r  sha/reg_if_inst/sha_inst/core_inst/g_reg[3]/Q
                         net (fo=4, routed)           0.871     6.363    sha/reg_if_inst/sha_inst/core_inst/g_reg_n_0_[3]
    SLICE_X30Y21         LUT5 (Prop_lut5_I2_O)        0.297     6.660 r  sha/reg_if_inst/sha_inst/core_inst/temp1__0_carry__0_i_4/O
                         net (fo=2, routed)           0.828     7.488    sha/reg_if_inst/sha_inst/core_inst/temp1__0_carry__0_i_4_n_0
    SLICE_X30Y23         CARRY4 (Prop_carry4_DI[0]_CO[3])
                                                      0.550     8.038 r  sha/reg_if_inst/sha_inst/core_inst/temp1__0_carry__0/CO[3]
                         net (fo=1, routed)           0.000     8.038    sha/reg_if_inst/sha_inst/core_inst/temp1__0_carry__0_n_0
    SLICE_X30Y24         CARRY4 (Prop_carry4_CI_O[3])
                                                      0.315     8.353 r  sha/reg_if_inst/sha_inst/core_inst/temp1__0_carry__1/O[3]
                         net (fo=2, routed)           0.796     9.148    sha/reg_if_inst/sha_inst/core_inst/temp1__0_carry__1_n_4
    SLICE_X43Y24         LUT5 (Prop_lut5_I4_O)        0.307     9.455 r  sha/reg_if_inst/sha_inst/core_inst/temp1__94_carry__2_i_4/O
                         net (fo=2, routed)           0.570    10.025    sha/reg_if_inst/sha_inst/core_inst/temp1__94_carry__2_i_4_n_0
    SLICE_X39Y24         LUT6 (Prop_lut6_I0_O)        0.124    10.149 r  sha/reg_if_inst/sha_inst/core_inst/temp1__94_carry__2_i_8/O
                         net (fo=1, routed)           0.000    10.149    sha/reg_if_inst/sha_inst/core_inst/temp1__94_carry__2_i_8_n_0
    SLICE_X39Y24         CARRY4 (Prop_carry4_S[0]_CO[3])
                                                      0.532    10.681 r  sha/reg_if_inst/sha_inst/core_inst/temp1__94_carry__2/CO[3]
                         net (fo=1, routed)           0.009    10.690    sha/reg_if_inst/sha_inst/core_inst/temp1__94_carry__2_n_0
    SLICE_X39Y25         CARRY4 (Prop_carry4_CI_CO[3])
                                                      0.114    10.804 r  sha/reg_if_inst/sha_inst/core_inst/temp1__94_carry__3/CO[3]
                         net (fo=1, routed)           0.000    10.804    sha/reg_if_inst/sha_inst/core_inst/temp1__94_carry__3_n_0
    SLICE_X39Y26         CARRY4 (Prop_carry4_CI_O[1])
                                                      0.334    11.138 r  sha/reg_if_inst/sha_inst/core_inst/temp1__94_carry__4/O[1]
                         net (fo=3, routed)           0.431    11.569    sha/reg_if_inst/sha_inst/core_inst/p_1_in_0[21]
    SLICE_X41Y27         LUT2 (Prop_lut2_I1_O)        0.303    11.872 r  sha/reg_if_inst/sha_inst/core_inst/e0_carry__4_i_3/O
                         net (fo=1, routed)           0.000    11.872    sha/reg_if_inst/sha_inst/core_inst/e0_carry__4_i_3_n_0
    SLICE_X41Y27         CARRY4 (Prop_carry4_S[1]_CO[3])
                                                      0.550    12.422 r  sha/reg_if_inst/sha_inst/core_inst/e0_carry__4/CO[3]
                         net (fo=1, routed)           0.000    12.422    sha/reg_if_inst/sha_inst/core_inst/e0_carry__4_n_0
    SLICE_X41Y28         CARRY4 (Prop_carry4_CI_O[2])
                                                      0.239    12.661 r  sha/reg_if_inst/sha_inst/core_inst/e0_carry__5/O[2]
                         net (fo=1, routed)           0.967    13.628    sha/reg_if_inst/sha_inst/core_inst/in19[26]
    SLICE_X46Y29         LUT2 (Prop_lut2_I1_O)        0.331    13.959 r  sha/reg_if_inst/sha_inst/core_inst/e[26]_i_1/O
                         net (fo=1, routed)           0.000    13.959    sha/reg_if_inst/sha_inst/core_inst/e[26]
    SLICE_X46Y29         FDCE                                         r  sha/reg_if_inst/sha_inst/core_inst/e_reg[26]/D
  -------------------------------------------------------------------    -------------------

                         (clock sys_clk rise edge)   10.000    10.000 r  
    W5                                                0.000    10.000 r  clk (IN)
                         net (fo=0)                   0.000    10.000    clk
    W5                   IBUF (Prop_ibuf_I_O)         1.388    11.388 r  clk_IBUF_inst/O
                         net (fo=1, routed)           1.862    13.250    clk_IBUF
    BUFGCTRL_X0Y0        BUFG (Prop_bufg_I_O)         0.091    13.341 r  clk_IBUF_BUFG_inst/O
                         net (fo=3069, routed)        1.437    14.778    sha/reg_if_inst/sha_inst/core_inst/clk_IBUF_BUFG
    SLICE_X46Y29         FDCE                                         r  sha/reg_if_inst/sha_inst/core_inst/e_reg[26]/C
                         clock pessimism              0.188    14.966    
                         clock uncertainty           -0.035    14.931    
    SLICE_X46Y29         FDCE (Setup_fdce_C_D)        0.118    15.049    sha/reg_if_inst/sha_inst/core_inst/e_reg[26]
  -------------------------------------------------------------------
                         required time                         15.049    
                         arrival time                         -13.959    
  -------------------------------------------------------------------
                         slack                                  1.090    

Slack (MET) :             1.192ns  (required time - arrival time)
  Source:                 sha/reg_if_inst/sha_inst/core_inst/g_reg[3]/C
                            (rising edge-triggered cell FDPE clocked by sys_clk  {rise@0.000ns fall@5.000ns period=10.000ns})
  Destination:            sha/reg_if_inst/sha_inst/core_inst/a_reg[15]/D
                            (rising edge-triggered cell FDPE clocked by sys_clk  {rise@0.000ns fall@5.000ns period=10.000ns})
  Path Group:             sys_clk
  Path Type:              Setup (Max at Slow Process Corner)
  Requirement:            10.000ns  (sys_clk rise@10.000ns - sys_clk rise@0.000ns)
  Data Path Delay:        8.734ns  (logic 3.933ns (45.029%)  route 4.801ns (54.971%))
  Logic Levels:           11  (CARRY4=5 LUT3=1 LUT5=3 LUT6=2)
  Clock Path Skew:        -0.113ns (DCD - SCD + CPR)
    Destination Clock Delay (DCD):    4.772ns = ( 14.772 - 10.000 ) 
    Source Clock Delay      (SCD):    5.073ns
    Clock Pessimism Removal (CPR):    0.188ns
  Clock Uncertainty:      0.035ns  ((TSJ^2 + TIJ^2)^1/2 + DJ) / 2 + PE
    Total System Jitter     (TSJ):    0.071ns
    Total Input Jitter      (TIJ):    0.000ns
    Discrete Jitter          (DJ):    0.000ns
    Phase Error              (PE):    0.000ns

    Location             Delay type                Incr(ns)  Path(ns)    Netlist Resource(s)
  -------------------------------------------------------------------    -------------------
                         (clock sys_clk rise edge)    0.000     0.000 r  
    W5                                                0.000     0.000 r  clk (IN)
                         net (fo=0)                   0.000     0.000    clk
    W5                   IBUF (Prop_ibuf_I_O)         1.458     1.458 r  clk_IBUF_inst/O
                         net (fo=1, routed)           1.967     3.425    clk_IBUF
    BUFGCTRL_X0Y0        BUFG (Prop_bufg_I_O)         0.096     3.521 r  clk_IBUF_BUFG_inst/O
                         net (fo=3069, routed)        1.552     5.073    sha/reg_if_inst/sha_inst/core_inst/clk_IBUF_BUFG
    SLICE_X32Y20         FDPE                                         r  sha/reg_if_inst/sha_inst/core_inst/g_reg[3]/C
  -------------------------------------------------------------------    -------------------
    SLICE_X32Y20         FDPE (Prop_fdpe_C_Q)         0.419     5.492 r  sha/reg_if_inst/sha_inst/core_inst/g_reg[3]/Q
                         net (fo=4, routed)           0.871     6.363    sha/reg_if_inst/sha_inst/core_inst/g_reg_n_0_[3]
    SLICE_X30Y21         LUT5 (Prop_lut5_I2_O)        0.297     6.660 r  sha/reg_if_inst/sha_inst/core_inst/temp1__0_carry__0_i_4/O
                         net (fo=2, routed)           0.828     7.488    sha/reg_if_inst/sha_inst/core_inst/temp1__0_carry__0_i_4_n_0
    SLICE_X30Y23         CARRY4 (Prop_carry4_DI[0]_CO[3])
                                                      0.550     8.038 r  sha/reg_if_inst/sha_inst/core_inst/temp1__0_carry__0/CO[3]
                         net (fo=1, routed)           0.000     8.038    sha/reg_if_inst/sha_inst/core_inst/temp1__0_carry__0_n_0
    SLICE_X30Y24         CARRY4 (Prop_carry4_CI_O[0])
                                                      0.219     8.257 r  sha/reg_if_inst/sha_inst/core_inst/temp1__0_carry__1/O[0]
                         net (fo=2, routed)           0.771     9.027    sha/reg_if_inst/sha_inst/core_inst/temp1__0_carry__1_n_7
    SLICE_X43Y23         LUT5 (Prop_lut5_I4_O)        0.295     9.322 r  sha/reg_if_inst/sha_inst/core_inst/temp1__94_carry__1_i_3/O
                         net (fo=2, routed)           0.448     9.771    sha/reg_if_inst/sha_inst/core_inst/temp1__94_carry__1_i_3_n_0
    SLICE_X39Y23         LUT6 (Prop_lut6_I0_O)        0.124     9.895 r  sha/reg_if_inst/sha_inst/core_inst/temp1__94_carry__1_i_7/O
                         net (fo=1, routed)           0.000     9.895    sha/reg_if_inst/sha_inst/core_inst/temp1__94_carry__1_i_7_n_0
    SLICE_X39Y23         CARRY4 (Prop_carry4_S[1]_O[2])
                                                      0.580    10.475 r  sha/reg_if_inst/sha_inst/core_inst/temp1__94_carry__1/O[2]
                         net (fo=3, routed)           0.721    11.196    sha/reg_if_inst/sha_inst/core_inst/p_1_in_0[10]
    SLICE_X47Y23         LUT5 (Prop_lut5_I4_O)        0.302    11.498 r  sha/reg_if_inst/sha_inst/core_inst/a0__0_carry__1_i_1/O
                         net (fo=2, routed)           0.537    12.035    sha/reg_if_inst/sha_inst/core_inst/a0__0_carry__1_i_1_n_0
    SLICE_X46Y23         LUT6 (Prop_lut6_I0_O)        0.124    12.159 r  sha/reg_if_inst/sha_inst/core_inst/a0__0_carry__1_i_5/O
                         net (fo=1, routed)           0.000    12.159    sha/reg_if_inst/sha_inst/core_inst/a0__0_carry__1_i_5_n_0
    SLICE_X46Y23         CARRY4 (Prop_carry4_S[3]_CO[3])
                                                      0.376    12.535 r  sha/reg_if_inst/sha_inst/core_inst/a0__0_carry__1/CO[3]
                         net (fo=1, routed)           0.000    12.535    sha/reg_if_inst/sha_inst/core_inst/a0__0_carry__1_n_0
    SLICE_X46Y24         CARRY4 (Prop_carry4_CI_O[3])
                                                      0.315    12.850 r  sha/reg_if_inst/sha_inst/core_inst/a0__0_carry__2/O[3]
                         net (fo=1, routed)           0.626    13.476    sha/reg_if_inst/sha_inst/core_inst/in14[15]
    SLICE_X47Y24         LUT3 (Prop_lut3_I1_O)        0.332    13.808 r  sha/reg_if_inst/sha_inst/core_inst/a[15]_i_1/O
                         net (fo=1, routed)           0.000    13.808    sha/reg_if_inst/sha_inst/core_inst/a[15]
    SLICE_X47Y24         FDPE                                         r  sha/reg_if_inst/sha_inst/core_inst/a_reg[15]/D
  -------------------------------------------------------------------    -------------------

                         (clock sys_clk rise edge)   10.000    10.000 r  
    W5                                                0.000    10.000 r  clk (IN)
                         net (fo=0)                   0.000    10.000    clk
    W5                   IBUF (Prop_ibuf_I_O)         1.388    11.388 r  clk_IBUF_inst/O
                         net (fo=1, routed)           1.862    13.250    clk_IBUF
    BUFGCTRL_X0Y0        BUFG (Prop_bufg_I_O)         0.091    13.341 r  clk_IBUF_BUFG_inst/O
                         net (fo=3069, routed)        1.431    14.772    sha/reg_if_inst/sha_inst/core_inst/clk_IBUF_BUFG
    SLICE_X47Y24         FDPE                                         r  sha/reg_if_inst/sha_inst/core_inst/a_reg[15]/C
                         clock pessimism              0.188    14.960    
                         clock uncertainty           -0.035    14.925    
    SLICE_X47Y24         FDPE (Setup_fdpe_C_D)        0.075    15.000    sha/reg_if_inst/sha_inst/core_inst/a_reg[15]
  -------------------------------------------------------------------
                         required time                         15.000    
                         arrival time                         -13.808    
  -------------------------------------------------------------------
                         slack                                  1.192    

Slack (MET) :             1.194ns  (required time - arrival time)
  Source:                 sha/reg_if_inst/sha_inst/core_inst/g_reg[3]/C
                            (rising edge-triggered cell FDPE clocked by sys_clk  {rise@0.000ns fall@5.000ns period=10.000ns})
  Destination:            sha/reg_if_inst/sha_inst/core_inst/a_reg[16]/D
                            (rising edge-triggered cell FDPE clocked by sys_clk  {rise@0.000ns fall@5.000ns period=10.000ns})
  Path Group:             sys_clk
  Path Type:              Setup (Max at Slow Process Corner)
  Requirement:            10.000ns  (sys_clk rise@10.000ns - sys_clk rise@0.000ns)
  Data Path Delay:        8.733ns  (logic 3.946ns (45.187%)  route 4.787ns (54.813%))
  Logic Levels:           12  (CARRY4=6 LUT3=1 LUT5=3 LUT6=2)
  Clock Path Skew:        -0.113ns (DCD - SCD + CPR)
    Destination Clock Delay (DCD):    4.772ns = ( 14.772 - 10.000 ) 
    Source Clock Delay      (SCD):    5.073ns
    Clock Pessimism Removal (CPR):    0.188ns
  Clock Uncertainty:      0.035ns  ((TSJ^2 + TIJ^2)^1/2 + DJ) / 2 + PE
    Total System Jitter     (TSJ):    0.071ns
    Total Input Jitter      (TIJ):    0.000ns
    Discrete Jitter          (DJ):    0.000ns
    Phase Error              (PE):    0.000ns

    Location             Delay type                Incr(ns)  Path(ns)    Netlist Resource(s)
  -------------------------------------------------------------------    -------------------
                         (clock sys_clk rise edge)    0.000     0.000 r  
    W5                                                0.000     0.000 r  clk (IN)
                         net (fo=0)                   0.000     0.000    clk
    W5                   IBUF (Prop_ibuf_I_O)         1.458     1.458 r  clk_IBUF_inst/O
                         net (fo=1, routed)           1.967     3.425    clk_IBUF
    BUFGCTRL_X0Y0        BUFG (Prop_bufg_I_O)         0.096     3.521 r  clk_IBUF_BUFG_inst/O
                         net (fo=3069, routed)        1.552     5.073    sha/reg_if_inst/sha_inst/core_inst/clk_IBUF_BUFG
    SLICE_X32Y20         FDPE                                         r  sha/reg_if_inst/sha_inst/core_inst/g_reg[3]/C
  -------------------------------------------------------------------    -------------------
    SLICE_X32Y20         FDPE (Prop_fdpe_C_Q)         0.419     5.492 r  sha/reg_if_inst/sha_inst/core_inst/g_reg[3]/Q
                         net (fo=4, routed)           0.871     6.363    sha/reg_if_inst/sha_inst/core_inst/g_reg_n_0_[3]
    SLICE_X30Y21         LUT5 (Prop_lut5_I2_O)        0.297     6.660 r  sha/reg_if_inst/sha_inst/core_inst/temp1__0_carry__0_i_4/O
                         net (fo=2, routed)           0.828     7.488    sha/reg_if_inst/sha_inst/core_inst/temp1__0_carry__0_i_4_n_0
    SLICE_X30Y23         CARRY4 (Prop_carry4_DI[0]_CO[3])
                                                      0.550     8.038 r  sha/reg_if_inst/sha_inst/core_inst/temp1__0_carry__0/CO[3]
                         net (fo=1, routed)           0.000     8.038    sha/reg_if_inst/sha_inst/core_inst/temp1__0_carry__0_n_0
    SLICE_X30Y24         CARRY4 (Prop_carry4_CI_O[0])
                                                      0.219     8.257 r  sha/reg_if_inst/sha_inst/core_inst/temp1__0_carry__1/O[0]
                         net (fo=2, routed)           0.771     9.027    sha/reg_if_inst/sha_inst/core_inst/temp1__0_carry__1_n_7
    SLICE_X43Y23         LUT5 (Prop_lut5_I4_O)        0.295     9.322 r  sha/reg_if_inst/sha_inst/core_inst/temp1__94_carry__1_i_3/O
                         net (fo=2, routed)           0.448     9.771    sha/reg_if_inst/sha_inst/core_inst/temp1__94_carry__1_i_3_n_0
    SLICE_X39Y23         LUT6 (Prop_lut6_I0_O)        0.124     9.895 r  sha/reg_if_inst/sha_inst/core_inst/temp1__94_carry__1_i_7/O
                         net (fo=1, routed)           0.000     9.895    sha/reg_if_inst/sha_inst/core_inst/temp1__94_carry__1_i_7_n_0
    SLICE_X39Y23         CARRY4 (Prop_carry4_S[1]_O[2])
                                                      0.580    10.475 r  sha/reg_if_inst/sha_inst/core_inst/temp1__94_carry__1/O[2]
                         net (fo=3, routed)           0.721    11.196    sha/reg_if_inst/sha_inst/core_inst/p_1_in_0[10]
    SLICE_X47Y23         LUT5 (Prop_lut5_I4_O)        0.302    11.498 r  sha/reg_if_inst/sha_inst/core_inst/a0__0_carry__1_i_1/O
                         net (fo=2, routed)           0.537    12.035    sha/reg_if_inst/sha_inst/core_inst/a0__0_carry__1_i_1_n_0
    SLICE_X46Y23         LUT6 (Prop_lut6_I0_O)        0.124    12.159 r  sha/reg_if_inst/sha_inst/core_inst/a0__0_carry__1_i_5/O
                         net (fo=1, routed)           0.000    12.159    sha/reg_if_inst/sha_inst/core_inst/a0__0_carry__1_i_5_n_0
    SLICE_X46Y23         CARRY4 (Prop_carry4_S[3]_CO[3])
                                                      0.376    12.535 r  sha/reg_if_inst/sha_inst/core_inst/a0__0_carry__1/CO[3]
                         net (fo=1, routed)           0.000    12.535    sha/reg_if_inst/sha_inst/core_inst/a0__0_carry__1_n_0
    SLICE_X46Y24         CARRY4 (Prop_carry4_CI_CO[3])
                                                      0.117    12.652 r  sha/reg_if_inst/sha_inst/core_inst/a0__0_carry__2/CO[3]
                         net (fo=1, routed)           0.009    12.661    sha/reg_if_inst/sha_inst/core_inst/a0__0_carry__2_n_0
    SLICE_X46Y25         CARRY4 (Prop_carry4_CI_O[0])
                                                      0.219    12.880 r  sha/reg_if_inst/sha_inst/core_inst/a0__0_carry__3/O[0]
                         net (fo=1, routed)           0.602    13.482    sha/reg_if_inst/sha_inst/core_inst/in14[16]
    SLICE_X47Y24         LUT3 (Prop_lut3_I1_O)        0.324    13.806 r  sha/reg_if_inst/sha_inst/core_inst/a[16]_i_1/O
                         net (fo=1, routed)           0.000    13.806    sha/reg_if_inst/sha_inst/core_inst/a[16]
    SLICE_X47Y24         FDPE                                         r  sha/reg_if_inst/sha_inst/core_inst/a_reg[16]/D
  -------------------------------------------------------------------    -------------------

                         (clock sys_clk rise edge)   10.000    10.000 r  
    W5                                                0.000    10.000 r  clk (IN)
                         net (fo=0)                   0.000    10.000    clk
    W5                   IBUF (Prop_ibuf_I_O)         1.388    11.388 r  clk_IBUF_inst/O
                         net (fo=1, routed)           1.862    13.250    clk_IBUF
    BUFGCTRL_X0Y0        BUFG (Prop_bufg_I_O)         0.091    13.341 r  clk_IBUF_BUFG_inst/O
                         net (fo=3069, routed)        1.431    14.772    sha/reg_if_inst/sha_inst/core_inst/clk_IBUF_BUFG
    SLICE_X47Y24         FDPE                                         r  sha/reg_if_inst/sha_inst/core_inst/a_reg[16]/C
                         clock pessimism              0.188    14.960    
                         clock uncertainty           -0.035    14.925    
    SLICE_X47Y24         FDPE (Setup_fdpe_C_D)        0.075    15.000    sha/reg_if_inst/sha_inst/core_inst/a_reg[16]
  -------------------------------------------------------------------
                         required time                         15.000    
                         arrival time                         -13.806    
  -------------------------------------------------------------------
                         slack                                  1.194    

Slack (MET) :             1.237ns  (required time - arrival time)
  Source:                 sha/reg_if_inst/sha_inst/core_inst/g_reg[3]/C
                            (rising edge-triggered cell FDPE clocked by sys_clk  {rise@0.000ns fall@5.000ns period=10.000ns})
  Destination:            sha/reg_if_inst/sha_inst/core_inst/e_reg[30]/D
                            (rising edge-triggered cell FDPE clocked by sys_clk  {rise@0.000ns fall@5.000ns period=10.000ns})
  Path Group:             sys_clk
  Path Type:              Setup (Max at Slow Process Corner)
  Requirement:            10.000ns  (sys_clk rise@10.000ns - sys_clk rise@0.000ns)
  Data Path Delay:        8.695ns  (logic 4.394ns (50.535%)  route 4.301ns (49.465%))
  Logic Levels:           13  (CARRY4=8 LUT2=1 LUT3=1 LUT5=2 LUT6=1)
  Clock Path Skew:        -0.108ns (DCD - SCD + CPR)
    Destination Clock Delay (DCD):    4.777ns = ( 14.777 - 10.000 ) 
    Source Clock Delay      (SCD):    5.073ns
    Clock Pessimism Removal (CPR):    0.188ns
  Clock Uncertainty:      0.035ns  ((TSJ^2 + TIJ^2)^1/2 + DJ) / 2 + PE
    Total System Jitter     (TSJ):    0.071ns
    Total Input Jitter      (TIJ):    0.000ns
    Discrete Jitter          (DJ):    0.000ns
    Phase Error              (PE):    0.000ns

    Location             Delay type                Incr(ns)  Path(ns)    Netlist Resource(s)
  -------------------------------------------------------------------    -------------------
                         (clock sys_clk rise edge)    0.000     0.000 r  
    W5                                                0.000     0.000 r  clk (IN)
                         net (fo=0)                   0.000     0.000    clk
    W5                   IBUF (Prop_ibuf_I_O)         1.458     1.458 r  clk_IBUF_inst/O
                         net (fo=1, routed)           1.967     3.425    clk_IBUF
    BUFGCTRL_X0Y0        BUFG (Prop_bufg_I_O)         0.096     3.521 r  clk_IBUF_BUFG_inst/O
                         net (fo=3069, routed)        1.552     5.073    sha/reg_if_inst/sha_inst/core_inst/clk_IBUF_BUFG
    SLICE_X32Y20         FDPE                                         r  sha/reg_if_inst/sha_inst/core_inst/g_reg[3]/C
  -------------------------------------------------------------------    -------------------
    SLICE_X32Y20         FDPE (Prop_fdpe_C_Q)         0.419     5.492 r  sha/reg_if_inst/sha_inst/core_inst/g_reg[3]/Q
                         net (fo=4, routed)           0.871     6.363    sha/reg_if_inst/sha_inst/core_inst/g_reg_n_0_[3]
    SLICE_X30Y21         LUT5 (Prop_lut5_I2_O)        0.297     6.660 r  sha/reg_if_inst/sha_inst/core_inst/temp1__0_carry__0_i_4/O
                         net (fo=2, routed)           0.828     7.488    sha/reg_if_inst/sha_inst/core_inst/temp1__0_carry__0_i_4_n_0
    SLICE_X30Y23         CARRY4 (Prop_carry4_DI[0]_CO[3])
                                                      0.550     8.038 r  sha/reg_if_inst/sha_inst/core_inst/temp1__0_carry__0/CO[3]
                         net (fo=1, routed)           0.000     8.038    sha/reg_if_inst/sha_inst/core_inst/temp1__0_carry__0_n_0
    SLICE_X30Y24         CARRY4 (Prop_carry4_CI_O[3])
                                                      0.315     8.353 r  sha/reg_if_inst/sha_inst/core_inst/temp1__0_carry__1/O[3]
                         net (fo=2, routed)           0.796     9.148    sha/reg_if_inst/sha_inst/core_inst/temp1__0_carry__1_n_4
    SLICE_X43Y24         LUT5 (Prop_lut5_I4_O)        0.307     9.455 r  sha/reg_if_inst/sha_inst/core_inst/temp1__94_carry__2_i_4/O
                         net (fo=2, routed)           0.570    10.025    sha/reg_if_inst/sha_inst/core_inst/temp1__94_carry__2_i_4_n_0
    SLICE_X39Y24         LUT6 (Prop_lut6_I0_O)        0.124    10.149 r  sha/reg_if_inst/sha_inst/core_inst/temp1__94_carry__2_i_8/O
                         net (fo=1, routed)           0.000    10.149    sha/reg_if_inst/sha_inst/core_inst/temp1__94_carry__2_i_8_n_0
    SLICE_X39Y24         CARRY4 (Prop_carry4_S[0]_CO[3])
                                                      0.532    10.681 r  sha/reg_if_inst/sha_inst/core_inst/temp1__94_carry__2/CO[3]
                         net (fo=1, routed)           0.009    10.690    sha/reg_if_inst/sha_inst/core_inst/temp1__94_carry__2_n_0
    SLICE_X39Y25         CARRY4 (Prop_carry4_CI_CO[3])
                                                      0.114    10.804 r  sha/reg_if_inst/sha_inst/core_inst/temp1__94_carry__3/CO[3]
                         net (fo=1, routed)           0.000    10.804    sha/reg_if_inst/sha_inst/core_inst/temp1__94_carry__3_n_0
    SLICE_X39Y26         CARRY4 (Prop_carry4_CI_CO[3])
                                                      0.114    10.918 r  sha/reg_if_inst/sha_inst/core_inst/temp1__94_carry__4/CO[3]
                         net (fo=1, routed)           0.000    10.918    sha/reg_if_inst/sha_inst/core_inst/temp1__94_carry__4_n_0
    SLICE_X39Y27         CARRY4 (Prop_carry4_CI_O[0])
                                                      0.222    11.140 r  sha/reg_if_inst/sha_inst/core_inst/temp1__94_carry__5/O[0]
                         net (fo=3, routed)           0.584    11.725    sha/reg_if_inst/sha_inst/core_inst/p_1_in_0[24]
    SLICE_X41Y28         LUT2 (Prop_lut2_I1_O)        0.299    12.024 r  sha/reg_if_inst/sha_inst/core_inst/e0_carry__5_i_4/O
                         net (fo=1, routed)           0.000    12.024    sha/reg_if_inst/sha_inst/core_inst/e0_carry__5_i_4_n_0
    SLICE_X41Y28         CARRY4 (Prop_carry4_S[0]_CO[3])
                                                      0.532    12.556 r  sha/reg_if_inst/sha_inst/core_inst/e0_carry__5/CO[3]
                         net (fo=1, routed)           0.000    12.556    sha/reg_if_inst/sha_inst/core_inst/e0_carry__5_n_0
    SLICE_X41Y29         CARRY4 (Prop_carry4_CI_O[2])
                                                      0.239    12.795 r  sha/reg_if_inst/sha_inst/core_inst/e0_carry__6/O[2]
                         net (fo=1, routed)           0.644    13.438    sha/reg_if_inst/sha_inst/core_inst/in19[30]
    SLICE_X41Y30         LUT3 (Prop_lut3_I1_O)        0.330    13.768 r  sha/reg_if_inst/sha_inst/core_inst/e[30]_i_1/O
                         net (fo=1, routed)           0.000    13.768    sha/reg_if_inst/sha_inst/core_inst/e[30]
    SLICE_X41Y30         FDPE                                         r  sha/reg_if_inst/sha_inst/core_inst/e_reg[30]/D
  -------------------------------------------------------------------    -------------------

                         (clock sys_clk rise edge)   10.000    10.000 r  
    W5                                                0.000    10.000 r  clk (IN)
                         net (fo=0)                   0.000    10.000    clk
    W5                   IBUF (Prop_ibuf_I_O)         1.388    11.388 r  clk_IBUF_inst/O
                         net (fo=1, routed)           1.862    13.250    clk_IBUF
    BUFGCTRL_X0Y0        BUFG (Prop_bufg_I_O)         0.091    13.341 r  clk_IBUF_BUFG_inst/O
                         net (fo=3069, routed)        1.436    14.777    sha/reg_if_inst/sha_inst/core_inst/clk_IBUF_BUFG
    SLICE_X41Y30         FDPE                                         r  sha/reg_if_inst/sha_inst/core_inst/e_reg[30]/C
                         clock pessimism              0.188    14.965    
                         clock uncertainty           -0.035    14.930    
    SLICE_X41Y30         FDPE (Setup_fdpe_C_D)        0.075    15.005    sha/reg_if_inst/sha_inst/core_inst/e_reg[30]
  -------------------------------------------------------------------
                         required time                         15.005    
                         arrival time                         -13.768    
  -------------------------------------------------------------------
                         slack                                  1.237    

Slack (MET) :             1.243ns  (required time - arrival time)
  Source:                 sha/reg_if_inst/sha_inst/core_inst/g_reg[3]/C
                            (rising edge-triggered cell FDPE clocked by sys_clk  {rise@0.000ns fall@5.000ns period=10.000ns})
  Destination:            sha/reg_if_inst/sha_inst/core_inst/e_reg[25]/D
                            (rising edge-triggered cell FDCE clocked by sys_clk  {rise@0.000ns fall@5.000ns period=10.000ns})
  Path Group:             sys_clk
  Path Type:              Setup (Max at Slow Process Corner)
  Requirement:            10.000ns  (sys_clk rise@10.000ns - sys_clk rise@0.000ns)
  Data Path Delay:        8.687ns  (logic 4.477ns (51.539%)  route 4.210ns (48.461%))
  Logic Levels:           12  (CARRY4=7 LUT2=2 LUT5=2 LUT6=1)
  Clock Path Skew:        -0.110ns (DCD - SCD + CPR)
    Destination Clock Delay (DCD):    4.775ns = ( 14.775 - 10.000 ) 
    Source Clock Delay      (SCD):    5.073ns
    Clock Pessimism Removal (CPR):    0.188ns
  Clock Uncertainty:      0.035ns  ((TSJ^2 + TIJ^2)^1/2 + DJ) / 2 + PE
    Total System Jitter     (TSJ):    0.071ns
    Total Input Jitter      (TIJ):    0.000ns
    Discrete Jitter          (DJ):    0.000ns
    Phase Error              (PE):    0.000ns

    Location             Delay type                Incr(ns)  Path(ns)    Netlist Resource(s)
  -------------------------------------------------------------------    -------------------
                         (clock sys_clk rise edge)    0.000     0.000 r  
    W5                                                0.000     0.000 r  clk (IN)
                         net (fo=0)                   0.000     0.000    clk
    W5                   IBUF (Prop_ibuf_I_O)         1.458     1.458 r  clk_IBUF_inst/O
                         net (fo=1, routed)           1.967     3.425    clk_IBUF
    BUFGCTRL_X0Y0        BUFG (Prop_bufg_I_O)         0.096     3.521 r  clk_IBUF_BUFG_inst/O
                         net (fo=3069, routed)        1.552     5.073    sha/reg_if_inst/sha_inst/core_inst/clk_IBUF_BUFG
    SLICE_X32Y20         FDPE                                         r  sha/reg_if_inst/sha_inst/core_inst/g_reg[3]/C
  -------------------------------------------------------------------    -------------------
    SLICE_X32Y20         FDPE (Prop_fdpe_C_Q)         0.419     5.492 r  sha/reg_if_inst/sha_inst/core_inst/g_reg[3]/Q
                         net (fo=4, routed)           0.871     6.363    sha/reg_if_inst/sha_inst/core_inst/g_reg_n_0_[3]
    SLICE_X30Y21         LUT5 (Prop_lut5_I2_O)        0.297     6.660 r  sha/reg_if_inst/sha_inst/core_inst/temp1__0_carry__0_i_4/O
                         net (fo=2, routed)           0.828     7.488    sha/reg_if_inst/sha_inst/core_inst/temp1__0_carry__0_i_4_n_0
    SLICE_X30Y23         CARRY4 (Prop_carry4_DI[0]_CO[3])
                                                      0.550     8.038 r  sha/reg_if_inst/sha_inst/core_inst/temp1__0_carry__0/CO[3]
                         net (fo=1, routed)           0.000     8.038    sha/reg_if_inst/sha_inst/core_inst/temp1__0_carry__0_n_0
    SLICE_X30Y24         CARRY4 (Prop_carry4_CI_O[3])
                                                      0.315     8.353 r  sha/reg_if_inst/sha_inst/core_inst/temp1__0_carry__1/O[3]
                         net (fo=2, routed)           0.796     9.148    sha/reg_if_inst/sha_inst/core_inst/temp1__0_carry__1_n_4
    SLICE_X43Y24         LUT5 (Prop_lut5_I4_O)        0.307     9.455 r  sha/reg_if_inst/sha_inst/core_inst/temp1__94_carry__2_i_4/O
                         net (fo=2, routed)           0.570    10.025    sha/reg_if_inst/sha_inst/core_inst/temp1__94_carry__2_i_4_n_0
    SLICE_X39Y24         LUT6 (Prop_lut6_I0_O)        0.124    10.149 r  sha/reg_if_inst/sha_inst/core_inst/temp1__94_carry__2_i_8/O
                         net (fo=1, routed)           0.000    10.149    sha/reg_if_inst/sha_inst/core_inst/temp1__94_carry__2_i_8_n_0
    SLICE_X39Y24         CARRY4 (Prop_carry4_S[0]_CO[3])
                                                      0.532    10.681 r  sha/reg_if_inst/sha_inst/core_inst/temp1__94_carry__2/CO[3]
                         net (fo=1, routed)           0.009    10.690    sha/reg_if_inst/sha_inst/core_inst/temp1__94_carry__2_n_0
    SLICE_X39Y25         CARRY4 (Prop_carry4_CI_CO[3])
                                                      0.114    10.804 r  sha/reg_if_inst/sha_inst/core_inst/temp1__94_carry__3/CO[3]
                         net (fo=1, routed)           0.000    10.804    sha/reg_if_inst/sha_inst/core_inst/temp1__94_carry__3_n_0
    SLICE_X39Y26         CARRY4 (Prop_carry4_CI_O[1])
                                                      0.334    11.138 r  sha/reg_if_inst/sha_inst/core_inst/temp1__94_carry__4/O[1]
                         net (fo=3, routed)           0.431    11.569    sha/reg_if_inst/sha_inst/core_inst/p_1_in_0[21]
    SLICE_X41Y27         LUT2 (Prop_lut2_I1_O)        0.303    11.872 r  sha/reg_if_inst/sha_inst/core_inst/e0_carry__4_i_3/O
                         net (fo=1, routed)           0.000    11.872    sha/reg_if_inst/sha_inst/core_inst/e0_carry__4_i_3_n_0
    SLICE_X41Y27         CARRY4 (Prop_carry4_S[1]_CO[3])
                                                      0.550    12.422 r  sha/reg_if_inst/sha_inst/core_inst/e0_carry__4/CO[3]
                         net (fo=1, routed)           0.000    12.422    sha/reg_if_inst/sha_inst/core_inst/e0_carry__4_n_0
    SLICE_X41Y28         CARRY4 (Prop_carry4_CI_O[1])
                                                      0.334    12.756 r  sha/reg_if_inst/sha_inst/core_inst/e0_carry__5/O[1]
                         net (fo=1, routed)           0.706    13.462    sha/reg_if_inst/sha_inst/core_inst/in19[25]
    SLICE_X45Y27         LUT2 (Prop_lut2_I1_O)        0.298    13.760 r  sha/reg_if_inst/sha_inst/core_inst/e[25]_i_1/O
                         net (fo=1, routed)           0.000    13.760    sha/reg_if_inst/sha_inst/core_inst/e[25]
    SLICE_X45Y27         FDCE                                         r  sha/reg_if_inst/sha_inst/core_inst/e_reg[25]/D
  -------------------------------------------------------------------    -------------------

                         (clock sys_clk rise edge)   10.000    10.000 r  
    W5                                                0.000    10.000 r  clk (IN)
                         net (fo=0)                   0.000    10.000    clk
    W5                   IBUF (Prop_ibuf_I_O)         1.388    11.388 r  clk_IBUF_inst/O
                         net (fo=1, routed)           1.862    13.250    clk_IBUF
    BUFGCTRL_X0Y0        BUFG (Prop_bufg_I_O)         0.091    13.341 r  clk_IBUF_BUFG_inst/O
                         net (fo=3069, routed)        1.434    14.775    sha/reg_if_inst/sha_inst/core_inst/clk_IBUF_BUFG
    SLICE_X45Y27         FDCE                                         r  sha/reg_if_inst/sha_inst/core_inst/e_reg[25]/C
                         clock pessimism              0.188    14.963    
                         clock uncertainty           -0.035    14.928    
    SLICE_X45Y27         FDCE (Setup_fdce_C_D)        0.075    15.003    sha/reg_if_inst/sha_inst/core_inst/e_reg[25]
  -------------------------------------------------------------------
                         required time                         15.003    
                         arrival time                         -13.760    
  -------------------------------------------------------------------
                         slack                                  1.243    

Slack (MET) :             1.260ns  (required time - arrival time)
  Source:                 sha/reg_if_inst/sha_inst/core_inst/g_reg[3]/C
                            (rising edge-triggered cell FDPE clocked by sys_clk  {rise@0.000ns fall@5.000ns period=10.000ns})
  Destination:            sha/reg_if_inst/sha_inst/core_inst/a_reg[17]/D
                            (rising edge-triggered cell FDCE clocked by sys_clk  {rise@0.000ns fall@5.000ns period=10.000ns})
  Path Group:             sys_clk
  Path Type:              Setup (Max at Slow Process Corner)
  Requirement:            10.000ns  (sys_clk rise@10.000ns - sys_clk rise@0.000ns)
  Data Path Delay:        8.625ns  (logic 4.032ns (46.749%)  route 4.593ns (53.251%))
  Logic Levels:           12  (CARRY4=6 LUT2=1 LUT5=3 LUT6=2)
  Clock Path Skew:        -0.111ns (DCD - SCD + CPR)
    Destination Clock Delay (DCD):    4.774ns = ( 14.774 - 10.000 ) 
    Source Clock Delay      (SCD):    5.073ns
    Clock Pessimism Removal (CPR):    0.188ns
  Clock Uncertainty:      0.035ns  ((TSJ^2 + TIJ^2)^1/2 + DJ) / 2 + PE
    Total System Jitter     (TSJ):    0.071ns
    Total Input Jitter      (TIJ):    0.000ns
    Discrete Jitter          (DJ):    0.000ns
    Phase Error              (PE):    0.000ns

    Location             Delay type                Incr(ns)  Path(ns)    Netlist Resource(s)
  -------------------------------------------------------------------    -------------------
                         (clock sys_clk rise edge)    0.000     0.000 r  
    W5                                                0.000     0.000 r  clk (IN)
                         net (fo=0)                   0.000     0.000    clk
    W5                   IBUF (Prop_ibuf_I_O)         1.458     1.458 r  clk_IBUF_inst/O
                         net (fo=1, routed)           1.967     3.425    clk_IBUF
    BUFGCTRL_X0Y0        BUFG (Prop_bufg_I_O)         0.096     3.521 r  clk_IBUF_BUFG_inst/O
                         net (fo=3069, routed)        1.552     5.073    sha/reg_if_inst/sha_inst/core_inst/clk_IBUF_BUFG
    SLICE_X32Y20         FDPE                                         r  sha/reg_if_inst/sha_inst/core_inst/g_reg[3]/C
  -------------------------------------------------------------------    -------------------
    SLICE_X32Y20         FDPE (Prop_fdpe_C_Q)         0.419     5.492 r  sha/reg_if_inst/sha_inst/core_inst/g_reg[3]/Q
                         net (fo=4, routed)           0.871     6.363    sha/reg_if_inst/sha_inst/core_inst/g_reg_n_0_[3]
    SLICE_X30Y21         LUT5 (Prop_lut5_I2_O)        0.297     6.660 r  sha/reg_if_inst/sha_inst/core_inst/temp1__0_carry__0_i_4/O
                         net (fo=2, routed)           0.828     7.488    sha/reg_if_inst/sha_inst/core_inst/temp1__0_carry__0_i_4_n_0
    SLICE_X30Y23         CARRY4 (Prop_carry4_DI[0]_CO[3])
                                                      0.550     8.038 r  sha/reg_if_inst/sha_inst/core_inst/temp1__0_carry__0/CO[3]
                         net (fo=1, routed)           0.000     8.038    sha/reg_if_inst/sha_inst/core_inst/temp1__0_carry__0_n_0
    SLICE_X30Y24         CARRY4 (Prop_carry4_CI_O[0])
                                                      0.219     8.257 r  sha/reg_if_inst/sha_inst/core_inst/temp1__0_carry__1/O[0]
                         net (fo=2, routed)           0.771     9.027    sha/reg_if_inst/sha_inst/core_inst/temp1__0_carry__1_n_7
    SLICE_X43Y23         LUT5 (Prop_lut5_I4_O)        0.295     9.322 r  sha/reg_if_inst/sha_inst/core_inst/temp1__94_carry__1_i_3/O
                         net (fo=2, routed)           0.448     9.771    sha/reg_if_inst/sha_inst/core_inst/temp1__94_carry__1_i_3_n_0
    SLICE_X39Y23         LUT6 (Prop_lut6_I0_O)        0.124     9.895 r  sha/reg_if_inst/sha_inst/core_inst/temp1__94_carry__1_i_7/O
                         net (fo=1, routed)           0.000     9.895    sha/reg_if_inst/sha_inst/core_inst/temp1__94_carry__1_i_7_n_0
    SLICE_X39Y23         CARRY4 (Prop_carry4_S[1]_O[2])
                                                      0.580    10.475 r  sha/reg_if_inst/sha_inst/core_inst/temp1__94_carry__1/O[2]
                         net (fo=3, routed)           0.721    11.196    sha/reg_if_inst/sha_inst/core_inst/p_1_in_0[10]
    SLICE_X47Y23         LUT5 (Prop_lut5_I4_O)        0.302    11.498 r  sha/reg_if_inst/sha_inst/core_inst/a0__0_carry__1_i_1/O
                         net (fo=2, routed)           0.537    12.035    sha/reg_if_inst/sha_inst/core_inst/a0__0_carry__1_i_1_n_0
    SLICE_X46Y23         LUT6 (Prop_lut6_I0_O)        0.124    12.159 r  sha/reg_if_inst/sha_inst/core_inst/a0__0_carry__1_i_5/O
                         net (fo=1, routed)           0.000    12.159    sha/reg_if_inst/sha_inst/core_inst/a0__0_carry__1_i_5_n_0
    SLICE_X46Y23         CARRY4 (Prop_carry4_S[3]_CO[3])
                                                      0.376    12.535 r  sha/reg_if_inst/sha_inst/core_inst/a0__0_carry__1/CO[3]
                         net (fo=1, routed)           0.000    12.535    sha/reg_if_inst/sha_inst/core_inst/a0__0_carry__1_n_0
    SLICE_X46Y24         CARRY4 (Prop_carry4_CI_CO[3])
                                                      0.117    12.652 r  sha/reg_if_inst/sha_inst/core_inst/a0__0_carry__2/CO[3]
                         net (fo=1, routed)           0.009    12.661    sha/reg_if_inst/sha_inst/core_inst/a0__0_carry__2_n_0
    SLICE_X46Y25         CARRY4 (Prop_carry4_CI_O[1])
                                                      0.323    12.984 r  sha/reg_if_inst/sha_inst/core_inst/a0__0_carry__3/O[1]
                         net (fo=1, routed)           0.408    13.392    sha/reg_if_inst/sha_inst/core_inst/in14[17]
    SLICE_X47Y26         LUT2 (Prop_lut2_I1_O)        0.306    13.698 r  sha/reg_if_inst/sha_inst/core_inst/a[17]_i_1/O
                         net (fo=1, routed)           0.000    13.698    sha/reg_if_inst/sha_inst/core_inst/a[17]
    SLICE_X47Y26         FDCE                                         r  sha/reg_if_inst/sha_inst/core_inst/a_reg[17]/D
  -------------------------------------------------------------------    -------------------

                         (clock sys_clk rise edge)   10.000    10.000 r  
    W5                                                0.000    10.000 r  clk (IN)
                         net (fo=0)                   0.000    10.000    clk
    W5                   IBUF (Prop_ibuf_I_O)         1.388    11.388 r  clk_IBUF_inst/O
                         net (fo=1, routed)           1.862    13.250    clk_IBUF
    BUFGCTRL_X0Y0        BUFG (Prop_bufg_I_O)         0.091    13.341 r  clk_IBUF_BUFG_inst/O
                         net (fo=3069, routed)        1.433    14.774    sha/reg_if_inst/sha_inst/core_inst/clk_IBUF_BUFG
    SLICE_X47Y26         FDCE                                         r  sha/reg_if_inst/sha_inst/core_inst/a_reg[17]/C
                         clock pessimism              0.188    14.962    
                         clock uncertainty           -0.035    14.927    
    SLICE_X47Y26         FDCE (Setup_fdce_C_D)        0.031    14.958    sha/reg_if_inst/sha_inst/core_inst/a_reg[17]
  -------------------------------------------------------------------
                         required time                         14.958    
                         arrival time                         -13.698    
  -------------------------------------------------------------------
                         slack                                  1.260    





Min Delay Paths
--------------------------------------------------------------------------------------
Slack (MET) :             0.020ns  (arrival time - required time)
  Source:                 sha/reg_if_inst/block_words_reg[13][7]/C
                            (rising edge-triggered cell FDCE clocked by sys_clk  {rise@0.000ns fall@5.000ns period=10.000ns})
  Destination:            sha/reg_if_inst/sha_inst/block_reg_reg[71]/D
                            (rising edge-triggered cell FDCE clocked by sys_clk  {rise@0.000ns fall@5.000ns period=10.000ns})
  Path Group:             sys_clk
  Path Type:              Hold (Min at Fast Process Corner)
  Requirement:            0.000ns  (sys_clk rise@0.000ns - sys_clk rise@0.000ns)
  Data Path Delay:        0.360ns  (logic 0.141ns (39.200%)  route 0.219ns (60.800%))
  Logic Levels:           0  
  Clock Path Skew:        0.264ns (DCD - SCD - CPR)
    Destination Clock Delay (DCD):    1.957ns
    Source Clock Delay      (SCD):    1.444ns
    Clock Pessimism Removal (CPR):    0.249ns

    Location             Delay type                Incr(ns)  Path(ns)    Netlist Resource(s)
  -------------------------------------------------------------------    -------------------
                         (clock sys_clk rise edge)    0.000     0.000 r  
    W5                                                0.000     0.000 r  clk (IN)
                         net (fo=0)                   0.000     0.000    clk
    W5                   IBUF (Prop_ibuf_I_O)         0.226     0.226 r  clk_IBUF_inst/O
                         net (fo=1, routed)           0.631     0.858    clk_IBUF
    BUFGCTRL_X0Y0        BUFG (Prop_bufg_I_O)         0.026     0.884 r  clk_IBUF_BUFG_inst/O
                         net (fo=3069, routed)        0.561     1.444    sha/reg_if_inst/clk_IBUF_BUFG
    SLICE_X36Y10         FDCE                                         r  sha/reg_if_inst/block_words_reg[13][7]/C
  -------------------------------------------------------------------    -------------------
    SLICE_X36Y10         FDCE (Prop_fdce_C_Q)         0.141     1.585 r  sha/reg_if_inst/block_words_reg[13][7]/Q
                         net (fo=2, routed)           0.219     1.804    sha/reg_if_inst/sha_inst/block[71]
    SLICE_X35Y8          FDCE                                         r  sha/reg_if_inst/sha_inst/block_reg_reg[71]/D
  -------------------------------------------------------------------    -------------------

                         (clock sys_clk rise edge)    0.000     0.000 r  
    W5                                                0.000     0.000 r  clk (IN)
                         net (fo=0)                   0.000     0.000    clk
    W5                   IBUF (Prop_ibuf_I_O)         0.414     0.414 r  clk_IBUF_inst/O
                         net (fo=1, routed)           0.685     1.099    clk_IBUF
    BUFGCTRL_X0Y0        BUFG (Prop_bufg_I_O)         0.029     1.128 r  clk_IBUF_BUFG_inst/O
                         net (fo=3069, routed)        0.830     1.957    sha/reg_if_inst/sha_inst/clk_IBUF_BUFG
    SLICE_X35Y8          FDCE                                         r  sha/reg_if_inst/sha_inst/block_reg_reg[71]/C
                         clock pessimism             -0.249     1.708    
    SLICE_X35Y8          FDCE (Hold_fdce_C_D)         0.076     1.784    sha/reg_if_inst/sha_inst/block_reg_reg[71]
  -------------------------------------------------------------------
                         required time                         -1.784    
                         arrival time                           1.804    
  -------------------------------------------------------------------
                         slack                                  0.020    

Slack (MET) :             0.029ns  (arrival time - required time)
  Source:                 sha/reg_if_inst/sha_inst/block_reg_reg[294]/C
                            (rising edge-triggered cell FDCE clocked by sys_clk  {rise@0.000ns fall@5.000ns period=10.000ns})
  Destination:            sha/reg_if_inst/sha_inst/scheduler_inst/w_mem_reg[6][6]/D
                            (rising edge-triggered cell FDCE clocked by sys_clk  {rise@0.000ns fall@5.000ns period=10.000ns})
  Path Group:             sys_clk
  Path Type:              Hold (Min at Fast Process Corner)
  Requirement:            0.000ns  (sys_clk rise@0.000ns - sys_clk rise@0.000ns)
  Data Path Delay:        0.384ns  (logic 0.186ns (48.449%)  route 0.198ns (51.551%))
  Logic Levels:           1  (LUT3=1)
  Clock Path Skew:        0.264ns (DCD - SCD - CPR)
    Destination Clock Delay (DCD):    1.958ns
    Source Clock Delay      (SCD):    1.445ns
    Clock Pessimism Removal (CPR):    0.249ns

    Location             Delay type                Incr(ns)  Path(ns)    Netlist Resource(s)
  -------------------------------------------------------------------    -------------------
                         (clock sys_clk rise edge)    0.000     0.000 r  
    W5                                                0.000     0.000 r  clk (IN)
                         net (fo=0)                   0.000     0.000    clk
    W5                   IBUF (Prop_ibuf_I_O)         0.226     0.226 r  clk_IBUF_inst/O
                         net (fo=1, routed)           0.631     0.858    clk_IBUF
    BUFGCTRL_X0Y0        BUFG (Prop_bufg_I_O)         0.026     0.884 r  clk_IBUF_BUFG_inst/O
                         net (fo=3069, routed)        0.562     1.445    sha/reg_if_inst/sha_inst/clk_IBUF_BUFG
    SLICE_X37Y7          FDCE                                         r  sha/reg_if_inst/sha_inst/block_reg_reg[294]/C
  -------------------------------------------------------------------    -------------------
    SLICE_X37Y7          FDCE (Prop_fdce_C_Q)         0.141     1.586 r  sha/reg_if_inst/sha_inst/block_reg_reg[294]/Q
                         net (fo=1, routed)           0.198     1.784    sha/reg_if_inst/sha_inst/scheduler_inst/w_mem_reg[0][31]_0[294]
    SLICE_X33Y7          LUT3 (Prop_lut3_I0_O)        0.045     1.829 r  sha/reg_if_inst/sha_inst/scheduler_inst/w_mem[6][6]_i_1/O
                         net (fo=1, routed)           0.000     1.829    sha/reg_if_inst/sha_inst/scheduler_inst/w_mem[6][6]_i_1_n_0
    SLICE_X33Y7          FDCE                                         r  sha/reg_if_inst/sha_inst/scheduler_inst/w_mem_reg[6][6]/D
  -------------------------------------------------------------------    -------------------

                         (clock sys_clk rise edge)    0.000     0.000 r  
    W5                                                0.000     0.000 r  clk (IN)
                         net (fo=0)                   0.000     0.000    clk
    W5                   IBUF (Prop_ibuf_I_O)         0.414     0.414 r  clk_IBUF_inst/O
                         net (fo=1, routed)           0.685     1.099    clk_IBUF
    BUFGCTRL_X0Y0        BUFG (Prop_bufg_I_O)         0.029     1.128 r  clk_IBUF_BUFG_inst/O
                         net (fo=3069, routed)        0.831     1.958    sha/reg_if_inst/sha_inst/scheduler_inst/clk_IBUF_BUFG
    SLICE_X33Y7          FDCE                                         r  sha/reg_if_inst/sha_inst/scheduler_inst/w_mem_reg[6][6]/C
                         clock pessimism             -0.249     1.709    
    SLICE_X33Y7          FDCE (Hold_fdce_C_D)         0.091     1.800    sha/reg_if_inst/sha_inst/scheduler_inst/w_mem_reg[6][6]
  -------------------------------------------------------------------
                         required time                         -1.800    
                         arrival time                           1.829    
  -------------------------------------------------------------------
                         slack                                  0.029    

Slack (MET) :             0.032ns  (arrival time - required time)
  Source:                 sha/reg_if_inst/block_words_reg[1][2]/C
                            (rising edge-triggered cell FDCE clocked by sys_clk  {rise@0.000ns fall@5.000ns period=10.000ns})
  Destination:            sha/reg_if_inst/sha_inst/block_reg_reg[450]/D
                            (rising edge-triggered cell FDCE clocked by sys_clk  {rise@0.000ns fall@5.000ns period=10.000ns})
  Path Group:             sys_clk
  Path Type:              Hold (Min at Fast Process Corner)
  Requirement:            0.000ns  (sys_clk rise@0.000ns - sys_clk rise@0.000ns)
  Data Path Delay:        0.370ns  (logic 0.164ns (44.265%)  route 0.206ns (55.735%))
  Logic Levels:           0  
  Clock Path Skew:        0.263ns (DCD - SCD - CPR)
    Destination Clock Delay (DCD):    1.954ns
    Source Clock Delay      (SCD):    1.442ns
    Clock Pessimism Removal (CPR):    0.249ns

    Location             Delay type                Incr(ns)  Path(ns)    Netlist Resource(s)
  -------------------------------------------------------------------    -------------------
                         (clock sys_clk rise edge)    0.000     0.000 r  
    W5                                                0.000     0.000 r  clk (IN)
                         net (fo=0)                   0.000     0.000    clk
    W5                   IBUF (Prop_ibuf_I_O)         0.226     0.226 r  clk_IBUF_inst/O
                         net (fo=1, routed)           0.631     0.858    clk_IBUF
    BUFGCTRL_X0Y0        BUFG (Prop_bufg_I_O)         0.026     0.884 r  clk_IBUF_BUFG_inst/O
                         net (fo=3069, routed)        0.559     1.442    sha/reg_if_inst/clk_IBUF_BUFG
    SLICE_X38Y13         FDCE                                         r  sha/reg_if_inst/block_words_reg[1][2]/C
  -------------------------------------------------------------------    -------------------
    SLICE_X38Y13         FDCE (Prop_fdce_C_Q)         0.164     1.606 r  sha/reg_if_inst/block_words_reg[1][2]/Q
                         net (fo=2, routed)           0.206     1.813    sha/reg_if_inst/sha_inst/block[450]
    SLICE_X35Y12         FDCE                                         r  sha/reg_if_inst/sha_inst/block_reg_reg[450]/D
  -------------------------------------------------------------------    -------------------

                         (clock sys_clk rise edge)    0.000     0.000 r  
    W5                                                0.000     0.000 r  clk (IN)
                         net (fo=0)                   0.000     0.000    clk
    W5                   IBUF (Prop_ibuf_I_O)         0.414     0.414 r  clk_IBUF_inst/O
                         net (fo=1, routed)           0.685     1.099    clk_IBUF
    BUFGCTRL_X0Y0        BUFG (Prop_bufg_I_O)         0.029     1.128 r  clk_IBUF_BUFG_inst/O
                         net (fo=3069, routed)        0.827     1.954    sha/reg_if_inst/sha_inst/clk_IBUF_BUFG
    SLICE_X35Y12         FDCE                                         r  sha/reg_if_inst/sha_inst/block_reg_reg[450]/C
                         clock pessimism             -0.249     1.705    
    SLICE_X35Y12         FDCE (Hold_fdce_C_D)         0.075     1.780    sha/reg_if_inst/sha_inst/block_reg_reg[450]
  -------------------------------------------------------------------
                         required time                         -1.780    
                         arrival time                           1.813    
  -------------------------------------------------------------------
                         slack                                  0.032    

Slack (MET) :             0.035ns  (arrival time - required time)
  Source:                 sha/reg_if_inst/block_words_reg[1][3]/C
                            (rising edge-triggered cell FDCE clocked by sys_clk  {rise@0.000ns fall@5.000ns period=10.000ns})
  Destination:            sha/reg_if_inst/sha_inst/block_reg_reg[451]/D
                            (rising edge-triggered cell FDCE clocked by sys_clk  {rise@0.000ns fall@5.000ns period=10.000ns})
  Path Group:             sys_clk
  Path Type:              Hold (Min at Fast Process Corner)
  Requirement:            0.000ns  (sys_clk rise@0.000ns - sys_clk rise@0.000ns)
  Data Path Delay:        0.367ns  (logic 0.141ns (38.451%)  route 0.226ns (61.549%))
  Logic Levels:           0  
  Clock Path Skew:        0.261ns (DCD - SCD - CPR)
    Destination Clock Delay (DCD):    1.954ns
    Source Clock Delay      (SCD):    1.444ns
    Clock Pessimism Removal (CPR):    0.249ns

    Location             Delay type                Incr(ns)  Path(ns)    Netlist Resource(s)
  -------------------------------------------------------------------    -------------------
                         (clock sys_clk rise edge)    0.000     0.000 r  
    W5                                                0.000     0.000 r  clk (IN)
                         net (fo=0)                   0.000     0.000    clk
    W5                   IBUF (Prop_ibuf_I_O)         0.226     0.226 r  clk_IBUF_inst/O
                         net (fo=1, routed)           0.631     0.858    clk_IBUF
    BUFGCTRL_X0Y0        BUFG (Prop_bufg_I_O)         0.026     0.884 r  clk_IBUF_BUFG_inst/O
                         net (fo=3069, routed)        0.561     1.444    sha/reg_if_inst/clk_IBUF_BUFG
    SLICE_X37Y11         FDCE                                         r  sha/reg_if_inst/block_words_reg[1][3]/C
  -------------------------------------------------------------------    -------------------
    SLICE_X37Y11         FDCE (Prop_fdce_C_Q)         0.141     1.585 r  sha/reg_if_inst/block_words_reg[1][3]/Q
                         net (fo=2, routed)           0.226     1.811    sha/reg_if_inst/sha_inst/block[451]
    SLICE_X35Y12         FDCE                                         r  sha/reg_if_inst/sha_inst/block_reg_reg[451]/D
  -------------------------------------------------------------------    -------------------

                         (clock sys_clk rise edge)    0.000     0.000 r  
    W5                                                0.000     0.000 r  clk (IN)
                         net (fo=0)                   0.000     0.000    clk
    W5                   IBUF (Prop_ibuf_I_O)         0.414     0.414 r  clk_IBUF_inst/O
                         net (fo=1, routed)           0.685     1.099    clk_IBUF
    BUFGCTRL_X0Y0        BUFG (Prop_bufg_I_O)         0.029     1.128 r  clk_IBUF_BUFG_inst/O
                         net (fo=3069, routed)        0.827     1.954    sha/reg_if_inst/sha_inst/clk_IBUF_BUFG
    SLICE_X35Y12         FDCE                                         r  sha/reg_if_inst/sha_inst/block_reg_reg[451]/C
                         clock pessimism             -0.249     1.705    
    SLICE_X35Y12         FDCE (Hold_fdce_C_D)         0.071     1.776    sha/reg_if_inst/sha_inst/block_reg_reg[451]
  -------------------------------------------------------------------
                         required time                         -1.776    
                         arrival time                           1.811    
  -------------------------------------------------------------------
                         slack                                  0.035    

Slack (MET) :             0.042ns  (arrival time - required time)
  Source:                 sha/reg_if_inst/block_words_reg[6][3]/C
                            (rising edge-triggered cell FDCE clocked by sys_clk  {rise@0.000ns fall@5.000ns period=10.000ns})
  Destination:            sha/reg_if_inst/sha_inst/block_reg_reg[291]/D
                            (rising edge-triggered cell FDCE clocked by sys_clk  {rise@0.000ns fall@5.000ns period=10.000ns})
  Path Group:             sys_clk
  Path Type:              Hold (Min at Fast Process Corner)
  Requirement:            0.000ns  (sys_clk rise@0.000ns - sys_clk rise@0.000ns)
  Data Path Delay:        0.352ns  (logic 0.141ns (40.073%)  route 0.211ns (59.927%))
  Logic Levels:           0  
  Clock Path Skew:        0.263ns (DCD - SCD - CPR)
    Destination Clock Delay (DCD):    1.954ns
    Source Clock Delay      (SCD):    1.442ns
    Clock Pessimism Removal (CPR):    0.249ns

    Location             Delay type                Incr(ns)  Path(ns)    Netlist Resource(s)
  -------------------------------------------------------------------    -------------------
                         (clock sys_clk rise edge)    0.000     0.000 r  
    W5                                                0.000     0.000 r  clk (IN)
                         net (fo=0)                   0.000     0.000    clk
    W5                   IBUF (Prop_ibuf_I_O)         0.226     0.226 r  clk_IBUF_inst/O
                         net (fo=1, routed)           0.631     0.858    clk_IBUF
    BUFGCTRL_X0Y0        BUFG (Prop_bufg_I_O)         0.026     0.884 r  clk_IBUF_BUFG_inst/O
                         net (fo=3069, routed)        0.559     1.442    sha/reg_if_inst/clk_IBUF_BUFG
    SLICE_X37Y14         FDCE                                         r  sha/reg_if_inst/block_words_reg[6][3]/C
  -------------------------------------------------------------------    -------------------
    SLICE_X37Y14         FDCE (Prop_fdce_C_Q)         0.141     1.583 r  sha/reg_if_inst/block_words_reg[6][3]/Q
                         net (fo=2, routed)           0.211     1.794    sha/reg_if_inst/sha_inst/block[291]
    SLICE_X35Y12         FDCE                                         r  sha/reg_if_inst/sha_inst/block_reg_reg[291]/D
  -------------------------------------------------------------------    -------------------

                         (clock sys_clk rise edge)    0.000     0.000 r  
    W5                                                0.000     0.000 r  clk (IN)
                         net (fo=0)                   0.000     0.000    clk
    W5                   IBUF (Prop_ibuf_I_O)         0.414     0.414 r  clk_IBUF_inst/O
                         net (fo=1, routed)           0.685     1.099    clk_IBUF
    BUFGCTRL_X0Y0        BUFG (Prop_bufg_I_O)         0.029     1.128 r  clk_IBUF_BUFG_inst/O
                         net (fo=3069, routed)        0.827     1.954    sha/reg_if_inst/sha_inst/clk_IBUF_BUFG
    SLICE_X35Y12         FDCE                                         r  sha/reg_if_inst/sha_inst/block_reg_reg[291]/C
                         clock pessimism             -0.249     1.705    
    SLICE_X35Y12         FDCE (Hold_fdce_C_D)         0.047     1.752    sha/reg_if_inst/sha_inst/block_reg_reg[291]
  -------------------------------------------------------------------
                         required time                         -1.752    
                         arrival time                           1.794    
  -------------------------------------------------------------------
                         slack                                  0.042    

Slack (MET) :             0.064ns  (arrival time - required time)
  Source:                 sha/reg_if_inst/block_words_reg[2][7]/C
                            (rising edge-triggered cell FDCE clocked by sys_clk  {rise@0.000ns fall@5.000ns period=10.000ns})
  Destination:            sha/reg_if_inst/sha_inst/block_reg_reg[423]/D
                            (rising edge-triggered cell FDCE clocked by sys_clk  {rise@0.000ns fall@5.000ns period=10.000ns})
  Path Group:             sys_clk
  Path Type:              Hold (Min at Fast Process Corner)
  Requirement:            0.000ns  (sys_clk rise@0.000ns - sys_clk rise@0.000ns)
  Data Path Delay:        0.399ns  (logic 0.164ns (41.100%)  route 0.235ns (58.900%))
  Logic Levels:           0  
  Clock Path Skew:        0.265ns (DCD - SCD - CPR)
    Destination Clock Delay (DCD):    1.959ns
    Source Clock Delay      (SCD):    1.445ns
    Clock Pessimism Removal (CPR):    0.249ns

    Location             Delay type                Incr(ns)  Path(ns)    Netlist Resource(s)
  -------------------------------------------------------------------    -------------------
                         (clock sys_clk rise edge)    0.000     0.000 r  
    W5                                                0.000     0.000 r  clk (IN)
                         net (fo=0)                   0.000     0.000    clk
    W5                   IBUF (Prop_ibuf_I_O)         0.226     0.226 r  clk_IBUF_inst/O
                         net (fo=1, routed)           0.631     0.858    clk_IBUF
    BUFGCTRL_X0Y0        BUFG (Prop_bufg_I_O)         0.026     0.884 r  clk_IBUF_BUFG_inst/O
                         net (fo=3069, routed)        0.562     1.445    sha/reg_if_inst/clk_IBUF_BUFG
    SLICE_X34Y3          FDCE                                         r  sha/reg_if_inst/block_words_reg[2][7]/C
  -------------------------------------------------------------------    -------------------
    SLICE_X34Y3          FDCE (Prop_fdce_C_Q)         0.164     1.609 r  sha/reg_if_inst/block_words_reg[2][7]/Q
                         net (fo=2, routed)           0.235     1.844    sha/reg_if_inst/sha_inst/block[423]
    SLICE_X36Y4          FDCE                                         r  sha/reg_if_inst/sha_inst/block_reg_reg[423]/D
  -------------------------------------------------------------------    -------------------

                         (clock sys_clk rise edge)    0.000     0.000 r  
    W5                                                0.000     0.000 r  clk (IN)
                         net (fo=0)                   0.000     0.000    clk
    W5                   IBUF (Prop_ibuf_I_O)         0.414     0.414 r  clk_IBUF_inst/O
                         net (fo=1, routed)           0.685     1.099    clk_IBUF
    BUFGCTRL_X0Y0        BUFG (Prop_bufg_I_O)         0.029     1.128 r  clk_IBUF_BUFG_inst/O
                         net (fo=3069, routed)        0.832     1.959    sha/reg_if_inst/sha_inst/clk_IBUF_BUFG
    SLICE_X36Y4          FDCE                                         r  sha/reg_if_inst/sha_inst/block_reg_reg[423]/C
                         clock pessimism             -0.249     1.710    
    SLICE_X36Y4          FDCE (Hold_fdce_C_D)         0.070     1.780    sha/reg_if_inst/sha_inst/block_reg_reg[423]
  -------------------------------------------------------------------
                         required time                         -1.780    
                         arrival time                           1.844    
  -------------------------------------------------------------------
                         slack                                  0.064    

Slack (MET) :             0.065ns  (arrival time - required time)
  Source:                 sha/reg_if_inst/sha_inst/block_reg_reg[100]/C
                            (rising edge-triggered cell FDCE clocked by sys_clk  {rise@0.000ns fall@5.000ns period=10.000ns})
  Destination:            sha/reg_if_inst/sha_inst/scheduler_inst/w_mem_reg[12][4]/D
                            (rising edge-triggered cell FDCE clocked by sys_clk  {rise@0.000ns fall@5.000ns period=10.000ns})
  Path Group:             sys_clk
  Path Type:              Hold (Min at Fast Process Corner)
  Requirement:            0.000ns  (sys_clk rise@0.000ns - sys_clk rise@0.000ns)
  Data Path Delay:        0.419ns  (logic 0.186ns (44.408%)  route 0.233ns (55.592%))
  Logic Levels:           1  (LUT3=1)
  Clock Path Skew:        0.263ns (DCD - SCD - CPR)
    Destination Clock Delay (DCD):    1.958ns
    Source Clock Delay      (SCD):    1.446ns
    Clock Pessimism Removal (CPR):    0.249ns

    Location             Delay type                Incr(ns)  Path(ns)    Netlist Resource(s)
  -------------------------------------------------------------------    -------------------
                         (clock sys_clk rise edge)    0.000     0.000 r  
    W5                                                0.000     0.000 r  clk (IN)
                         net (fo=0)                   0.000     0.000    clk
    W5                   IBUF (Prop_ibuf_I_O)         0.226     0.226 r  clk_IBUF_inst/O
                         net (fo=1, routed)           0.631     0.858    clk_IBUF
    BUFGCTRL_X0Y0        BUFG (Prop_bufg_I_O)         0.026     0.884 r  clk_IBUF_BUFG_inst/O
                         net (fo=3069, routed)        0.563     1.446    sha/reg_if_inst/sha_inst/clk_IBUF_BUFG
    SLICE_X37Y6          FDCE                                         r  sha/reg_if_inst/sha_inst/block_reg_reg[100]/C
  -------------------------------------------------------------------    -------------------
    SLICE_X37Y6          FDCE (Prop_fdce_C_Q)         0.141     1.587 r  sha/reg_if_inst/sha_inst/block_reg_reg[100]/Q
                         net (fo=1, routed)           0.233     1.820    sha/reg_if_inst/sha_inst/scheduler_inst/w_mem_reg[0][31]_0[100]
    SLICE_X35Y5          LUT3 (Prop_lut3_I0_O)        0.045     1.865 r  sha/reg_if_inst/sha_inst/scheduler_inst/w_mem[12][4]_i_1/O
                         net (fo=1, routed)           0.000     1.865    sha/reg_if_inst/sha_inst/scheduler_inst/w_mem[12][4]_i_1_n_0
    SLICE_X35Y5          FDCE                                         r  sha/reg_if_inst/sha_inst/scheduler_inst/w_mem_reg[12][4]/D
  -------------------------------------------------------------------    -------------------

                         (clock sys_clk rise edge)    0.000     0.000 r  
    W5                                                0.000     0.000 r  clk (IN)
                         net (fo=0)                   0.000     0.000    clk
    W5                   IBUF (Prop_ibuf_I_O)         0.414     0.414 r  clk_IBUF_inst/O
                         net (fo=1, routed)           0.685     1.099    clk_IBUF
    BUFGCTRL_X0Y0        BUFG (Prop_bufg_I_O)         0.029     1.128 r  clk_IBUF_BUFG_inst/O
                         net (fo=3069, routed)        0.831     1.958    sha/reg_if_inst/sha_inst/scheduler_inst/clk_IBUF_BUFG
    SLICE_X35Y5          FDCE                                         r  sha/reg_if_inst/sha_inst/scheduler_inst/w_mem_reg[12][4]/C
                         clock pessimism             -0.249     1.709    
    SLICE_X35Y5          FDCE (Hold_fdce_C_D)         0.091     1.800    sha/reg_if_inst/sha_inst/scheduler_inst/w_mem_reg[12][4]
  -------------------------------------------------------------------
                         required time                         -1.800    
                         arrival time                           1.865    
  -------------------------------------------------------------------
                         slack                                  0.065    

Slack (MET) :             0.066ns  (arrival time - required time)
  Source:                 sha/reg_if_inst/sha_inst/block_reg_reg[390]/C
                            (rising edge-triggered cell FDCE clocked by sys_clk  {rise@0.000ns fall@5.000ns period=10.000ns})
  Destination:            sha/reg_if_inst/sha_inst/scheduler_inst/w_mem_reg[3][6]/D
                            (rising edge-triggered cell FDCE clocked by sys_clk  {rise@0.000ns fall@5.000ns period=10.000ns})
  Path Group:             sys_clk
  Path Type:              Hold (Min at Fast Process Corner)
  Requirement:            0.000ns  (sys_clk rise@0.000ns - sys_clk rise@0.000ns)
  Data Path Delay:        0.421ns  (logic 0.186ns (44.221%)  route 0.235ns (55.779%))
  Logic Levels:           1  (LUT3=1)
  Clock Path Skew:        0.263ns (DCD - SCD - CPR)
    Destination Clock Delay (DCD):    1.958ns
    Source Clock Delay      (SCD):    1.446ns
    Clock Pessimism Removal (CPR):    0.249ns

    Location             Delay type                Incr(ns)  Path(ns)    Netlist Resource(s)
  -------------------------------------------------------------------    -------------------
                         (clock sys_clk rise edge)    0.000     0.000 r  
    W5                                                0.000     0.000 r  clk (IN)
                         net (fo=0)                   0.000     0.000    clk
    W5                   IBUF (Prop_ibuf_I_O)         0.226     0.226 r  clk_IBUF_inst/O
                         net (fo=1, routed)           0.631     0.858    clk_IBUF
    BUFGCTRL_X0Y0        BUFG (Prop_bufg_I_O)         0.026     0.884 r  clk_IBUF_BUFG_inst/O
                         net (fo=3069, routed)        0.563     1.446    sha/reg_if_inst/sha_inst/clk_IBUF_BUFG
    SLICE_X37Y4          FDCE                                         r  sha/reg_if_inst/sha_inst/block_reg_reg[390]/C
  -------------------------------------------------------------------    -------------------
    SLICE_X37Y4          FDCE (Prop_fdce_C_Q)         0.141     1.587 r  sha/reg_if_inst/sha_inst/block_reg_reg[390]/Q
                         net (fo=1, routed)           0.235     1.822    sha/reg_if_inst/sha_inst/scheduler_inst/w_mem_reg[0][31]_0[390]
    SLICE_X35Y4          LUT3 (Prop_lut3_I0_O)        0.045     1.867 r  sha/reg_if_inst/sha_inst/scheduler_inst/w_mem[3][6]_i_1/O
                         net (fo=1, routed)           0.000     1.867    sha/reg_if_inst/sha_inst/scheduler_inst/w_mem[3][6]_i_1_n_0
    SLICE_X35Y4          FDCE                                         r  sha/reg_if_inst/sha_inst/scheduler_inst/w_mem_reg[3][6]/D
  -------------------------------------------------------------------    -------------------

                         (clock sys_clk rise edge)    0.000     0.000 r  
    W5                                                0.000     0.000 r  clk (IN)
                         net (fo=0)                   0.000     0.000    clk
    W5                   IBUF (Prop_ibuf_I_O)         0.414     0.414 r  clk_IBUF_inst/O
                         net (fo=1, routed)           0.685     1.099    clk_IBUF
    BUFGCTRL_X0Y0        BUFG (Prop_bufg_I_O)         0.029     1.128 r  clk_IBUF_BUFG_inst/O
                         net (fo=3069, routed)        0.831     1.958    sha/reg_if_inst/sha_inst/scheduler_inst/clk_IBUF_BUFG
    SLICE_X35Y4          FDCE                                         r  sha/reg_if_inst/sha_inst/scheduler_inst/w_mem_reg[3][6]/C
                         clock pessimism             -0.249     1.709    
    SLICE_X35Y4          FDCE (Hold_fdce_C_D)         0.092     1.801    sha/reg_if_inst/sha_inst/scheduler_inst/w_mem_reg[3][6]
  -------------------------------------------------------------------
                         required time                         -1.801    
                         arrival time                           1.867    
  -------------------------------------------------------------------
                         slack                                  0.066    

Slack (MET) :             0.067ns  (arrival time - required time)
  Source:                 decoder/wdata_reg_reg[7]/C
                            (rising edge-triggered cell FDCE clocked by sys_clk  {rise@0.000ns fall@5.000ns period=10.000ns})
  Destination:            ram/wdata_reg_reg[7]/D
                            (rising edge-triggered cell FDCE clocked by sys_clk  {rise@0.000ns fall@5.000ns period=10.000ns})
  Path Group:             sys_clk
  Path Type:              Hold (Min at Fast Process Corner)
  Requirement:            0.000ns  (sys_clk rise@0.000ns - sys_clk rise@0.000ns)
  Data Path Delay:        0.404ns  (logic 0.141ns (34.876%)  route 0.263ns (65.124%))
  Logic Levels:           0  
  Clock Path Skew:        0.265ns (DCD - SCD - CPR)
    Destination Clock Delay (DCD):    1.959ns
    Source Clock Delay      (SCD):    1.445ns
    Clock Pessimism Removal (CPR):    0.249ns

    Location             Delay type                Incr(ns)  Path(ns)    Netlist Resource(s)
  -------------------------------------------------------------------    -------------------
                         (clock sys_clk rise edge)    0.000     0.000 r  
    W5                                                0.000     0.000 r  clk (IN)
                         net (fo=0)                   0.000     0.000    clk
    W5                   IBUF (Prop_ibuf_I_O)         0.226     0.226 r  clk_IBUF_inst/O
                         net (fo=1, routed)           0.631     0.858    clk_IBUF
    BUFGCTRL_X0Y0        BUFG (Prop_bufg_I_O)         0.026     0.884 r  clk_IBUF_BUFG_inst/O
                         net (fo=3069, routed)        0.562     1.445    decoder/clk_IBUF_BUFG
    SLICE_X29Y7          FDCE                                         r  decoder/wdata_reg_reg[7]/C
  -------------------------------------------------------------------    -------------------
    SLICE_X29Y7          FDCE (Prop_fdce_C_Q)         0.141     1.586 r  decoder/wdata_reg_reg[7]/Q
                         net (fo=2, routed)           0.263     1.849    ram/wdata_reg_reg[31]_0[7]
    SLICE_X40Y8          FDCE                                         r  ram/wdata_reg_reg[7]/D
  -------------------------------------------------------------------    -------------------

                         (clock sys_clk rise edge)    0.000     0.000 r  
    W5                                                0.000     0.000 r  clk (IN)
                         net (fo=0)                   0.000     0.000    clk
    W5                   IBUF (Prop_ibuf_I_O)         0.414     0.414 r  clk_IBUF_inst/O
                         net (fo=1, routed)           0.685     1.099    clk_IBUF
    BUFGCTRL_X0Y0        BUFG (Prop_bufg_I_O)         0.029     1.128 r  clk_IBUF_BUFG_inst/O
                         net (fo=3069, routed)        0.832     1.959    ram/clk_IBUF_BUFG
    SLICE_X40Y8          FDCE                                         r  ram/wdata_reg_reg[7]/C
                         clock pessimism             -0.249     1.710    
    SLICE_X40Y8          FDCE (Hold_fdce_C_D)         0.072     1.782    ram/wdata_reg_reg[7]
  -------------------------------------------------------------------
                         required time                         -1.782    
                         arrival time                           1.849    
  -------------------------------------------------------------------
                         slack                                  0.067    

Slack (MET) :             0.068ns  (arrival time - required time)
  Source:                 cpu/picorv32_core/mem_addr_reg[4]_rep/C
                            (rising edge-triggered cell FDRE clocked by sys_clk  {rise@0.000ns fall@5.000ns period=10.000ns})
  Destination:            ram/memory_reg_1_0/ADDRBWRADDR[3]
                            (rising edge-triggered cell RAMB36E1 clocked by sys_clk  {rise@0.000ns fall@5.000ns period=10.000ns})
  Path Group:             sys_clk
  Path Type:              Hold (Min at Fast Process Corner)
  Requirement:            0.000ns  (sys_clk rise@0.000ns - sys_clk rise@0.000ns)
  Data Path Delay:        0.309ns  (logic 0.141ns (45.582%)  route 0.168ns (54.418%))
  Logic Levels:           0  
  Clock Path Skew:        0.058ns (DCD - SCD - CPR)
    Destination Clock Delay (DCD):    2.007ns
    Source Clock Delay      (SCD):    1.450ns
    Clock Pessimism Removal (CPR):    0.498ns

    Location             Delay type                Incr(ns)  Path(ns)    Netlist Resource(s)
  -------------------------------------------------------------------    -------------------
                         (clock sys_clk rise edge)    0.000     0.000 r  
    W5                                                0.000     0.000 r  clk (IN)
                         net (fo=0)                   0.000     0.000    clk
    W5                   IBUF (Prop_ibuf_I_O)         0.226     0.226 r  clk_IBUF_inst/O
                         net (fo=1, routed)           0.631     0.858    clk_IBUF
    BUFGCTRL_X0Y0        BUFG (Prop_bufg_I_O)         0.026     0.884 r  clk_IBUF_BUFG_inst/O
                         net (fo=3069, routed)        0.567     1.450    cpu/picorv32_core/clk_IBUF_BUFG
    SLICE_X9Y2           FDRE                                         r  cpu/picorv32_core/mem_addr_reg[4]_rep/C
  -------------------------------------------------------------------    -------------------
    SLICE_X9Y2           FDRE (Prop_fdre_C_Q)         0.141     1.591 r  cpu/picorv32_core/mem_addr_reg[4]_rep/Q
                         net (fo=17, routed)          0.168     1.759    ram/ADDRBWRADDR[2]
    RAMB36_X0Y0          RAMB36E1                                     r  ram/memory_reg_1_0/ADDRBWRADDR[3]
  -------------------------------------------------------------------    -------------------

                         (clock sys_clk rise edge)    0.000     0.000 r  
    W5                                                0.000     0.000 r  clk (IN)
                         net (fo=0)                   0.000     0.000    clk
    W5                   IBUF (Prop_ibuf_I_O)         0.414     0.414 r  clk_IBUF_inst/O
                         net (fo=1, routed)           0.685     1.099    clk_IBUF
    BUFGCTRL_X0Y0        BUFG (Prop_bufg_I_O)         0.029     1.128 r  clk_IBUF_BUFG_inst/O
                         net (fo=3069, routed)        0.879     2.007    ram/clk_IBUF_BUFG
    RAMB36_X0Y0          RAMB36E1                                     r  ram/memory_reg_1_0/CLKBWRCLK
                         clock pessimism             -0.498     1.509    
    RAMB36_X0Y0          RAMB36E1 (Hold_ramb36e1_CLKBWRCLK_ADDRBWRADDR[3])
                                                      0.183     1.692    ram/memory_reg_1_0
  -------------------------------------------------------------------
                         required time                         -1.692    
                         arrival time                           1.759    
  -------------------------------------------------------------------
                         slack                                  0.068    

Slack (MET) :             0.068ns  (arrival time - required time)
  Source:                 sha/reg_if_inst/sha_inst/core_inst/FSM_onehot_current_state_reg[0]_rep__0/C
                            (rising edge-triggered cell FDPE clocked by sys_clk  {rise@0.000ns fall@5.000ns period=10.000ns})
  Destination:            sha/reg_if_inst/sha_inst/core_inst/h5_reg[3]/D
                            (rising edge-triggered cell FDPE clocked by sys_clk  {rise@0.000ns fall@5.000ns period=10.000ns})
  Path Group:             sys_clk
  Path Type:              Hold (Min at Fast Process Corner)
  Requirement:            0.000ns  (sys_clk rise@0.000ns - sys_clk rise@0.000ns)
  Data Path Delay:        0.459ns  (logic 0.190ns (41.398%)  route 0.269ns (58.602%))
  Logic Levels:           1  (LUT3=1)
  Clock Path Skew:        0.260ns (DCD - SCD - CPR)
    Destination Clock Delay (DCD):    1.947ns
    Source Clock Delay      (SCD):    1.438ns
    Clock Pessimism Removal (CPR):    0.249ns

    Location             Delay type                Incr(ns)  Path(ns)    Netlist Resource(s)
  -------------------------------------------------------------------    -------------------
                         (clock sys_clk rise edge)    0.000     0.000 r  
    W5                                                0.000     0.000 r  clk (IN)
                         net (fo=0)                   0.000     0.000    clk
    W5                   IBUF (Prop_ibuf_I_O)         0.226     0.226 r  clk_IBUF_inst/O
                         net (fo=1, routed)           0.631     0.858    clk_IBUF
    BUFGCTRL_X0Y0        BUFG (Prop_bufg_I_O)         0.026     0.884 r  clk_IBUF_BUFG_inst/O
                         net (fo=3069, routed)        0.555     1.438    sha/reg_if_inst/sha_inst/core_inst/clk_IBUF_BUFG
    SLICE_X39Y19         FDPE                                         r  sha/reg_if_inst/sha_inst/core_inst/FSM_onehot_current_state_reg[0]_rep__0/C
  -------------------------------------------------------------------    -------------------
    SLICE_X39Y19         FDPE (Prop_fdpe_C_Q)         0.141     1.579 r  sha/reg_if_inst/sha_inst/core_inst/FSM_onehot_current_state_reg[0]_rep__0/Q
                         net (fo=120, routed)         0.269     1.848    sha/reg_if_inst/sha_inst/core_inst/FSM_onehot_current_state_reg[0]_rep__0_n_0
    SLICE_X34Y20         LUT3 (Prop_lut3_I0_O)        0.049     1.897 r  sha/reg_if_inst/sha_inst/core_inst/h5[3]_i_1/O
                         net (fo=1, routed)           0.000     1.897    sha/reg_if_inst/sha_inst/core_inst/h5[3]
    SLICE_X34Y20         FDPE                                         r  sha/reg_if_inst/sha_inst/core_inst/h5_reg[3]/D
  -------------------------------------------------------------------    -------------------

                         (clock sys_clk rise edge)    0.000     0.000 r  
    W5                                                0.000     0.000 r  clk (IN)
                         net (fo=0)                   0.000     0.000    clk
    W5                   IBUF (Prop_ibuf_I_O)         0.414     0.414 r  clk_IBUF_inst/O
                         net (fo=1, routed)           0.685     1.099    clk_IBUF
    BUFGCTRL_X0Y0        BUFG (Prop_bufg_I_O)         0.029     1.128 r  clk_IBUF_BUFG_inst/O
                         net (fo=3069, routed)        0.820     1.947    sha/reg_if_inst/sha_inst/core_inst/clk_IBUF_BUFG
    SLICE_X34Y20         FDPE                                         r  sha/reg_if_inst/sha_inst/core_inst/h5_reg[3]/C
                         clock pessimism             -0.249     1.698    
    SLICE_X34Y20         FDPE (Hold_fdpe_C_D)         0.131     1.829    sha/reg_if_inst/sha_inst/core_inst/h5_reg[3]
  -------------------------------------------------------------------
                         required time                         -1.829    
                         arrival time                           1.897    
  -------------------------------------------------------------------
                         slack                                  0.068    

Slack (MET) :             0.068ns  (arrival time - required time)
  Source:                 sha/reg_if_inst/sha_inst/scheduler_inst/w_mem_reg[14][0]/C
                            (rising edge-triggered cell FDCE clocked by sys_clk  {rise@0.000ns fall@5.000ns period=10.000ns})
  Destination:            sha/reg_if_inst/sha_inst/scheduler_inst/w_mem_reg[13][0]/D
                            (rising edge-triggered cell FDCE clocked by sys_clk  {rise@0.000ns fall@5.000ns period=10.000ns})
  Path Group:             sys_clk
  Path Type:              Hold (Min at Fast Process Corner)
  Requirement:            0.000ns  (sys_clk rise@0.000ns - sys_clk rise@0.000ns)
  Data Path Delay:        0.421ns  (logic 0.209ns (49.639%)  route 0.212ns (50.361%))
  Logic Levels:           1  (LUT3=1)
  Clock Path Skew:        0.262ns (DCD - SCD - CPR)
    Destination Clock Delay (DCD):    1.952ns
    Source Clock Delay      (SCD):    1.441ns
    Clock Pessimism Removal (CPR):    0.249ns

    Location             Delay type                Incr(ns)  Path(ns)    Netlist Resource(s)
  -------------------------------------------------------------------    -------------------
                         (clock sys_clk rise edge)    0.000     0.000 r  
    W5                                                0.000     0.000 r  clk (IN)
                         net (fo=0)                   0.000     0.000    clk
    W5                   IBUF (Prop_ibuf_I_O)         0.226     0.226 r  clk_IBUF_inst/O
                         net (fo=1, routed)           0.631     0.858    clk_IBUF
    BUFGCTRL_X0Y0        BUFG (Prop_bufg_I_O)         0.026     0.884 r  clk_IBUF_BUFG_inst/O
                         net (fo=3069, routed)        0.558     1.441    sha/reg_if_inst/sha_inst/scheduler_inst/clk_IBUF_BUFG
    SLICE_X34Y15         FDCE                                         r  sha/reg_if_inst/sha_inst/scheduler_inst/w_mem_reg[14][0]/C
  -------------------------------------------------------------------    -------------------
    SLICE_X34Y15         FDCE (Prop_fdce_C_Q)         0.164     1.605 r  sha/reg_if_inst/sha_inst/scheduler_inst/w_mem_reg[14][0]/Q
                         net (fo=6, routed)           0.212     1.817    sha/reg_if_inst/sha_inst/scheduler_inst/rotr0_return[13]
    SLICE_X39Y16         LUT3 (Prop_lut3_I2_O)        0.045     1.862 r  sha/reg_if_inst/sha_inst/scheduler_inst/w_mem[13][0]_i_1/O
                         net (fo=1, routed)           0.000     1.862    sha/reg_if_inst/sha_inst/scheduler_inst/w_mem[13][0]_i_1_n_0
    SLICE_X39Y16         FDCE                                         r  sha/reg_if_inst/sha_inst/scheduler_inst/w_mem_reg[13][0]/D
  -------------------------------------------------------------------    -------------------

                         (clock sys_clk rise edge)    0.000     0.000 r  
    W5                                                0.000     0.000 r  clk (IN)
                         net (fo=0)                   0.000     0.000    clk
    W5                   IBUF (Prop_ibuf_I_O)         0.414     0.414 r  clk_IBUF_inst/O
                         net (fo=1, routed)           0.685     1.099    clk_IBUF
    BUFGCTRL_X0Y0        BUFG (Prop_bufg_I_O)         0.029     1.128 r  clk_IBUF_BUFG_inst/O
                         net (fo=3069, routed)        0.825     1.952    sha/reg_if_inst/sha_inst/scheduler_inst/clk_IBUF_BUFG
    SLICE_X39Y16         FDCE                                         r  sha/reg_if_inst/sha_inst/scheduler_inst/w_mem_reg[13][0]/C
                         clock pessimism             -0.249     1.703    
    SLICE_X39Y16         FDCE (Hold_fdce_C_D)         0.091     1.794    sha/reg_if_inst/sha_inst/scheduler_inst/w_mem_reg[13][0]
  -------------------------------------------------------------------
                         required time                         -1.794    
                         arrival time                           1.862    
  -------------------------------------------------------------------
                         slack                                  0.068    

Slack (MET) :             0.069ns  (arrival time - required time)
  Source:                 sha/reg_if_inst/block_words_reg[9][5]/C
                            (rising edge-triggered cell FDCE clocked by sys_clk  {rise@0.000ns fall@5.000ns period=10.000ns})
  Destination:            sha/reg_if_inst/sha_inst/block_reg_reg[197]/D
                            (rising edge-triggered cell FDCE clocked by sys_clk  {rise@0.000ns fall@5.000ns period=10.000ns})
  Path Group:             sys_clk
  Path Type:              Hold (Min at Fast Process Corner)
  Requirement:            0.000ns  (sys_clk rise@0.000ns - sys_clk rise@0.000ns)
  Data Path Delay:        0.379ns  (logic 0.141ns (37.232%)  route 0.238ns (62.768%))
  Logic Levels:           0  
  Clock Path Skew:        0.264ns (DCD - SCD - CPR)
    Destination Clock Delay (DCD):    1.959ns
    Source Clock Delay      (SCD):    1.446ns
    Clock Pessimism Removal (CPR):    0.249ns

    Location             Delay type                Incr(ns)  Path(ns)    Netlist Resource(s)
  -------------------------------------------------------------------    -------------------
                         (clock sys_clk rise edge)    0.000     0.000 r  
    W5                                                0.000     0.000 r  clk (IN)
                         net (fo=0)                   0.000     0.000    clk
    W5                   IBUF (Prop_ibuf_I_O)         0.226     0.226 r  clk_IBUF_inst/O
                         net (fo=1, routed)           0.631     0.858    clk_IBUF
    BUFGCTRL_X0Y0        BUFG (Prop_bufg_I_O)         0.026     0.884 r  clk_IBUF_BUFG_inst/O
                         net (fo=3069, routed)        0.563     1.446    sha/reg_if_inst/clk_IBUF_BUFG
    SLICE_X36Y5          FDCE                                         r  sha/reg_if_inst/block_words_reg[9][5]/C
  -------------------------------------------------------------------    -------------------
    SLICE_X36Y5          FDCE (Prop_fdce_C_Q)         0.141     1.587 r  sha/reg_if_inst/block_words_reg[9][5]/Q
                         net (fo=2, routed)           0.238     1.825    sha/reg_if_inst/sha_inst/block[197]
    SLICE_X33Y6          FDCE                                         r  sha/reg_if_inst/sha_inst/block_reg_reg[197]/D
  -------------------------------------------------------------------    -------------------

                         (clock sys_clk rise edge)    0.000     0.000 r  
    W5                                                0.000     0.000 r  clk (IN)
                         net (fo=0)                   0.000     0.000    clk
    W5                   IBUF (Prop_ibuf_I_O)         0.414     0.414 r  clk_IBUF_inst/O
                         net (fo=1, routed)           0.685     1.099    clk_IBUF
    BUFGCTRL_X0Y0        BUFG (Prop_bufg_I_O)         0.029     1.128 r  clk_IBUF_BUFG_inst/O
                         net (fo=3069, routed)        0.832     1.959    sha/reg_if_inst/sha_inst/clk_IBUF_BUFG
    SLICE_X33Y6          FDCE                                         r  sha/reg_if_inst/sha_inst/block_reg_reg[197]/C
                         clock pessimism             -0.249     1.710    
    SLICE_X33Y6          FDCE (Hold_fdce_C_D)         0.046     1.756    sha/reg_if_inst/sha_inst/block_reg_reg[197]
  -------------------------------------------------------------------
                         required time                         -1.756    
                         arrival time                           1.825    
  -------------------------------------------------------------------
                         slack                                  0.069    

Slack (MET) :             0.069ns  (arrival time - required time)
  Source:                 decoder/wdata_reg_reg[0]/C
                            (rising edge-triggered cell FDCE clocked by sys_clk  {rise@0.000ns fall@5.000ns period=10.000ns})
  Destination:            ram/wdata_reg_reg[0]/D
                            (rising edge-triggered cell FDCE clocked by sys_clk  {rise@0.000ns fall@5.000ns period=10.000ns})
  Path Group:             sys_clk
  Path Type:              Hold (Min at Fast Process Corner)
  Requirement:            0.000ns  (sys_clk rise@0.000ns - sys_clk rise@0.000ns)
  Data Path Delay:        0.405ns  (logic 0.141ns (34.805%)  route 0.264ns (65.195%))
  Logic Levels:           0  
  Clock Path Skew:        0.266ns (DCD - SCD - CPR)
    Destination Clock Delay (DCD):    1.960ns
    Source Clock Delay      (SCD):    1.445ns
    Clock Pessimism Removal (CPR):    0.249ns

    Location             Delay type                Incr(ns)  Path(ns)    Netlist Resource(s)
  -------------------------------------------------------------------    -------------------
                         (clock sys_clk rise edge)    0.000     0.000 r  
    W5                                                0.000     0.000 r  clk (IN)
                         net (fo=0)                   0.000     0.000    clk
    W5                   IBUF (Prop_ibuf_I_O)         0.226     0.226 r  clk_IBUF_inst/O
                         net (fo=1, routed)           0.631     0.858    clk_IBUF
    BUFGCTRL_X0Y0        BUFG (Prop_bufg_I_O)         0.026     0.884 r  clk_IBUF_BUFG_inst/O
                         net (fo=3069, routed)        0.562     1.445    decoder/clk_IBUF_BUFG
    SLICE_X29Y7          FDCE                                         r  decoder/wdata_reg_reg[0]/C
  -------------------------------------------------------------------    -------------------
    SLICE_X29Y7          FDCE (Prop_fdce_C_Q)         0.141     1.586 r  decoder/wdata_reg_reg[0]/Q
                         net (fo=2, routed)           0.264     1.850    ram/wdata_reg_reg[31]_0[0]
    SLICE_X40Y6          FDCE                                         r  ram/wdata_reg_reg[0]/D
  -------------------------------------------------------------------    -------------------

                         (clock sys_clk rise edge)    0.000     0.000 r  
    W5                                                0.000     0.000 r  clk (IN)
                         net (fo=0)                   0.000     0.000    clk
    W5                   IBUF (Prop_ibuf_I_O)         0.414     0.414 r  clk_IBUF_inst/O
                         net (fo=1, routed)           0.685     1.099    clk_IBUF
    BUFGCTRL_X0Y0        BUFG (Prop_bufg_I_O)         0.029     1.128 r  clk_IBUF_BUFG_inst/O
                         net (fo=3069, routed)        0.833     1.960    ram/clk_IBUF_BUFG
    SLICE_X40Y6          FDCE                                         r  ram/wdata_reg_reg[0]/C
                         clock pessimism             -0.249     1.711    
    SLICE_X40Y6          FDCE (Hold_fdce_C_D)         0.070     1.781    ram/wdata_reg_reg[0]
  -------------------------------------------------------------------
                         required time                         -1.781    
                         arrival time                           1.850    
  -------------------------------------------------------------------
                         slack                                  0.069    

Slack (MET) :             0.069ns  (arrival time - required time)
  Source:                 sha/reg_if_inst/sha_inst/block_reg_reg[326]/C
                            (rising edge-triggered cell FDCE clocked by sys_clk  {rise@0.000ns fall@5.000ns period=10.000ns})
  Destination:            sha/reg_if_inst/sha_inst/scheduler_inst/w_mem_reg[5][6]/D
                            (rising edge-triggered cell FDCE clocked by sys_clk  {rise@0.000ns fall@5.000ns period=10.000ns})
  Path Group:             sys_clk
  Path Type:              Hold (Min at Fast Process Corner)
  Requirement:            0.000ns  (sys_clk rise@0.000ns - sys_clk rise@0.000ns)
  Data Path Delay:        0.425ns  (logic 0.186ns (43.743%)  route 0.239ns (56.257%))
  Logic Levels:           1  (LUT3=1)
  Clock Path Skew:        0.264ns (DCD - SCD - CPR)
    Destination Clock Delay (DCD):    1.959ns
    Source Clock Delay      (SCD):    1.446ns
    Clock Pessimism Removal (CPR):    0.249ns

    Location             Delay type                Incr(ns)  Path(ns)    Netlist Resource(s)
  -------------------------------------------------------------------    -------------------
                         (clock sys_clk rise edge)    0.000     0.000 r  
    W5                                                0.000     0.000 r  clk (IN)
                         net (fo=0)                   0.000     0.000    clk
    W5                   IBUF (Prop_ibuf_I_O)         0.226     0.226 r  clk_IBUF_inst/O
                         net (fo=1, routed)           0.631     0.858    clk_IBUF
    BUFGCTRL_X0Y0        BUFG (Prop_bufg_I_O)         0.026     0.884 r  clk_IBUF_BUFG_inst/O
                         net (fo=3069, routed)        0.563     1.446    sha/reg_if_inst/sha_inst/clk_IBUF_BUFG
    SLICE_X37Y4          FDCE                                         r  sha/reg_if_inst/sha_inst/block_reg_reg[326]/C
  -------------------------------------------------------------------    -------------------
    SLICE_X37Y4          FDCE (Prop_fdce_C_Q)         0.141     1.587 r  sha/reg_if_inst/sha_inst/block_reg_reg[326]/Q
                         net (fo=1, routed)           0.239     1.826    sha/reg_if_inst/sha_inst/scheduler_inst/w_mem_reg[0][31]_0[326]
    SLICE_X33Y4          LUT3 (Prop_lut3_I0_O)        0.045     1.871 r  sha/reg_if_inst/sha_inst/scheduler_inst/w_mem[5][6]_i_1/O
                         net (fo=1, routed)           0.000     1.871    sha/reg_if_inst/sha_inst/scheduler_inst/w_mem[5][6]_i_1_n_0
    SLICE_X33Y4          FDCE                                         r  sha/reg_if_inst/sha_inst/scheduler_inst/w_mem_reg[5][6]/D
  -------------------------------------------------------------------    -------------------

                         (clock sys_clk rise edge)    0.000     0.000 r  
    W5                                                0.000     0.000 r  clk (IN)
                         net (fo=0)                   0.000     0.000    clk
    W5                   IBUF (Prop_ibuf_I_O)         0.414     0.414 r  clk_IBUF_inst/O
                         net (fo=1, routed)           0.685     1.099    clk_IBUF
    BUFGCTRL_X0Y0        BUFG (Prop_bufg_I_O)         0.029     1.128 r  clk_IBUF_BUFG_inst/O
                         net (fo=3069, routed)        0.832     1.959    sha/reg_if_inst/sha_inst/scheduler_inst/clk_IBUF_BUFG
    SLICE_X33Y4          FDCE                                         r  sha/reg_if_inst/sha_inst/scheduler_inst/w_mem_reg[5][6]/C
                         clock pessimism             -0.249     1.710    
    SLICE_X33Y4          FDCE (Hold_fdce_C_D)         0.092     1.802    sha/reg_if_inst/sha_inst/scheduler_inst/w_mem_reg[5][6]
  -------------------------------------------------------------------
                         required time                         -1.802    
                         arrival time                           1.871    
  -------------------------------------------------------------------
                         slack                                  0.069    

Slack (MET) :             0.071ns  (arrival time - required time)
  Source:                 sha/reg_if_inst/sha_inst/scheduler_inst/w_mem_reg[5][2]/C
                            (rising edge-triggered cell FDCE clocked by sys_clk  {rise@0.000ns fall@5.000ns period=10.000ns})
  Destination:            sha/reg_if_inst/sha_inst/scheduler_inst/w_mem_reg[4][2]/D
                            (rising edge-triggered cell FDCE clocked by sys_clk  {rise@0.000ns fall@5.000ns period=10.000ns})
  Path Group:             sys_clk
  Path Type:              Hold (Min at Fast Process Corner)
  Requirement:            0.000ns  (sys_clk rise@0.000ns - sys_clk rise@0.000ns)
  Data Path Delay:        0.427ns  (logic 0.209ns (48.953%)  route 0.218ns (51.047%))
  Logic Levels:           1  (LUT3=1)
  Clock Path Skew:        0.264ns (DCD - SCD - CPR)
    Destination Clock Delay (DCD):    1.955ns
    Source Clock Delay      (SCD):    1.442ns
    Clock Pessimism Removal (CPR):    0.249ns

    Location             Delay type                Incr(ns)  Path(ns)    Netlist Resource(s)
  -------------------------------------------------------------------    -------------------
                         (clock sys_clk rise edge)    0.000     0.000 r  
    W5                                                0.000     0.000 r  clk (IN)
                         net (fo=0)                   0.000     0.000    clk
    W5                   IBUF (Prop_ibuf_I_O)         0.226     0.226 r  clk_IBUF_inst/O
                         net (fo=1, routed)           0.631     0.858    clk_IBUF
    BUFGCTRL_X0Y0        BUFG (Prop_bufg_I_O)         0.026     0.884 r  clk_IBUF_BUFG_inst/O
                         net (fo=3069, routed)        0.559     1.442    sha/reg_if_inst/sha_inst/scheduler_inst/clk_IBUF_BUFG
    SLICE_X34Y12         FDCE                                         r  sha/reg_if_inst/sha_inst/scheduler_inst/w_mem_reg[5][2]/C
  -------------------------------------------------------------------    -------------------
    SLICE_X34Y12         FDCE (Prop_fdce_C_Q)         0.164     1.606 r  sha/reg_if_inst/sha_inst/scheduler_inst/w_mem_reg[5][2]/Q
                         net (fo=2, routed)           0.218     1.824    sha/reg_if_inst/sha_inst/scheduler_inst/w_mem_reg[5]_8[2]
    SLICE_X36Y12         LUT3 (Prop_lut3_I2_O)        0.045     1.869 r  sha/reg_if_inst/sha_inst/scheduler_inst/w_mem[4][2]_i_1/O
                         net (fo=1, routed)           0.000     1.869    sha/reg_if_inst/sha_inst/scheduler_inst/w_mem[4][2]_i_1_n_0
    SLICE_X36Y12         FDCE                                         r  sha/reg_if_inst/sha_inst/scheduler_inst/w_mem_reg[4][2]/D
  -------------------------------------------------------------------    -------------------

                         (clock sys_clk rise edge)    0.000     0.000 r  
    W5                                                0.000     0.000 r  clk (IN)
                         net (fo=0)                   0.000     0.000    clk
    W5                   IBUF (Prop_ibuf_I_O)         0.414     0.414 r  clk_IBUF_inst/O
                         net (fo=1, routed)           0.685     1.099    clk_IBUF
    BUFGCTRL_X0Y0        BUFG (Prop_bufg_I_O)         0.029     1.128 r  clk_IBUF_BUFG_inst/O
                         net (fo=3069, routed)        0.828     1.955    sha/reg_if_inst/sha_inst/scheduler_inst/clk_IBUF_BUFG
    SLICE_X36Y12         FDCE                                         r  sha/reg_if_inst/sha_inst/scheduler_inst/w_mem_reg[4][2]/C
                         clock pessimism             -0.249     1.706    
    SLICE_X36Y12         FDCE (Hold_fdce_C_D)         0.092     1.798    sha/reg_if_inst/sha_inst/scheduler_inst/w_mem_reg[4][2]
  -------------------------------------------------------------------
                         required time                         -1.798    
                         arrival time                           1.869    
  -------------------------------------------------------------------
                         slack                                  0.071    

Slack (MET) :             0.071ns  (arrival time - required time)
  Source:                 sha/reg_if_inst/block_words_reg[10][1]/C
                            (rising edge-triggered cell FDCE clocked by sys_clk  {rise@0.000ns fall@5.000ns period=10.000ns})
  Destination:            sha/reg_if_inst/sha_inst/block_reg_reg[161]/D
                            (rising edge-triggered cell FDCE clocked by sys_clk  {rise@0.000ns fall@5.000ns period=10.000ns})
  Path Group:             sys_clk
  Path Type:              Hold (Min at Fast Process Corner)
  Requirement:            0.000ns  (sys_clk rise@0.000ns - sys_clk rise@0.000ns)
  Data Path Delay:        0.406ns  (logic 0.164ns (40.356%)  route 0.242ns (59.644%))
  Logic Levels:           0  
  Clock Path Skew:        0.263ns (DCD - SCD - CPR)
    Destination Clock Delay (DCD):    1.953ns
    Source Clock Delay      (SCD):    1.441ns
    Clock Pessimism Removal (CPR):    0.249ns

    Location             Delay type                Incr(ns)  Path(ns)    Netlist Resource(s)
  -------------------------------------------------------------------    -------------------
                         (clock sys_clk rise edge)    0.000     0.000 r  
    W5                                                0.000     0.000 r  clk (IN)
                         net (fo=0)                   0.000     0.000    clk
    W5                   IBUF (Prop_ibuf_I_O)         0.226     0.226 r  clk_IBUF_inst/O
                         net (fo=1, routed)           0.631     0.858    clk_IBUF
    BUFGCTRL_X0Y0        BUFG (Prop_bufg_I_O)         0.026     0.884 r  clk_IBUF_BUFG_inst/O
                         net (fo=3069, routed)        0.558     1.441    sha/reg_if_inst/clk_IBUF_BUFG
    SLICE_X34Y13         FDCE                                         r  sha/reg_if_inst/block_words_reg[10][1]/C
  -------------------------------------------------------------------    -------------------
    SLICE_X34Y13         FDCE (Prop_fdce_C_Q)         0.164     1.605 r  sha/reg_if_inst/block_words_reg[10][1]/Q
                         net (fo=2, routed)           0.242     1.848    sha/reg_if_inst/sha_inst/block[161]
    SLICE_X37Y15         FDCE                                         r  sha/reg_if_inst/sha_inst/block_reg_reg[161]/D
  -------------------------------------------------------------------    -------------------

                         (clock sys_clk rise edge)    0.000     0.000 r  
    W5                                                0.000     0.000 r  clk (IN)
                         net (fo=0)                   0.000     0.000    clk
    W5                   IBUF (Prop_ibuf_I_O)         0.414     0.414 r  clk_IBUF_inst/O
                         net (fo=1, routed)           0.685     1.099    clk_IBUF
    BUFGCTRL_X0Y0        BUFG (Prop_bufg_I_O)         0.029     1.128 r  clk_IBUF_BUFG_inst/O
                         net (fo=3069, routed)        0.826     1.953    sha/reg_if_inst/sha_inst/clk_IBUF_BUFG
    SLICE_X37Y15         FDCE                                         r  sha/reg_if_inst/sha_inst/block_reg_reg[161]/C
                         clock pessimism             -0.249     1.704    
    SLICE_X37Y15         FDCE (Hold_fdce_C_D)         0.072     1.776    sha/reg_if_inst/sha_inst/block_reg_reg[161]
  -------------------------------------------------------------------
                         required time                         -1.776    
                         arrival time                           1.848    
  -------------------------------------------------------------------
                         slack                                  0.071    

Slack (MET) :             0.073ns  (arrival time - required time)
  Source:                 sha/reg_if_inst/block_words_reg[1][9]/C
                            (rising edge-triggered cell FDCE clocked by sys_clk  {rise@0.000ns fall@5.000ns period=10.000ns})
  Destination:            sha/reg_if_inst/sha_inst/block_reg_reg[457]/D
                            (rising edge-triggered cell FDCE clocked by sys_clk  {rise@0.000ns fall@5.000ns period=10.000ns})
  Path Group:             sys_clk
  Path Type:              Hold (Min at Fast Process Corner)
  Requirement:            0.000ns  (sys_clk rise@0.000ns - sys_clk rise@0.000ns)
  Data Path Delay:        0.355ns  (logic 0.128ns (36.039%)  route 0.227ns (63.961%))
  Logic Levels:           0  
  Clock Path Skew:        0.265ns (DCD - SCD - CPR)
    Destination Clock Delay (DCD):    1.950ns
    Source Clock Delay      (SCD):    1.436ns
    Clock Pessimism Removal (CPR):    0.249ns

    Location             Delay type                Incr(ns)  Path(ns)    Netlist Resource(s)
  -------------------------------------------------------------------    -------------------
                         (clock sys_clk rise edge)    0.000     0.000 r  
    W5                                                0.000     0.000 r  clk (IN)
                         net (fo=0)                   0.000     0.000    clk
    W5                   IBUF (Prop_ibuf_I_O)         0.226     0.226 r  clk_IBUF_inst/O
                         net (fo=1, routed)           0.631     0.858    clk_IBUF
    BUFGCTRL_X0Y0        BUFG (Prop_bufg_I_O)         0.026     0.884 r  clk_IBUF_BUFG_inst/O
                         net (fo=3069, routed)        0.553     1.436    sha/reg_if_inst/clk_IBUF_BUFG
    SLICE_X35Y20         FDCE                                         r  sha/reg_if_inst/block_words_reg[1][9]/C
  -------------------------------------------------------------------    -------------------
    SLICE_X35Y20         FDCE (Prop_fdce_C_Q)         0.128     1.564 r  sha/reg_if_inst/block_words_reg[1][9]/Q
                         net (fo=2, routed)           0.227     1.791    sha/reg_if_inst/sha_inst/block[457]
    SLICE_X37Y18         FDCE                                         r  sha/reg_if_inst/sha_inst/block_reg_reg[457]/D
  -------------------------------------------------------------------    -------------------

                         (clock sys_clk rise edge)    0.000     0.000 r  
    W5                                                0.000     0.000 r  clk (IN)
                         net (fo=0)                   0.000     0.000    clk
    W5                   IBUF (Prop_ibuf_I_O)         0.414     0.414 r  clk_IBUF_inst/O
                         net (fo=1, routed)           0.685     1.099    clk_IBUF
    BUFGCTRL_X0Y0        BUFG (Prop_bufg_I_O)         0.029     1.128 r  clk_IBUF_BUFG_inst/O
                         net (fo=3069, routed)        0.823     1.950    sha/reg_if_inst/sha_inst/clk_IBUF_BUFG
    SLICE_X37Y18         FDCE                                         r  sha/reg_if_inst/sha_inst/block_reg_reg[457]/C
                         clock pessimism             -0.249     1.701    
    SLICE_X37Y18         FDCE (Hold_fdce_C_D)         0.017     1.718    sha/reg_if_inst/sha_inst/block_reg_reg[457]
  -------------------------------------------------------------------
                         required time                         -1.718    
                         arrival time                           1.791    
  -------------------------------------------------------------------
                         slack                                  0.073    

Slack (MET) :             0.074ns  (arrival time - required time)
  Source:                 sha/reg_if_inst/sha_inst/core_inst/FSM_onehot_current_state_reg[0]_rep__0/C
                            (rising edge-triggered cell FDPE clocked by sys_clk  {rise@0.000ns fall@5.000ns period=10.000ns})
  Destination:            sha/reg_if_inst/sha_inst/core_inst/h4_reg[3]/D
                            (rising edge-triggered cell FDPE clocked by sys_clk  {rise@0.000ns fall@5.000ns period=10.000ns})
  Path Group:             sys_clk
  Path Type:              Hold (Min at Fast Process Corner)
  Requirement:            0.000ns  (sys_clk rise@0.000ns - sys_clk rise@0.000ns)
  Data Path Delay:        0.455ns  (logic 0.186ns (40.883%)  route 0.269ns (59.117%))
  Logic Levels:           1  (LUT3=1)
  Clock Path Skew:        0.260ns (DCD - SCD - CPR)
    Destination Clock Delay (DCD):    1.947ns
    Source Clock Delay      (SCD):    1.438ns
    Clock Pessimism Removal (CPR):    0.249ns

    Location             Delay type                Incr(ns)  Path(ns)    Netlist Resource(s)
  -------------------------------------------------------------------    -------------------
                         (clock sys_clk rise edge)    0.000     0.000 r  
    W5                                                0.000     0.000 r  clk (IN)
                         net (fo=0)                   0.000     0.000    clk
    W5                   IBUF (Prop_ibuf_I_O)         0.226     0.226 r  clk_IBUF_inst/O
                         net (fo=1, routed)           0.631     0.858    clk_IBUF
    BUFGCTRL_X0Y0        BUFG (Prop_bufg_I_O)         0.026     0.884 r  clk_IBUF_BUFG_inst/O
                         net (fo=3069, routed)        0.555     1.438    sha/reg_if_inst/sha_inst/core_inst/clk_IBUF_BUFG
    SLICE_X39Y19         FDPE                                         r  sha/reg_if_inst/sha_inst/core_inst/FSM_onehot_current_state_reg[0]_rep__0/C
  -------------------------------------------------------------------    -------------------
    SLICE_X39Y19         FDPE (Prop_fdpe_C_Q)         0.141     1.579 r  sha/reg_if_inst/sha_inst/core_inst/FSM_onehot_current_state_reg[0]_rep__0/Q
                         net (fo=120, routed)         0.269     1.848    sha/reg_if_inst/sha_inst/core_inst/FSM_onehot_current_state_reg[0]_rep__0_n_0
    SLICE_X34Y20         LUT3 (Prop_lut3_I0_O)        0.045     1.893 r  sha/reg_if_inst/sha_inst/core_inst/h4[3]_i_1/O
                         net (fo=1, routed)           0.000     1.893    sha/reg_if_inst/sha_inst/core_inst/h4[3]
    SLICE_X34Y20         FDPE                                         r  sha/reg_if_inst/sha_inst/core_inst/h4_reg[3]/D
  -------------------------------------------------------------------    -------------------

                         (clock sys_clk rise edge)    0.000     0.000 r  
    W5                                                0.000     0.000 r  clk (IN)
                         net (fo=0)                   0.000     0.000    clk
    W5                   IBUF (Prop_ibuf_I_O)         0.414     0.414 r  clk_IBUF_inst/O
                         net (fo=1, routed)           0.685     1.099    clk_IBUF
    BUFGCTRL_X0Y0        BUFG (Prop_bufg_I_O)         0.029     1.128 r  clk_IBUF_BUFG_inst/O
                         net (fo=3069, routed)        0.820     1.947    sha/reg_if_inst/sha_inst/core_inst/clk_IBUF_BUFG
    SLICE_X34Y20         FDPE                                         r  sha/reg_if_inst/sha_inst/core_inst/h4_reg[3]/C
                         clock pessimism             -0.249     1.698    
    SLICE_X34Y20         FDPE (Hold_fdpe_C_D)         0.121     1.819    sha/reg_if_inst/sha_inst/core_inst/h4_reg[3]
  -------------------------------------------------------------------
                         required time                         -1.819    
                         arrival time                           1.893    
  -------------------------------------------------------------------
                         slack                                  0.074    

Slack (MET) :             0.074ns  (arrival time - required time)
  Source:                 ram/wdata_reg_reg[4]/C
                            (rising edge-triggered cell FDCE clocked by sys_clk  {rise@0.000ns fall@5.000ns period=10.000ns})
  Destination:            ram/memory_reg_0_2/DIADI[0]
                            (rising edge-triggered cell RAMB36E1 clocked by sys_clk  {rise@0.000ns fall@5.000ns period=10.000ns})
  Path Group:             sys_clk
  Path Type:              Hold (Min at Fast Process Corner)
  Requirement:            0.000ns  (sys_clk rise@0.000ns - sys_clk rise@0.000ns)
  Data Path Delay:        0.285ns  (logic 0.141ns (49.492%)  route 0.144ns (50.508%))
  Logic Levels:           0  
  Clock Path Skew:        0.055ns (DCD - SCD - CPR)
    Destination Clock Delay (DCD):    2.001ns
    Source Clock Delay      (SCD):    1.447ns
    Clock Pessimism Removal (CPR):    0.498ns

    Location             Delay type                Incr(ns)  Path(ns)    Netlist Resource(s)
  -------------------------------------------------------------------    -------------------
                         (clock sys_clk rise edge)    0.000     0.000 r  
    W5                                                0.000     0.000 r  clk (IN)
                         net (fo=0)                   0.000     0.000    clk
    W5                   IBUF (Prop_ibuf_I_O)         0.226     0.226 r  clk_IBUF_inst/O
                         net (fo=1, routed)           0.631     0.858    clk_IBUF
    BUFGCTRL_X0Y0        BUFG (Prop_bufg_I_O)         0.026     0.884 r  clk_IBUF_BUFG_inst/O
                         net (fo=3069, routed)        0.564     1.447    ram/clk_IBUF_BUFG
    SLICE_X9Y10          FDCE                                         r  ram/wdata_reg_reg[4]/C
  -------------------------------------------------------------------    -------------------
    SLICE_X9Y10          FDCE (Prop_fdce_C_Q)         0.141     1.588 r  ram/wdata_reg_reg[4]/Q
                         net (fo=1, routed)           0.144     1.732    ram/p_0_in[4]
    RAMB36_X0Y2          RAMB36E1                                     r  ram/memory_reg_0_2/DIADI[0]
  -------------------------------------------------------------------    -------------------

                         (clock sys_clk rise edge)    0.000     0.000 r  
    W5                                                0.000     0.000 r  clk (IN)
                         net (fo=0)                   0.000     0.000    clk
    W5                   IBUF (Prop_ibuf_I_O)         0.414     0.414 r  clk_IBUF_inst/O
                         net (fo=1, routed)           0.685     1.099    clk_IBUF
    BUFGCTRL_X0Y0        BUFG (Prop_bufg_I_O)         0.029     1.128 r  clk_IBUF_BUFG_inst/O
                         net (fo=3069, routed)        0.873     2.001    ram/clk_IBUF_BUFG
    RAMB36_X0Y2          RAMB36E1                                     r  ram/memory_reg_0_2/CLKARDCLK
                         clock pessimism             -0.498     1.503    
    RAMB36_X0Y2          RAMB36E1 (Hold_ramb36e1_CLKARDCLK_DIADI[0])
                                                      0.155     1.658    ram/memory_reg_0_2
  -------------------------------------------------------------------
                         required time                         -1.658    
                         arrival time                           1.732    
  -------------------------------------------------------------------
                         slack                                  0.074    





Pulse Width Checks
--------------------------------------------------------------------------------------
Clock Name:         sys_clk
Waveform(ns):       { 0.000 5.000 }
Period(ns):         10.000
Sources:            { clk }

Check Type        Corner  Lib Pin             Reference Pin  Required(ns)  Actual(ns)  Slack(ns)  Location     Pin
Min Period        n/a     RAMB36E1/CLKARDCLK  n/a            2.944         10.000      7.056      RAMB36_X1Y1  ram/memory_reg_0_0/CLKARDCLK
Min Period        n/a     RAMB36E1/CLKARDCLK  n/a            2.944         10.000      7.056      RAMB36_X0Y1  ram/memory_reg_0_1/CLKARDCLK
Min Period        n/a     RAMB36E1/CLKARDCLK  n/a            2.944         10.000      7.056      RAMB36_X0Y2  ram/memory_reg_0_2/CLKARDCLK
Min Period        n/a     RAMB36E1/CLKARDCLK  n/a            2.944         10.000      7.056      RAMB36_X1Y2  ram/memory_reg_0_3/CLKARDCLK
Min Period        n/a     RAMB36E1/CLKARDCLK  n/a            2.944         10.000      7.056      RAMB36_X0Y0  ram/memory_reg_1_0/CLKARDCLK
Min Period        n/a     RAMB36E1/CLKARDCLK  n/a            2.944         10.000      7.056      RAMB36_X1Y0  ram/memory_reg_1_1/CLKARDCLK
Min Period        n/a     RAMB36E1/CLKARDCLK  n/a            2.944         10.000      7.056      RAMB36_X0Y5  ram/memory_reg_1_2/CLKARDCLK
Min Period        n/a     RAMB36E1/CLKARDCLK  n/a            2.944         10.000      7.056      RAMB36_X0Y4  ram/memory_reg_1_3/CLKARDCLK
Min Period        n/a     RAMB36E1/CLKARDCLK  n/a            2.944         10.000      7.056      RAMB36_X0Y6  ram/memory_reg_2_0/CLKARDCLK
Min Period        n/a     RAMB36E1/CLKARDCLK  n/a            2.944         10.000      7.056      RAMB36_X1Y5  ram/memory_reg_2_1/CLKARDCLK
Min Period        n/a     RAMB36E1/CLKARDCLK  n/a            2.944         10.000      7.056      RAMB36_X0Y7  ram/memory_reg_2_2/CLKARDCLK
Min Period        n/a     RAMB36E1/CLKARDCLK  n/a            2.944         10.000      7.056      RAMB36_X2Y5  ram/memory_reg_2_3/CLKARDCLK
Min Period        n/a     RAMB36E1/CLKARDCLK  n/a            2.944         10.000      7.056      RAMB36_X0Y3  ram/memory_reg_3_0/CLKARDCLK
Min Period        n/a     RAMB36E1/CLKARDCLK  n/a            2.944         10.000      7.056      RAMB36_X1Y4  ram/memory_reg_3_1/CLKARDCLK
Min Period        n/a     RAMB36E1/CLKARDCLK  n/a            2.944         10.000      7.056      RAMB36_X1Y6  ram/memory_reg_3_2/CLKARDCLK
Min Period        n/a     RAMB36E1/CLKARDCLK  n/a            2.944         10.000      7.056      RAMB36_X1Y3  ram/memory_reg_3_3/CLKARDCLK
Min Period        n/a     RAMB36E1/CLKBWRCLK  n/a            2.576         10.000      7.424      RAMB36_X1Y1  ram/memory_reg_0_0/CLKBWRCLK
Min Period        n/a     RAMB36E1/CLKBWRCLK  n/a            2.576         10.000      7.424      RAMB36_X0Y1  ram/memory_reg_0_1/CLKBWRCLK
Min Period        n/a     RAMB36E1/CLKBWRCLK  n/a            2.576         10.000      7.424      RAMB36_X0Y2  ram/memory_reg_0_2/CLKBWRCLK
Min Period        n/a     RAMB36E1/CLKBWRCLK  n/a            2.576         10.000      7.424      RAMB36_X1Y2  ram/memory_reg_0_3/CLKBWRCLK
Low Pulse Width   Slow    RAMD32/CLK          n/a            1.250         5.000       3.750      SLICE_X14Y3  cpu/picorv32_core/cpuregs_reg_r1_0_31_0_5/RAMA/CLK
Low Pulse Width   Fast    RAMD32/CLK          n/a            1.250         5.000       3.750      SLICE_X14Y3  cpu/picorv32_core/cpuregs_reg_r1_0_31_0_5/RAMA/CLK
Low Pulse Width   Slow    RAMD32/CLK          n/a            1.250         5.000       3.750      SLICE_X14Y3  cpu/picorv32_core/cpuregs_reg_r1_0_31_0_5/RAMA_D1/CLK
Low Pulse Width   Fast    RAMD32/CLK          n/a            1.250         5.000       3.750      SLICE_X14Y3  cpu/picorv32_core/cpuregs_reg_r1_0_31_0_5/RAMA_D1/CLK
Low Pulse Width   Slow    RAMD32/CLK          n/a            1.250         5.000       3.750      SLICE_X14Y3  cpu/picorv32_core/cpuregs_reg_r1_0_31_0_5/RAMB/CLK
Low Pulse Width   Fast    RAMD32/CLK          n/a            1.250         5.000       3.750      SLICE_X14Y3  cpu/picorv32_core/cpuregs_reg_r1_0_31_0_5/RAMB/CLK
Low Pulse Width   Slow    RAMD32/CLK          n/a            1.250         5.000       3.750      SLICE_X14Y3  cpu/picorv32_core/cpuregs_reg_r1_0_31_0_5/RAMB_D1/CLK
Low Pulse Width   Fast    RAMD32/CLK          n/a            1.250         5.000       3.750      SLICE_X14Y3  cpu/picorv32_core/cpuregs_reg_r1_0_31_0_5/RAMB_D1/CLK
Low Pulse Width   Slow    RAMD32/CLK          n/a            1.250         5.000       3.750      SLICE_X14Y3  cpu/picorv32_core/cpuregs_reg_r1_0_31_0_5/RAMC/CLK
Low Pulse Width   Fast    RAMD32/CLK          n/a            1.250         5.000       3.750      SLICE_X14Y3  cpu/picorv32_core/cpuregs_reg_r1_0_31_0_5/RAMC/CLK
Low Pulse Width   Slow    RAMD32/CLK          n/a            1.250         5.000       3.750      SLICE_X14Y3  cpu/picorv32_core/cpuregs_reg_r1_0_31_0_5/RAMC_D1/CLK
Low Pulse Width   Fast    RAMD32/CLK          n/a            1.250         5.000       3.750      SLICE_X14Y3  cpu/picorv32_core/cpuregs_reg_r1_0_31_0_5/RAMC_D1/CLK
Low Pulse Width   Slow    RAMS32/CLK          n/a            1.250         5.000       3.750      SLICE_X14Y3  cpu/picorv32_core/cpuregs_reg_r1_0_31_0_5/RAMD/CLK
Low Pulse Width   Fast    RAMS32/CLK          n/a            1.250         5.000       3.750      SLICE_X14Y3  cpu/picorv32_core/cpuregs_reg_r1_0_31_0_5/RAMD/CLK
Low Pulse Width   Slow    RAMS32/CLK          n/a            1.250         5.000       3.750      SLICE_X14Y3  cpu/picorv32_core/cpuregs_reg_r1_0_31_0_5/RAMD_D1/CLK
Low Pulse Width   Fast    RAMS32/CLK          n/a            1.250         5.000       3.750      SLICE_X14Y3  cpu/picorv32_core/cpuregs_reg_r1_0_31_0_5/RAMD_D1/CLK
Low Pulse Width   Slow    RAMD32/CLK          n/a            1.250         5.000       3.750      SLICE_X14Y6  cpu/picorv32_core/cpuregs_reg_r1_0_31_12_17/RAMA/CLK
Low Pulse Width   Fast    RAMD32/CLK          n/a            1.250         5.000       3.750      SLICE_X14Y6  cpu/picorv32_core/cpuregs_reg_r1_0_31_12_17/RAMA/CLK
Low Pulse Width   Slow    RAMD32/CLK          n/a            1.250         5.000       3.750      SLICE_X14Y6  cpu/picorv32_core/cpuregs_reg_r1_0_31_12_17/RAMA_D1/CLK
Low Pulse Width   Fast    RAMD32/CLK          n/a            1.250         5.000       3.750      SLICE_X14Y6  cpu/picorv32_core/cpuregs_reg_r1_0_31_12_17/RAMA_D1/CLK
High Pulse Width  Slow    RAMD32/CLK          n/a            1.250         5.000       3.750      SLICE_X14Y3  cpu/picorv32_core/cpuregs_reg_r1_0_31_0_5/RAMA/CLK
High Pulse Width  Fast    RAMD32/CLK          n/a            1.250         5.000       3.750      SLICE_X14Y3  cpu/picorv32_core/cpuregs_reg_r1_0_31_0_5/RAMA/CLK
High Pulse Width  Slow    RAMD32/CLK          n/a            1.250         5.000       3.750      SLICE_X14Y3  cpu/picorv32_core/cpuregs_reg_r1_0_31_0_5/RAMA_D1/CLK
High Pulse Width  Fast    RAMD32/CLK          n/a            1.250         5.000       3.750      SLICE_X14Y3  cpu/picorv32_core/cpuregs_reg_r1_0_31_0_5/RAMA_D1/CLK
High Pulse Width  Slow    RAMD32/CLK          n/a            1.250         5.000       3.750      SLICE_X14Y3  cpu/picorv32_core/cpuregs_reg_r1_0_31_0_5/RAMB/CLK
High Pulse Width  Fast    RAMD32/CLK          n/a            1.250         5.000       3.750      SLICE_X14Y3  cpu/picorv32_core/cpuregs_reg_r1_0_31_0_5/RAMB/CLK
High Pulse Width  Slow    RAMD32/CLK          n/a            1.250         5.000       3.750      SLICE_X14Y3  cpu/picorv32_core/cpuregs_reg_r1_0_31_0_5/RAMB_D1/CLK
High Pulse Width  Fast    RAMD32/CLK          n/a            1.250         5.000       3.750      SLICE_X14Y3  cpu/picorv32_core/cpuregs_reg_r1_0_31_0_5/RAMB_D1/CLK
High Pulse Width  Slow    RAMD32/CLK          n/a            1.250         5.000       3.750      SLICE_X14Y3  cpu/picorv32_core/cpuregs_reg_r1_0_31_0_5/RAMC/CLK
High Pulse Width  Fast    RAMD32/CLK          n/a            1.250         5.000       3.750      SLICE_X14Y3  cpu/picorv32_core/cpuregs_reg_r1_0_31_0_5/RAMC/CLK
High Pulse Width  Slow    RAMD32/CLK          n/a            1.250         5.000       3.750      SLICE_X14Y3  cpu/picorv32_core/cpuregs_reg_r1_0_31_0_5/RAMC_D1/CLK
High Pulse Width  Fast    RAMD32/CLK          n/a            1.250         5.000       3.750      SLICE_X14Y3  cpu/picorv32_core/cpuregs_reg_r1_0_31_0_5/RAMC_D1/CLK
High Pulse Width  Slow    RAMS32/CLK          n/a            1.250         5.000       3.750      SLICE_X14Y3  cpu/picorv32_core/cpuregs_reg_r1_0_31_0_5/RAMD/CLK
High Pulse Width  Fast    RAMS32/CLK          n/a            1.250         5.000       3.750      SLICE_X14Y3  cpu/picorv32_core/cpuregs_reg_r1_0_31_0_5/RAMD/CLK
High Pulse Width  Slow    RAMS32/CLK          n/a            1.250         5.000       3.750      SLICE_X14Y3  cpu/picorv32_core/cpuregs_reg_r1_0_31_0_5/RAMD_D1/CLK
High Pulse Width  Fast    RAMS32/CLK          n/a            1.250         5.000       3.750      SLICE_X14Y3  cpu/picorv32_core/cpuregs_reg_r1_0_31_0_5/RAMD_D1/CLK
High Pulse Width  Slow    RAMD32/CLK          n/a            1.250         5.000       3.750      SLICE_X14Y6  cpu/picorv32_core/cpuregs_reg_r1_0_31_12_17/RAMA/CLK
High Pulse Width  Fast    RAMD32/CLK          n/a            1.250         5.000       3.750      SLICE_X14Y6  cpu/picorv32_core/cpuregs_reg_r1_0_31_12_17/RAMA/CLK
High Pulse Width  Slow    RAMD32/CLK          n/a            1.250         5.000       3.750      SLICE_X14Y6  cpu/picorv32_core/cpuregs_reg_r1_0_31_12_17/RAMA_D1/CLK
High Pulse Width  Fast    RAMD32/CLK          n/a            1.250         5.000       3.750      SLICE_X14Y6  cpu/picorv32_core/cpuregs_reg_r1_0_31_12_17/RAMA_D1/CLK



---------------------------------------------------------------------------------------------------
Path Group:  **async_default**
From Clock:  sys_clk
  To Clock:  sys_clk

Setup :            0  Failing Endpoints,  Worst Slack        1.620ns,  Total Violation        0.000ns
Hold  :            0  Failing Endpoints,  Worst Slack        0.645ns,  Total Violation        0.000ns
---------------------------------------------------------------------------------------------------


Max Delay Paths
--------------------------------------------------------------------------------------
Slack (MET) :             1.620ns  (required time - arrival time)
  Source:                 sha/reset_sync_ff_reg[1]/C
                            (rising edge-triggered cell FDCE clocked by sys_clk  {rise@0.000ns fall@5.000ns period=10.000ns})
  Destination:            sha/reg_if_inst/sha_inst/block_reg_reg[132]/CLR
                            (recovery check against rising-edge clock sys_clk  {rise@0.000ns fall@5.000ns period=10.000ns})
  Path Group:             **async_default**
  Path Type:              Recovery (Max at Slow Process Corner)
  Requirement:            10.000ns  (sys_clk rise@10.000ns - sys_clk rise@0.000ns)
  Data Path Delay:        7.763ns  (logic 0.718ns (9.249%)  route 7.045ns (90.751%))
  Logic Levels:           1  (LUT1=1)
  Clock Path Skew:        -0.177ns (DCD - SCD + CPR)
    Destination Clock Delay (DCD):    4.786ns = ( 14.786 - 10.000 ) 
    Source Clock Delay      (SCD):    5.151ns
    Clock Pessimism Removal (CPR):    0.188ns
  Clock Uncertainty:      0.035ns  ((TSJ^2 + TIJ^2)^1/2 + DJ) / 2 + PE
    Total System Jitter     (TSJ):    0.071ns
    Total Input Jitter      (TIJ):    0.000ns
    Discrete Jitter          (DJ):    0.000ns
    Phase Error              (PE):    0.000ns

    Location             Delay type                Incr(ns)  Path(ns)    Netlist Resource(s)
  -------------------------------------------------------------------    -------------------
                         (clock sys_clk rise edge)    0.000     0.000 r  
    W5                                                0.000     0.000 r  clk (IN)
                         net (fo=0)                   0.000     0.000    clk
    W5                   IBUF (Prop_ibuf_I_O)         1.458     1.458 r  clk_IBUF_inst/O
                         net (fo=1, routed)           1.967     3.425    clk_IBUF
    BUFGCTRL_X0Y0        BUFG (Prop_bufg_I_O)         0.096     3.521 r  clk_IBUF_BUFG_inst/O
                         net (fo=3069, routed)        1.630     5.151    sha/clk_IBUF_BUFG
    SLICE_X7Y35          FDCE                                         r  sha/reset_sync_ff_reg[1]/C
  -------------------------------------------------------------------    -------------------
    SLICE_X7Y35          FDCE (Prop_fdce_C_Q)         0.419     5.570 r  sha/reset_sync_ff_reg[1]/Q
                         net (fo=1, routed)           0.454     6.024    sha/reg_if_inst/sha_inst/core_inst/out[0]
    SLICE_X7Y35          LUT1 (Prop_lut1_I0_O)        0.299     6.323 f  sha/reg_if_inst/sha_inst/core_inst/FSM_onehot_current_state[3]_i_2/O
                         net (fo=2220, routed)        6.591    12.914    sha/reg_if_inst/sha_inst/reset_sync_ff_reg[1]
    SLICE_X36Y6          FDCE                                         f  sha/reg_if_inst/sha_inst/block_reg_reg[132]/CLR
  -------------------------------------------------------------------    -------------------

                         (clock sys_clk rise edge)   10.000    10.000 r  
    W5                                                0.000    10.000 r  clk (IN)
                         net (fo=0)                   0.000    10.000    clk
    W5                   IBUF (Prop_ibuf_I_O)         1.388    11.388 r  clk_IBUF_inst/O
                         net (fo=1, routed)           1.862    13.250    clk_IBUF
    BUFGCTRL_X0Y0        BUFG (Prop_bufg_I_O)         0.091    13.341 r  clk_IBUF_BUFG_inst/O
                         net (fo=3069, routed)        1.445    14.786    sha/reg_if_inst/sha_inst/clk_IBUF_BUFG
    SLICE_X36Y6          FDCE                                         r  sha/reg_if_inst/sha_inst/block_reg_reg[132]/C
                         clock pessimism              0.188    14.974    
                         clock uncertainty           -0.035    14.939    
    SLICE_X36Y6          FDCE (Recov_fdce_C_CLR)     -0.405    14.534    sha/reg_if_inst/sha_inst/block_reg_reg[132]
  -------------------------------------------------------------------
                         required time                         14.534    
                         arrival time                         -12.914    
  -------------------------------------------------------------------
                         slack                                  1.620    

Slack (MET) :             1.620ns  (required time - arrival time)
  Source:                 sha/reset_sync_ff_reg[1]/C
                            (rising edge-triggered cell FDCE clocked by sys_clk  {rise@0.000ns fall@5.000ns period=10.000ns})
  Destination:            sha/reg_if_inst/sha_inst/block_reg_reg[133]/CLR
                            (recovery check against rising-edge clock sys_clk  {rise@0.000ns fall@5.000ns period=10.000ns})
  Path Group:             **async_default**
  Path Type:              Recovery (Max at Slow Process Corner)
  Requirement:            10.000ns  (sys_clk rise@10.000ns - sys_clk rise@0.000ns)
  Data Path Delay:        7.763ns  (logic 0.718ns (9.249%)  route 7.045ns (90.751%))
  Logic Levels:           1  (LUT1=1)
  Clock Path Skew:        -0.177ns (DCD - SCD + CPR)
    Destination Clock Delay (DCD):    4.786ns = ( 14.786 - 10.000 ) 
    Source Clock Delay      (SCD):    5.151ns
    Clock Pessimism Removal (CPR):    0.188ns
  Clock Uncertainty:      0.035ns  ((TSJ^2 + TIJ^2)^1/2 + DJ) / 2 + PE
    Total System Jitter     (TSJ):    0.071ns
    Total Input Jitter      (TIJ):    0.000ns
    Discrete Jitter          (DJ):    0.000ns
    Phase Error              (PE):    0.000ns

    Location             Delay type                Incr(ns)  Path(ns)    Netlist Resource(s)
  -------------------------------------------------------------------    -------------------
                         (clock sys_clk rise edge)    0.000     0.000 r  
    W5                                                0.000     0.000 r  clk (IN)
                         net (fo=0)                   0.000     0.000    clk
    W5                   IBUF (Prop_ibuf_I_O)         1.458     1.458 r  clk_IBUF_inst/O
                         net (fo=1, routed)           1.967     3.425    clk_IBUF
    BUFGCTRL_X0Y0        BUFG (Prop_bufg_I_O)         0.096     3.521 r  clk_IBUF_BUFG_inst/O
                         net (fo=3069, routed)        1.630     5.151    sha/clk_IBUF_BUFG
    SLICE_X7Y35          FDCE                                         r  sha/reset_sync_ff_reg[1]/C
  -------------------------------------------------------------------    -------------------
    SLICE_X7Y35          FDCE (Prop_fdce_C_Q)         0.419     5.570 r  sha/reset_sync_ff_reg[1]/Q
                         net (fo=1, routed)           0.454     6.024    sha/reg_if_inst/sha_inst/core_inst/out[0]
    SLICE_X7Y35          LUT1 (Prop_lut1_I0_O)        0.299     6.323 f  sha/reg_if_inst/sha_inst/core_inst/FSM_onehot_current_state[3]_i_2/O
                         net (fo=2220, routed)        6.591    12.914    sha/reg_if_inst/sha_inst/reset_sync_ff_reg[1]
    SLICE_X36Y6          FDCE                                         f  sha/reg_if_inst/sha_inst/block_reg_reg[133]/CLR
  -------------------------------------------------------------------    -------------------

                         (clock sys_clk rise edge)   10.000    10.000 r  
    W5                                                0.000    10.000 r  clk (IN)
                         net (fo=0)                   0.000    10.000    clk
    W5                   IBUF (Prop_ibuf_I_O)         1.388    11.388 r  clk_IBUF_inst/O
                         net (fo=1, routed)           1.862    13.250    clk_IBUF
    BUFGCTRL_X0Y0        BUFG (Prop_bufg_I_O)         0.091    13.341 r  clk_IBUF_BUFG_inst/O
                         net (fo=3069, routed)        1.445    14.786    sha/reg_if_inst/sha_inst/clk_IBUF_BUFG
    SLICE_X36Y6          FDCE                                         r  sha/reg_if_inst/sha_inst/block_reg_reg[133]/C
                         clock pessimism              0.188    14.974    
                         clock uncertainty           -0.035    14.939    
    SLICE_X36Y6          FDCE (Recov_fdce_C_CLR)     -0.405    14.534    sha/reg_if_inst/sha_inst/block_reg_reg[133]
  -------------------------------------------------------------------
                         required time                         14.534    
                         arrival time                         -12.914    
  -------------------------------------------------------------------
                         slack                                  1.620    

Slack (MET) :             1.620ns  (required time - arrival time)
  Source:                 sha/reset_sync_ff_reg[1]/C
                            (rising edge-triggered cell FDCE clocked by sys_clk  {rise@0.000ns fall@5.000ns period=10.000ns})
  Destination:            sha/reg_if_inst/sha_inst/block_reg_reg[164]/CLR
                            (recovery check against rising-edge clock sys_clk  {rise@0.000ns fall@5.000ns period=10.000ns})
  Path Group:             **async_default**
  Path Type:              Recovery (Max at Slow Process Corner)
  Requirement:            10.000ns  (sys_clk rise@10.000ns - sys_clk rise@0.000ns)
  Data Path Delay:        7.763ns  (logic 0.718ns (9.249%)  route 7.045ns (90.751%))
  Logic Levels:           1  (LUT1=1)
  Clock Path Skew:        -0.177ns (DCD - SCD + CPR)
    Destination Clock Delay (DCD):    4.786ns = ( 14.786 - 10.000 ) 
    Source Clock Delay      (SCD):    5.151ns
    Clock Pessimism Removal (CPR):    0.188ns
  Clock Uncertainty:      0.035ns  ((TSJ^2 + TIJ^2)^1/2 + DJ) / 2 + PE
    Total System Jitter     (TSJ):    0.071ns
    Total Input Jitter      (TIJ):    0.000ns
    Discrete Jitter          (DJ):    0.000ns
    Phase Error              (PE):    0.000ns

    Location             Delay type                Incr(ns)  Path(ns)    Netlist Resource(s)
  -------------------------------------------------------------------    -------------------
                         (clock sys_clk rise edge)    0.000     0.000 r  
    W5                                                0.000     0.000 r  clk (IN)
                         net (fo=0)                   0.000     0.000    clk
    W5                   IBUF (Prop_ibuf_I_O)         1.458     1.458 r  clk_IBUF_inst/O
                         net (fo=1, routed)           1.967     3.425    clk_IBUF
    BUFGCTRL_X0Y0        BUFG (Prop_bufg_I_O)         0.096     3.521 r  clk_IBUF_BUFG_inst/O
                         net (fo=3069, routed)        1.630     5.151    sha/clk_IBUF_BUFG
    SLICE_X7Y35          FDCE                                         r  sha/reset_sync_ff_reg[1]/C
  -------------------------------------------------------------------    -------------------
    SLICE_X7Y35          FDCE (Prop_fdce_C_Q)         0.419     5.570 r  sha/reset_sync_ff_reg[1]/Q
                         net (fo=1, routed)           0.454     6.024    sha/reg_if_inst/sha_inst/core_inst/out[0]
    SLICE_X7Y35          LUT1 (Prop_lut1_I0_O)        0.299     6.323 f  sha/reg_if_inst/sha_inst/core_inst/FSM_onehot_current_state[3]_i_2/O
                         net (fo=2220, routed)        6.591    12.914    sha/reg_if_inst/sha_inst/reset_sync_ff_reg[1]
    SLICE_X36Y6          FDCE                                         f  sha/reg_if_inst/sha_inst/block_reg_reg[164]/CLR
  -------------------------------------------------------------------    -------------------

                         (clock sys_clk rise edge)   10.000    10.000 r  
    W5                                                0.000    10.000 r  clk (IN)
                         net (fo=0)                   0.000    10.000    clk
    W5                   IBUF (Prop_ibuf_I_O)         1.388    11.388 r  clk_IBUF_inst/O
                         net (fo=1, routed)           1.862    13.250    clk_IBUF
    BUFGCTRL_X0Y0        BUFG (Prop_bufg_I_O)         0.091    13.341 r  clk_IBUF_BUFG_inst/O
                         net (fo=3069, routed)        1.445    14.786    sha/reg_if_inst/sha_inst/clk_IBUF_BUFG
    SLICE_X36Y6          FDCE                                         r  sha/reg_if_inst/sha_inst/block_reg_reg[164]/C
                         clock pessimism              0.188    14.974    
                         clock uncertainty           -0.035    14.939    
    SLICE_X36Y6          FDCE (Recov_fdce_C_CLR)     -0.405    14.534    sha/reg_if_inst/sha_inst/block_reg_reg[164]
  -------------------------------------------------------------------
                         required time                         14.534    
                         arrival time                         -12.914    
  -------------------------------------------------------------------
                         slack                                  1.620    

Slack (MET) :             1.620ns  (required time - arrival time)
  Source:                 sha/reset_sync_ff_reg[1]/C
                            (rising edge-triggered cell FDCE clocked by sys_clk  {rise@0.000ns fall@5.000ns period=10.000ns})
  Destination:            sha/reg_if_inst/sha_inst/block_reg_reg[68]/CLR
                            (recovery check against rising-edge clock sys_clk  {rise@0.000ns fall@5.000ns period=10.000ns})
  Path Group:             **async_default**
  Path Type:              Recovery (Max at Slow Process Corner)
  Requirement:            10.000ns  (sys_clk rise@10.000ns - sys_clk rise@0.000ns)
  Data Path Delay:        7.763ns  (logic 0.718ns (9.249%)  route 7.045ns (90.751%))
  Logic Levels:           1  (LUT1=1)
  Clock Path Skew:        -0.177ns (DCD - SCD + CPR)
    Destination Clock Delay (DCD):    4.786ns = ( 14.786 - 10.000 ) 
    Source Clock Delay      (SCD):    5.151ns
    Clock Pessimism Removal (CPR):    0.188ns
  Clock Uncertainty:      0.035ns  ((TSJ^2 + TIJ^2)^1/2 + DJ) / 2 + PE
    Total System Jitter     (TSJ):    0.071ns
    Total Input Jitter      (TIJ):    0.000ns
    Discrete Jitter          (DJ):    0.000ns
    Phase Error              (PE):    0.000ns

    Location             Delay type                Incr(ns)  Path(ns)    Netlist Resource(s)
  -------------------------------------------------------------------    -------------------
                         (clock sys_clk rise edge)    0.000     0.000 r  
    W5                                                0.000     0.000 r  clk (IN)
                         net (fo=0)                   0.000     0.000    clk
    W5                   IBUF (Prop_ibuf_I_O)         1.458     1.458 r  clk_IBUF_inst/O
                         net (fo=1, routed)           1.967     3.425    clk_IBUF
    BUFGCTRL_X0Y0        BUFG (Prop_bufg_I_O)         0.096     3.521 r  clk_IBUF_BUFG_inst/O
                         net (fo=3069, routed)        1.630     5.151    sha/clk_IBUF_BUFG
    SLICE_X7Y35          FDCE                                         r  sha/reset_sync_ff_reg[1]/C
  -------------------------------------------------------------------    -------------------
    SLICE_X7Y35          FDCE (Prop_fdce_C_Q)         0.419     5.570 r  sha/reset_sync_ff_reg[1]/Q
                         net (fo=1, routed)           0.454     6.024    sha/reg_if_inst/sha_inst/core_inst/out[0]
    SLICE_X7Y35          LUT1 (Prop_lut1_I0_O)        0.299     6.323 f  sha/reg_if_inst/sha_inst/core_inst/FSM_onehot_current_state[3]_i_2/O
                         net (fo=2220, routed)        6.591    12.914    sha/reg_if_inst/sha_inst/reset_sync_ff_reg[1]
    SLICE_X36Y6          FDCE                                         f  sha/reg_if_inst/sha_inst/block_reg_reg[68]/CLR
  -------------------------------------------------------------------    -------------------

                         (clock sys_clk rise edge)   10.000    10.000 r  
    W5                                                0.000    10.000 r  clk (IN)
                         net (fo=0)                   0.000    10.000    clk
    W5                   IBUF (Prop_ibuf_I_O)         1.388    11.388 r  clk_IBUF_inst/O
                         net (fo=1, routed)           1.862    13.250    clk_IBUF
    BUFGCTRL_X0Y0        BUFG (Prop_bufg_I_O)         0.091    13.341 r  clk_IBUF_BUFG_inst/O
                         net (fo=3069, routed)        1.445    14.786    sha/reg_if_inst/sha_inst/clk_IBUF_BUFG
    SLICE_X36Y6          FDCE                                         r  sha/reg_if_inst/sha_inst/block_reg_reg[68]/C
                         clock pessimism              0.188    14.974    
                         clock uncertainty           -0.035    14.939    
    SLICE_X36Y6          FDCE (Recov_fdce_C_CLR)     -0.405    14.534    sha/reg_if_inst/sha_inst/block_reg_reg[68]
  -------------------------------------------------------------------
                         required time                         14.534    
                         arrival time                         -12.914    
  -------------------------------------------------------------------
                         slack                                  1.620    

Slack (MET) :             1.624ns  (required time - arrival time)
  Source:                 sha/reset_sync_ff_reg[1]/C
                            (rising edge-triggered cell FDCE clocked by sys_clk  {rise@0.000ns fall@5.000ns period=10.000ns})
  Destination:            sha/reg_if_inst/sha_inst/block_reg_reg[100]/CLR
                            (recovery check against rising-edge clock sys_clk  {rise@0.000ns fall@5.000ns period=10.000ns})
  Path Group:             **async_default**
  Path Type:              Recovery (Max at Slow Process Corner)
  Requirement:            10.000ns  (sys_clk rise@10.000ns - sys_clk rise@0.000ns)
  Data Path Delay:        7.758ns  (logic 0.718ns (9.255%)  route 7.040ns (90.745%))
  Logic Levels:           1  (LUT1=1)
  Clock Path Skew:        -0.177ns (DCD - SCD + CPR)
    Destination Clock Delay (DCD):    4.786ns = ( 14.786 - 10.000 ) 
    Source Clock Delay      (SCD):    5.151ns
    Clock Pessimism Removal (CPR):    0.188ns
  Clock Uncertainty:      0.035ns  ((TSJ^2 + TIJ^2)^1/2 + DJ) / 2 + PE
    Total System Jitter     (TSJ):    0.071ns
    Total Input Jitter      (TIJ):    0.000ns
    Discrete Jitter          (DJ):    0.000ns
    Phase Error              (PE):    0.000ns

    Location             Delay type                Incr(ns)  Path(ns)    Netlist Resource(s)
  -------------------------------------------------------------------    -------------------
                         (clock sys_clk rise edge)    0.000     0.000 r  
    W5                                                0.000     0.000 r  clk (IN)
                         net (fo=0)                   0.000     0.000    clk
    W5                   IBUF (Prop_ibuf_I_O)         1.458     1.458 r  clk_IBUF_inst/O
                         net (fo=1, routed)           1.967     3.425    clk_IBUF
    BUFGCTRL_X0Y0        BUFG (Prop_bufg_I_O)         0.096     3.521 r  clk_IBUF_BUFG_inst/O
                         net (fo=3069, routed)        1.630     5.151    sha/clk_IBUF_BUFG
    SLICE_X7Y35          FDCE                                         r  sha/reset_sync_ff_reg[1]/C
  -------------------------------------------------------------------    -------------------
    SLICE_X7Y35          FDCE (Prop_fdce_C_Q)         0.419     5.570 r  sha/reset_sync_ff_reg[1]/Q
                         net (fo=1, routed)           0.454     6.024    sha/reg_if_inst/sha_inst/core_inst/out[0]
    SLICE_X7Y35          LUT1 (Prop_lut1_I0_O)        0.299     6.323 f  sha/reg_if_inst/sha_inst/core_inst/FSM_onehot_current_state[3]_i_2/O
                         net (fo=2220, routed)        6.587    12.910    sha/reg_if_inst/sha_inst/reset_sync_ff_reg[1]
    SLICE_X37Y6          FDCE                                         f  sha/reg_if_inst/sha_inst/block_reg_reg[100]/CLR
  -------------------------------------------------------------------    -------------------

                         (clock sys_clk rise edge)   10.000    10.000 r  
    W5                                                0.000    10.000 r  clk (IN)
                         net (fo=0)                   0.000    10.000    clk
    W5                   IBUF (Prop_ibuf_I_O)         1.388    11.388 r  clk_IBUF_inst/O
                         net (fo=1, routed)           1.862    13.250    clk_IBUF
    BUFGCTRL_X0Y0        BUFG (Prop_bufg_I_O)         0.091    13.341 r  clk_IBUF_BUFG_inst/O
                         net (fo=3069, routed)        1.445    14.786    sha/reg_if_inst/sha_inst/clk_IBUF_BUFG
    SLICE_X37Y6          FDCE                                         r  sha/reg_if_inst/sha_inst/block_reg_reg[100]/C
                         clock pessimism              0.188    14.974    
                         clock uncertainty           -0.035    14.939    
    SLICE_X37Y6          FDCE (Recov_fdce_C_CLR)     -0.405    14.534    sha/reg_if_inst/sha_inst/block_reg_reg[100]
  -------------------------------------------------------------------
                         required time                         14.534    
                         arrival time                         -12.910    
  -------------------------------------------------------------------
                         slack                                  1.624    

Slack (MET) :             1.624ns  (required time - arrival time)
  Source:                 sha/reset_sync_ff_reg[1]/C
                            (rising edge-triggered cell FDCE clocked by sys_clk  {rise@0.000ns fall@5.000ns period=10.000ns})
  Destination:            sha/reg_if_inst/sha_inst/block_reg_reg[101]/CLR
                            (recovery check against rising-edge clock sys_clk  {rise@0.000ns fall@5.000ns period=10.000ns})
  Path Group:             **async_default**
  Path Type:              Recovery (Max at Slow Process Corner)
  Requirement:            10.000ns  (sys_clk rise@10.000ns - sys_clk rise@0.000ns)
  Data Path Delay:        7.758ns  (logic 0.718ns (9.255%)  route 7.040ns (90.745%))
  Logic Levels:           1  (LUT1=1)
  Clock Path Skew:        -0.177ns (DCD - SCD + CPR)
    Destination Clock Delay (DCD):    4.786ns = ( 14.786 - 10.000 ) 
    Source Clock Delay      (SCD):    5.151ns
    Clock Pessimism Removal (CPR):    0.188ns
  Clock Uncertainty:      0.035ns  ((TSJ^2 + TIJ^2)^1/2 + DJ) / 2 + PE
    Total System Jitter     (TSJ):    0.071ns
    Total Input Jitter      (TIJ):    0.000ns
    Discrete Jitter          (DJ):    0.000ns
    Phase Error              (PE):    0.000ns

    Location             Delay type                Incr(ns)  Path(ns)    Netlist Resource(s)
  -------------------------------------------------------------------    -------------------
                         (clock sys_clk rise edge)    0.000     0.000 r  
    W5                                                0.000     0.000 r  clk (IN)
                         net (fo=0)                   0.000     0.000    clk
    W5                   IBUF (Prop_ibuf_I_O)         1.458     1.458 r  clk_IBUF_inst/O
                         net (fo=1, routed)           1.967     3.425    clk_IBUF
    BUFGCTRL_X0Y0        BUFG (Prop_bufg_I_O)         0.096     3.521 r  clk_IBUF_BUFG_inst/O
                         net (fo=3069, routed)        1.630     5.151    sha/clk_IBUF_BUFG
    SLICE_X7Y35          FDCE                                         r  sha/reset_sync_ff_reg[1]/C
  -------------------------------------------------------------------    -------------------
    SLICE_X7Y35          FDCE (Prop_fdce_C_Q)         0.419     5.570 r  sha/reset_sync_ff_reg[1]/Q
                         net (fo=1, routed)           0.454     6.024    sha/reg_if_inst/sha_inst/core_inst/out[0]
    SLICE_X7Y35          LUT1 (Prop_lut1_I0_O)        0.299     6.323 f  sha/reg_if_inst/sha_inst/core_inst/FSM_onehot_current_state[3]_i_2/O
                         net (fo=2220, routed)        6.587    12.910    sha/reg_if_inst/sha_inst/reset_sync_ff_reg[1]
    SLICE_X37Y6          FDCE                                         f  sha/reg_if_inst/sha_inst/block_reg_reg[101]/CLR
  -------------------------------------------------------------------    -------------------

                         (clock sys_clk rise edge)   10.000    10.000 r  
    W5                                                0.000    10.000 r  clk (IN)
                         net (fo=0)                   0.000    10.000    clk
    W5                   IBUF (Prop_ibuf_I_O)         1.388    11.388 r  clk_IBUF_inst/O
                         net (fo=1, routed)           1.862    13.250    clk_IBUF
    BUFGCTRL_X0Y0        BUFG (Prop_bufg_I_O)         0.091    13.341 r  clk_IBUF_BUFG_inst/O
                         net (fo=3069, routed)        1.445    14.786    sha/reg_if_inst/sha_inst/clk_IBUF_BUFG
    SLICE_X37Y6          FDCE                                         r  sha/reg_if_inst/sha_inst/block_reg_reg[101]/C
                         clock pessimism              0.188    14.974    
                         clock uncertainty           -0.035    14.939    
    SLICE_X37Y6          FDCE (Recov_fdce_C_CLR)     -0.405    14.534    sha/reg_if_inst/sha_inst/block_reg_reg[101]
  -------------------------------------------------------------------
                         required time                         14.534    
                         arrival time                         -12.910    
  -------------------------------------------------------------------
                         slack                                  1.624    

Slack (MET) :             1.662ns  (required time - arrival time)
  Source:                 sha/reset_sync_ff_reg[1]/C
                            (rising edge-triggered cell FDCE clocked by sys_clk  {rise@0.000ns fall@5.000ns period=10.000ns})
  Destination:            sha/reg_if_inst/sha_inst/core_inst/d_reg[2]/CLR
                            (recovery check against rising-edge clock sys_clk  {rise@0.000ns fall@5.000ns period=10.000ns})
  Path Group:             **async_default**
  Path Type:              Recovery (Max at Slow Process Corner)
  Requirement:            10.000ns  (sys_clk rise@10.000ns - sys_clk rise@0.000ns)
  Data Path Delay:        7.711ns  (logic 0.718ns (9.312%)  route 6.993ns (90.688%))
  Logic Levels:           1  (LUT1=1)
  Clock Path Skew:        -0.187ns (DCD - SCD + CPR)
    Destination Clock Delay (DCD):    4.776ns = ( 14.776 - 10.000 ) 
    Source Clock Delay      (SCD):    5.151ns
    Clock Pessimism Removal (CPR):    0.188ns
  Clock Uncertainty:      0.035ns  ((TSJ^2 + TIJ^2)^1/2 + DJ) / 2 + PE
    Total System Jitter     (TSJ):    0.071ns
    Total Input Jitter      (TIJ):    0.000ns
    Discrete Jitter          (DJ):    0.000ns
    Phase Error              (PE):    0.000ns

    Location             Delay type                Incr(ns)  Path(ns)    Netlist Resource(s)
  -------------------------------------------------------------------    -------------------
                         (clock sys_clk rise edge)    0.000     0.000 r  
    W5                                                0.000     0.000 r  clk (IN)
                         net (fo=0)                   0.000     0.000    clk
    W5                   IBUF (Prop_ibuf_I_O)         1.458     1.458 r  clk_IBUF_inst/O
                         net (fo=1, routed)           1.967     3.425    clk_IBUF
    BUFGCTRL_X0Y0        BUFG (Prop_bufg_I_O)         0.096     3.521 r  clk_IBUF_BUFG_inst/O
                         net (fo=3069, routed)        1.630     5.151    sha/clk_IBUF_BUFG
    SLICE_X7Y35          FDCE                                         r  sha/reset_sync_ff_reg[1]/C
  -------------------------------------------------------------------    -------------------
    SLICE_X7Y35          FDCE (Prop_fdce_C_Q)         0.419     5.570 r  sha/reset_sync_ff_reg[1]/Q
                         net (fo=1, routed)           0.454     6.024    sha/reg_if_inst/sha_inst/core_inst/out[0]
    SLICE_X7Y35          LUT1 (Prop_lut1_I0_O)        0.299     6.323 f  sha/reg_if_inst/sha_inst/core_inst/FSM_onehot_current_state[3]_i_2/O
                         net (fo=2220, routed)        6.539    12.862    sha/reg_if_inst/sha_inst/core_inst/reset_sync_ff_reg[1]
    SLICE_X41Y21         FDCE                                         f  sha/reg_if_inst/sha_inst/core_inst/d_reg[2]/CLR
  -------------------------------------------------------------------    -------------------

                         (clock sys_clk rise edge)   10.000    10.000 r  
    W5                                                0.000    10.000 r  clk (IN)
                         net (fo=0)                   0.000    10.000    clk
    W5                   IBUF (Prop_ibuf_I_O)         1.388    11.388 r  clk_IBUF_inst/O
                         net (fo=1, routed)           1.862    13.250    clk_IBUF
    BUFGCTRL_X0Y0        BUFG (Prop_bufg_I_O)         0.091    13.341 r  clk_IBUF_BUFG_inst/O
                         net (fo=3069, routed)        1.435    14.776    sha/reg_if_inst/sha_inst/core_inst/clk_IBUF_BUFG
    SLICE_X41Y21         FDCE                                         r  sha/reg_if_inst/sha_inst/core_inst/d_reg[2]/C
                         clock pessimism              0.188    14.964    
                         clock uncertainty           -0.035    14.929    
    SLICE_X41Y21         FDCE (Recov_fdce_C_CLR)     -0.405    14.524    sha/reg_if_inst/sha_inst/core_inst/d_reg[2]
  -------------------------------------------------------------------
                         required time                         14.524    
                         arrival time                         -12.862    
  -------------------------------------------------------------------
                         slack                                  1.662    

Slack (MET) :             1.662ns  (required time - arrival time)
  Source:                 sha/reset_sync_ff_reg[1]/C
                            (rising edge-triggered cell FDCE clocked by sys_clk  {rise@0.000ns fall@5.000ns period=10.000ns})
  Destination:            sha/reg_if_inst/sha_inst/core_inst/d_reg[6]/CLR
                            (recovery check against rising-edge clock sys_clk  {rise@0.000ns fall@5.000ns period=10.000ns})
  Path Group:             **async_default**
  Path Type:              Recovery (Max at Slow Process Corner)
  Requirement:            10.000ns  (sys_clk rise@10.000ns - sys_clk rise@0.000ns)
  Data Path Delay:        7.711ns  (logic 0.718ns (9.312%)  route 6.993ns (90.688%))
  Logic Levels:           1  (LUT1=1)
  Clock Path Skew:        -0.187ns (DCD - SCD + CPR)
    Destination Clock Delay (DCD):    4.776ns = ( 14.776 - 10.000 ) 
    Source Clock Delay      (SCD):    5.151ns
    Clock Pessimism Removal (CPR):    0.188ns
  Clock Uncertainty:      0.035ns  ((TSJ^2 + TIJ^2)^1/2 + DJ) / 2 + PE
    Total System Jitter     (TSJ):    0.071ns
    Total Input Jitter      (TIJ):    0.000ns
    Discrete Jitter          (DJ):    0.000ns
    Phase Error              (PE):    0.000ns

    Location             Delay type                Incr(ns)  Path(ns)    Netlist Resource(s)
  -------------------------------------------------------------------    -------------------
                         (clock sys_clk rise edge)    0.000     0.000 r  
    W5                                                0.000     0.000 r  clk (IN)
                         net (fo=0)                   0.000     0.000    clk
    W5                   IBUF (Prop_ibuf_I_O)         1.458     1.458 r  clk_IBUF_inst/O
                         net (fo=1, routed)           1.967     3.425    clk_IBUF
    BUFGCTRL_X0Y0        BUFG (Prop_bufg_I_O)         0.096     3.521 r  clk_IBUF_BUFG_inst/O
                         net (fo=3069, routed)        1.630     5.151    sha/clk_IBUF_BUFG
    SLICE_X7Y35          FDCE                                         r  sha/reset_sync_ff_reg[1]/C
  -------------------------------------------------------------------    -------------------
    SLICE_X7Y35          FDCE (Prop_fdce_C_Q)         0.419     5.570 r  sha/reset_sync_ff_reg[1]/Q
                         net (fo=1, routed)           0.454     6.024    sha/reg_if_inst/sha_inst/core_inst/out[0]
    SLICE_X7Y35          LUT1 (Prop_lut1_I0_O)        0.299     6.323 f  sha/reg_if_inst/sha_inst/core_inst/FSM_onehot_current_state[3]_i_2/O
                         net (fo=2220, routed)        6.539    12.862    sha/reg_if_inst/sha_inst/core_inst/reset_sync_ff_reg[1]
    SLICE_X41Y21         FDCE                                         f  sha/reg_if_inst/sha_inst/core_inst/d_reg[6]/CLR
  -------------------------------------------------------------------    -------------------

                         (clock sys_clk rise edge)   10.000    10.000 r  
    W5                                                0.000    10.000 r  clk (IN)
                         net (fo=0)                   0.000    10.000    clk
    W5                   IBUF (Prop_ibuf_I_O)         1.388    11.388 r  clk_IBUF_inst/O
                         net (fo=1, routed)           1.862    13.250    clk_IBUF
    BUFGCTRL_X0Y0        BUFG (Prop_bufg_I_O)         0.091    13.341 r  clk_IBUF_BUFG_inst/O
                         net (fo=3069, routed)        1.435    14.776    sha/reg_if_inst/sha_inst/core_inst/clk_IBUF_BUFG
    SLICE_X41Y21         FDCE                                         r  sha/reg_if_inst/sha_inst/core_inst/d_reg[6]/C
                         clock pessimism              0.188    14.964    
                         clock uncertainty           -0.035    14.929    
    SLICE_X41Y21         FDCE (Recov_fdce_C_CLR)     -0.405    14.524    sha/reg_if_inst/sha_inst/core_inst/d_reg[6]
  -------------------------------------------------------------------
                         required time                         14.524    
                         arrival time                         -12.862    
  -------------------------------------------------------------------
                         slack                                  1.662    

Slack (MET) :             1.667ns  (required time - arrival time)
  Source:                 sha/reset_sync_ff_reg[1]/C
                            (rising edge-triggered cell FDCE clocked by sys_clk  {rise@0.000ns fall@5.000ns period=10.000ns})
  Destination:            sha/reg_if_inst/sha_inst/core_inst/h1_reg[1]/CLR
                            (recovery check against rising-edge clock sys_clk  {rise@0.000ns fall@5.000ns period=10.000ns})
  Path Group:             **async_default**
  Path Type:              Recovery (Max at Slow Process Corner)
  Requirement:            10.000ns  (sys_clk rise@10.000ns - sys_clk rise@0.000ns)
  Data Path Delay:        7.705ns  (logic 0.718ns (9.319%)  route 6.987ns (90.681%))
  Logic Levels:           1  (LUT1=1)
  Clock Path Skew:        -0.188ns (DCD - SCD + CPR)
    Destination Clock Delay (DCD):    4.775ns = ( 14.775 - 10.000 ) 
    Source Clock Delay      (SCD):    5.151ns
    Clock Pessimism Removal (CPR):    0.188ns
  Clock Uncertainty:      0.035ns  ((TSJ^2 + TIJ^2)^1/2 + DJ) / 2 + PE
    Total System Jitter     (TSJ):    0.071ns
    Total Input Jitter      (TIJ):    0.000ns
    Discrete Jitter          (DJ):    0.000ns
    Phase Error              (PE):    0.000ns

    Location             Delay type                Incr(ns)  Path(ns)    Netlist Resource(s)
  -------------------------------------------------------------------    -------------------
                         (clock sys_clk rise edge)    0.000     0.000 r  
    W5                                                0.000     0.000 r  clk (IN)
                         net (fo=0)                   0.000     0.000    clk
    W5                   IBUF (Prop_ibuf_I_O)         1.458     1.458 r  clk_IBUF_inst/O
                         net (fo=1, routed)           1.967     3.425    clk_IBUF
    BUFGCTRL_X0Y0        BUFG (Prop_bufg_I_O)         0.096     3.521 r  clk_IBUF_BUFG_inst/O
                         net (fo=3069, routed)        1.630     5.151    sha/clk_IBUF_BUFG
    SLICE_X7Y35          FDCE                                         r  sha/reset_sync_ff_reg[1]/C
  -------------------------------------------------------------------    -------------------
    SLICE_X7Y35          FDCE (Prop_fdce_C_Q)         0.419     5.570 r  sha/reset_sync_ff_reg[1]/Q
                         net (fo=1, routed)           0.454     6.024    sha/reg_if_inst/sha_inst/core_inst/out[0]
    SLICE_X7Y35          LUT1 (Prop_lut1_I0_O)        0.299     6.323 f  sha/reg_if_inst/sha_inst/core_inst/FSM_onehot_current_state[3]_i_2/O
                         net (fo=2220, routed)        6.533    12.856    sha/reg_if_inst/sha_inst/core_inst/reset_sync_ff_reg[1]
    SLICE_X39Y20         FDCE                                         f  sha/reg_if_inst/sha_inst/core_inst/h1_reg[1]/CLR
  -------------------------------------------------------------------    -------------------

                         (clock sys_clk rise edge)   10.000    10.000 r  
    W5                                                0.000    10.000 r  clk (IN)
                         net (fo=0)                   0.000    10.000    clk
    W5                   IBUF (Prop_ibuf_I_O)         1.388    11.388 r  clk_IBUF_inst/O
                         net (fo=1, routed)           1.862    13.250    clk_IBUF
    BUFGCTRL_X0Y0        BUFG (Prop_bufg_I_O)         0.091    13.341 r  clk_IBUF_BUFG_inst/O
                         net (fo=3069, routed)        1.434    14.775    sha/reg_if_inst/sha_inst/core_inst/clk_IBUF_BUFG
    SLICE_X39Y20         FDCE                                         r  sha/reg_if_inst/sha_inst/core_inst/h1_reg[1]/C
                         clock pessimism              0.188    14.963    
                         clock uncertainty           -0.035    14.928    
    SLICE_X39Y20         FDCE (Recov_fdce_C_CLR)     -0.405    14.523    sha/reg_if_inst/sha_inst/core_inst/h1_reg[1]
  -------------------------------------------------------------------
                         required time                         14.523    
                         arrival time                         -12.856    
  -------------------------------------------------------------------
                         slack                                  1.667    

Slack (MET) :             1.667ns  (required time - arrival time)
  Source:                 sha/reset_sync_ff_reg[1]/C
                            (rising edge-triggered cell FDCE clocked by sys_clk  {rise@0.000ns fall@5.000ns period=10.000ns})
  Destination:            sha/reg_if_inst/sha_inst/core_inst/h5_reg[1]/CLR
                            (recovery check against rising-edge clock sys_clk  {rise@0.000ns fall@5.000ns period=10.000ns})
  Path Group:             **async_default**
  Path Type:              Recovery (Max at Slow Process Corner)
  Requirement:            10.000ns  (sys_clk rise@10.000ns - sys_clk rise@0.000ns)
  Data Path Delay:        7.705ns  (logic 0.718ns (9.319%)  route 6.987ns (90.681%))
  Logic Levels:           1  (LUT1=1)
  Clock Path Skew:        -0.188ns (DCD - SCD + CPR)
    Destination Clock Delay (DCD):    4.775ns = ( 14.775 - 10.000 ) 
    Source Clock Delay      (SCD):    5.151ns
    Clock Pessimism Removal (CPR):    0.188ns
  Clock Uncertainty:      0.035ns  ((TSJ^2 + TIJ^2)^1/2 + DJ) / 2 + PE
    Total System Jitter     (TSJ):    0.071ns
    Total Input Jitter      (TIJ):    0.000ns
    Discrete Jitter          (DJ):    0.000ns
    Phase Error              (PE):    0.000ns

    Location             Delay type                Incr(ns)  Path(ns)    Netlist Resource(s)
  -------------------------------------------------------------------    -------------------
                         (clock sys_clk rise edge)    0.000     0.000 r  
    W5                                                0.000     0.000 r  clk (IN)
                         net (fo=0)                   0.000     0.000    clk
    W5                   IBUF (Prop_ibuf_I_O)         1.458     1.458 r  clk_IBUF_inst/O
                         net (fo=1, routed)           1.967     3.425    clk_IBUF
    BUFGCTRL_X0Y0        BUFG (Prop_bufg_I_O)         0.096     3.521 r  clk_IBUF_BUFG_inst/O
                         net (fo=3069, routed)        1.630     5.151    sha/clk_IBUF_BUFG
    SLICE_X7Y35          FDCE                                         r  sha/reset_sync_ff_reg[1]/C
  -------------------------------------------------------------------    -------------------
    SLICE_X7Y35          FDCE (Prop_fdce_C_Q)         0.419     5.570 r  sha/reset_sync_ff_reg[1]/Q
                         net (fo=1, routed)           0.454     6.024    sha/reg_if_inst/sha_inst/core_inst/out[0]
    SLICE_X7Y35          LUT1 (Prop_lut1_I0_O)        0.299     6.323 f  sha/reg_if_inst/sha_inst/core_inst/FSM_onehot_current_state[3]_i_2/O
                         net (fo=2220, routed)        6.533    12.856    sha/reg_if_inst/sha_inst/core_inst/reset_sync_ff_reg[1]
    SLICE_X39Y20         FDCE                                         f  sha/reg_if_inst/sha_inst/core_inst/h5_reg[1]/CLR
  -------------------------------------------------------------------    -------------------

                         (clock sys_clk rise edge)   10.000    10.000 r  
    W5                                                0.000    10.000 r  clk (IN)
                         net (fo=0)                   0.000    10.000    clk
    W5                   IBUF (Prop_ibuf_I_O)         1.388    11.388 r  clk_IBUF_inst/O
                         net (fo=1, routed)           1.862    13.250    clk_IBUF
    BUFGCTRL_X0Y0        BUFG (Prop_bufg_I_O)         0.091    13.341 r  clk_IBUF_BUFG_inst/O
                         net (fo=3069, routed)        1.434    14.775    sha/reg_if_inst/sha_inst/core_inst/clk_IBUF_BUFG
    SLICE_X39Y20         FDCE                                         r  sha/reg_if_inst/sha_inst/core_inst/h5_reg[1]/C
                         clock pessimism              0.188    14.963    
                         clock uncertainty           -0.035    14.928    
    SLICE_X39Y20         FDCE (Recov_fdce_C_CLR)     -0.405    14.523    sha/reg_if_inst/sha_inst/core_inst/h5_reg[1]
  -------------------------------------------------------------------
                         required time                         14.523    
                         arrival time                         -12.856    
  -------------------------------------------------------------------
                         slack                                  1.667    

Slack (MET) :             1.671ns  (required time - arrival time)
  Source:                 sha/reset_sync_ff_reg[1]/C
                            (rising edge-triggered cell FDCE clocked by sys_clk  {rise@0.000ns fall@5.000ns period=10.000ns})
  Destination:            sha/reg_if_inst/sha_inst/core_inst/FSM_onehot_current_state_reg[2]/CLR
                            (recovery check against rising-edge clock sys_clk  {rise@0.000ns fall@5.000ns period=10.000ns})
  Path Group:             **async_default**
  Path Type:              Recovery (Max at Slow Process Corner)
  Requirement:            10.000ns  (sys_clk rise@10.000ns - sys_clk rise@0.000ns)
  Data Path Delay:        7.701ns  (logic 0.718ns (9.323%)  route 6.983ns (90.676%))
  Logic Levels:           1  (LUT1=1)
  Clock Path Skew:        -0.188ns (DCD - SCD + CPR)
    Destination Clock Delay (DCD):    4.775ns = ( 14.775 - 10.000 ) 
    Source Clock Delay      (SCD):    5.151ns
    Clock Pessimism Removal (CPR):    0.188ns
  Clock Uncertainty:      0.035ns  ((TSJ^2 + TIJ^2)^1/2 + DJ) / 2 + PE
    Total System Jitter     (TSJ):    0.071ns
    Total Input Jitter      (TIJ):    0.000ns
    Discrete Jitter          (DJ):    0.000ns
    Phase Error              (PE):    0.000ns

    Location             Delay type                Incr(ns)  Path(ns)    Netlist Resource(s)
  -------------------------------------------------------------------    -------------------
                         (clock sys_clk rise edge)    0.000     0.000 r  
    W5                                                0.000     0.000 r  clk (IN)
                         net (fo=0)                   0.000     0.000    clk
    W5                   IBUF (Prop_ibuf_I_O)         1.458     1.458 r  clk_IBUF_inst/O
                         net (fo=1, routed)           1.967     3.425    clk_IBUF
    BUFGCTRL_X0Y0        BUFG (Prop_bufg_I_O)         0.096     3.521 r  clk_IBUF_BUFG_inst/O
                         net (fo=3069, routed)        1.630     5.151    sha/clk_IBUF_BUFG
    SLICE_X7Y35          FDCE                                         r  sha/reset_sync_ff_reg[1]/C
  -------------------------------------------------------------------    -------------------
    SLICE_X7Y35          FDCE (Prop_fdce_C_Q)         0.419     5.570 r  sha/reset_sync_ff_reg[1]/Q
                         net (fo=1, routed)           0.454     6.024    sha/reg_if_inst/sha_inst/core_inst/out[0]
    SLICE_X7Y35          LUT1 (Prop_lut1_I0_O)        0.299     6.323 f  sha/reg_if_inst/sha_inst/core_inst/FSM_onehot_current_state[3]_i_2/O
                         net (fo=2220, routed)        6.529    12.852    sha/reg_if_inst/sha_inst/core_inst/reset_sync_ff_reg[1]
    SLICE_X39Y19         FDCE                                         f  sha/reg_if_inst/sha_inst/core_inst/FSM_onehot_current_state_reg[2]/CLR
  -------------------------------------------------------------------    -------------------

                         (clock sys_clk rise edge)   10.000    10.000 r  
    W5                                                0.000    10.000 r  clk (IN)
                         net (fo=0)                   0.000    10.000    clk
    W5                   IBUF (Prop_ibuf_I_O)         1.388    11.388 r  clk_IBUF_inst/O
                         net (fo=1, routed)           1.862    13.250    clk_IBUF
    BUFGCTRL_X0Y0        BUFG (Prop_bufg_I_O)         0.091    13.341 r  clk_IBUF_BUFG_inst/O
                         net (fo=3069, routed)        1.434    14.775    sha/reg_if_inst/sha_inst/core_inst/clk_IBUF_BUFG
    SLICE_X39Y19         FDCE                                         r  sha/reg_if_inst/sha_inst/core_inst/FSM_onehot_current_state_reg[2]/C
                         clock pessimism              0.188    14.963    
                         clock uncertainty           -0.035    14.928    
    SLICE_X39Y19         FDCE (Recov_fdce_C_CLR)     -0.405    14.523    sha/reg_if_inst/sha_inst/core_inst/FSM_onehot_current_state_reg[2]
  -------------------------------------------------------------------
                         required time                         14.523    
                         arrival time                         -12.852    
  -------------------------------------------------------------------
                         slack                                  1.671    

Slack (MET) :             1.671ns  (required time - arrival time)
  Source:                 sha/reset_sync_ff_reg[1]/C
                            (rising edge-triggered cell FDCE clocked by sys_clk  {rise@0.000ns fall@5.000ns period=10.000ns})
  Destination:            sha/reg_if_inst/sha_inst/core_inst/FSM_onehot_current_state_reg[3]/CLR
                            (recovery check against rising-edge clock sys_clk  {rise@0.000ns fall@5.000ns period=10.000ns})
  Path Group:             **async_default**
  Path Type:              Recovery (Max at Slow Process Corner)
  Requirement:            10.000ns  (sys_clk rise@10.000ns - sys_clk rise@0.000ns)
  Data Path Delay:        7.701ns  (logic 0.718ns (9.323%)  route 6.983ns (90.676%))
  Logic Levels:           1  (LUT1=1)
  Clock Path Skew:        -0.188ns (DCD - SCD + CPR)
    Destination Clock Delay (DCD):    4.775ns = ( 14.775 - 10.000 ) 
    Source Clock Delay      (SCD):    5.151ns
    Clock Pessimism Removal (CPR):    0.188ns
  Clock Uncertainty:      0.035ns  ((TSJ^2 + TIJ^2)^1/2 + DJ) / 2 + PE
    Total System Jitter     (TSJ):    0.071ns
    Total Input Jitter      (TIJ):    0.000ns
    Discrete Jitter          (DJ):    0.000ns
    Phase Error              (PE):    0.000ns

    Location             Delay type                Incr(ns)  Path(ns)    Netlist Resource(s)
  -------------------------------------------------------------------    -------------------
                         (clock sys_clk rise edge)    0.000     0.000 r  
    W5                                                0.000     0.000 r  clk (IN)
                         net (fo=0)                   0.000     0.000    clk
    W5                   IBUF (Prop_ibuf_I_O)         1.458     1.458 r  clk_IBUF_inst/O
                         net (fo=1, routed)           1.967     3.425    clk_IBUF
    BUFGCTRL_X0Y0        BUFG (Prop_bufg_I_O)         0.096     3.521 r  clk_IBUF_BUFG_inst/O
                         net (fo=3069, routed)        1.630     5.151    sha/clk_IBUF_BUFG
    SLICE_X7Y35          FDCE                                         r  sha/reset_sync_ff_reg[1]/C
  -------------------------------------------------------------------    -------------------
    SLICE_X7Y35          FDCE (Prop_fdce_C_Q)         0.419     5.570 r  sha/reset_sync_ff_reg[1]/Q
                         net (fo=1, routed)           0.454     6.024    sha/reg_if_inst/sha_inst/core_inst/out[0]
    SLICE_X7Y35          LUT1 (Prop_lut1_I0_O)        0.299     6.323 f  sha/reg_if_inst/sha_inst/core_inst/FSM_onehot_current_state[3]_i_2/O
                         net (fo=2220, routed)        6.529    12.852    sha/reg_if_inst/sha_inst/core_inst/reset_sync_ff_reg[1]
    SLICE_X39Y19         FDCE                                         f  sha/reg_if_inst/sha_inst/core_inst/FSM_onehot_current_state_reg[3]/CLR
  -------------------------------------------------------------------    -------------------

                         (clock sys_clk rise edge)   10.000    10.000 r  
    W5                                                0.000    10.000 r  clk (IN)
                         net (fo=0)                   0.000    10.000    clk
    W5                   IBUF (Prop_ibuf_I_O)         1.388    11.388 r  clk_IBUF_inst/O
                         net (fo=1, routed)           1.862    13.250    clk_IBUF
    BUFGCTRL_X0Y0        BUFG (Prop_bufg_I_O)         0.091    13.341 r  clk_IBUF_BUFG_inst/O
                         net (fo=3069, routed)        1.434    14.775    sha/reg_if_inst/sha_inst/core_inst/clk_IBUF_BUFG
    SLICE_X39Y19         FDCE                                         r  sha/reg_if_inst/sha_inst/core_inst/FSM_onehot_current_state_reg[3]/C
                         clock pessimism              0.188    14.963    
                         clock uncertainty           -0.035    14.928    
    SLICE_X39Y19         FDCE (Recov_fdce_C_CLR)     -0.405    14.523    sha/reg_if_inst/sha_inst/core_inst/FSM_onehot_current_state_reg[3]
  -------------------------------------------------------------------
                         required time                         14.523    
                         arrival time                         -12.852    
  -------------------------------------------------------------------
                         slack                                  1.671    

Slack (MET) :             1.700ns  (required time - arrival time)
  Source:                 sha/reset_sync_ff_reg[1]/C
                            (rising edge-triggered cell FDCE clocked by sys_clk  {rise@0.000ns fall@5.000ns period=10.000ns})
  Destination:            sha/reg_if_inst/sha_inst/scheduler_inst/w_mem_reg[1][6]/CLR
                            (recovery check against rising-edge clock sys_clk  {rise@0.000ns fall@5.000ns period=10.000ns})
  Path Group:             **async_default**
  Path Type:              Recovery (Max at Slow Process Corner)
  Requirement:            10.000ns  (sys_clk rise@10.000ns - sys_clk rise@0.000ns)
  Data Path Delay:        7.753ns  (logic 0.718ns (9.261%)  route 7.035ns (90.739%))
  Logic Levels:           1  (LUT1=1)
  Clock Path Skew:        -0.106ns (DCD - SCD + CPR)
    Destination Clock Delay (DCD):    4.785ns = ( 14.785 - 10.000 ) 
    Source Clock Delay      (SCD):    5.151ns
    Clock Pessimism Removal (CPR):    0.260ns
  Clock Uncertainty:      0.035ns  ((TSJ^2 + TIJ^2)^1/2 + DJ) / 2 + PE
    Total System Jitter     (TSJ):    0.071ns
    Total Input Jitter      (TIJ):    0.000ns
    Discrete Jitter          (DJ):    0.000ns
    Phase Error              (PE):    0.000ns

    Location             Delay type                Incr(ns)  Path(ns)    Netlist Resource(s)
  -------------------------------------------------------------------    -------------------
                         (clock sys_clk rise edge)    0.000     0.000 r  
    W5                                                0.000     0.000 r  clk (IN)
                         net (fo=0)                   0.000     0.000    clk
    W5                   IBUF (Prop_ibuf_I_O)         1.458     1.458 r  clk_IBUF_inst/O
                         net (fo=1, routed)           1.967     3.425    clk_IBUF
    BUFGCTRL_X0Y0        BUFG (Prop_bufg_I_O)         0.096     3.521 r  clk_IBUF_BUFG_inst/O
                         net (fo=3069, routed)        1.630     5.151    sha/clk_IBUF_BUFG
    SLICE_X7Y35          FDCE                                         r  sha/reset_sync_ff_reg[1]/C
  -------------------------------------------------------------------    -------------------
    SLICE_X7Y35          FDCE (Prop_fdce_C_Q)         0.419     5.570 r  sha/reset_sync_ff_reg[1]/Q
                         net (fo=1, routed)           0.454     6.024    sha/reg_if_inst/sha_inst/core_inst/out[0]
    SLICE_X7Y35          LUT1 (Prop_lut1_I0_O)        0.299     6.323 f  sha/reg_if_inst/sha_inst/core_inst/FSM_onehot_current_state[3]_i_2/O
                         net (fo=2220, routed)        6.582    12.905    sha/reg_if_inst/sha_inst/scheduler_inst/w_mem_reg[15][0]_0
    SLICE_X35Y4          FDCE                                         f  sha/reg_if_inst/sha_inst/scheduler_inst/w_mem_reg[1][6]/CLR
  -------------------------------------------------------------------    -------------------

                         (clock sys_clk rise edge)   10.000    10.000 r  
    W5                                                0.000    10.000 r  clk (IN)
                         net (fo=0)                   0.000    10.000    clk
    W5                   IBUF (Prop_ibuf_I_O)         1.388    11.388 r  clk_IBUF_inst/O
                         net (fo=1, routed)           1.862    13.250    clk_IBUF
    BUFGCTRL_X0Y0        BUFG (Prop_bufg_I_O)         0.091    13.341 r  clk_IBUF_BUFG_inst/O
                         net (fo=3069, routed)        1.444    14.785    sha/reg_if_inst/sha_inst/scheduler_inst/clk_IBUF_BUFG
    SLICE_X35Y4          FDCE                                         r  sha/reg_if_inst/sha_inst/scheduler_inst/w_mem_reg[1][6]/C
                         clock pessimism              0.260    15.045    
                         clock uncertainty           -0.035    15.010    
    SLICE_X35Y4          FDCE (Recov_fdce_C_CLR)     -0.405    14.605    sha/reg_if_inst/sha_inst/scheduler_inst/w_mem_reg[1][6]
  -------------------------------------------------------------------
                         required time                         14.605    
                         arrival time                         -12.905    
  -------------------------------------------------------------------
                         slack                                  1.700    

Slack (MET) :             1.700ns  (required time - arrival time)
  Source:                 sha/reset_sync_ff_reg[1]/C
                            (rising edge-triggered cell FDCE clocked by sys_clk  {rise@0.000ns fall@5.000ns period=10.000ns})
  Destination:            sha/reg_if_inst/sha_inst/scheduler_inst/w_mem_reg[1][7]/CLR
                            (recovery check against rising-edge clock sys_clk  {rise@0.000ns fall@5.000ns period=10.000ns})
  Path Group:             **async_default**
  Path Type:              Recovery (Max at Slow Process Corner)
  Requirement:            10.000ns  (sys_clk rise@10.000ns - sys_clk rise@0.000ns)
  Data Path Delay:        7.753ns  (logic 0.718ns (9.261%)  route 7.035ns (90.739%))
  Logic Levels:           1  (LUT1=1)
  Clock Path Skew:        -0.106ns (DCD - SCD + CPR)
    Destination Clock Delay (DCD):    4.785ns = ( 14.785 - 10.000 ) 
    Source Clock Delay      (SCD):    5.151ns
    Clock Pessimism Removal (CPR):    0.260ns
  Clock Uncertainty:      0.035ns  ((TSJ^2 + TIJ^2)^1/2 + DJ) / 2 + PE
    Total System Jitter     (TSJ):    0.071ns
    Total Input Jitter      (TIJ):    0.000ns
    Discrete Jitter          (DJ):    0.000ns
    Phase Error              (PE):    0.000ns

    Location             Delay type                Incr(ns)  Path(ns)    Netlist Resource(s)
  -------------------------------------------------------------------    -------------------
                         (clock sys_clk rise edge)    0.000     0.000 r  
    W5                                                0.000     0.000 r  clk (IN)
                         net (fo=0)                   0.000     0.000    clk
    W5                   IBUF (Prop_ibuf_I_O)         1.458     1.458 r  clk_IBUF_inst/O
                         net (fo=1, routed)           1.967     3.425    clk_IBUF
    BUFGCTRL_X0Y0        BUFG (Prop_bufg_I_O)         0.096     3.521 r  clk_IBUF_BUFG_inst/O
                         net (fo=3069, routed)        1.630     5.151    sha/clk_IBUF_BUFG
    SLICE_X7Y35          FDCE                                         r  sha/reset_sync_ff_reg[1]/C
  -------------------------------------------------------------------    -------------------
    SLICE_X7Y35          FDCE (Prop_fdce_C_Q)         0.419     5.570 r  sha/reset_sync_ff_reg[1]/Q
                         net (fo=1, routed)           0.454     6.024    sha/reg_if_inst/sha_inst/core_inst/out[0]
    SLICE_X7Y35          LUT1 (Prop_lut1_I0_O)        0.299     6.323 f  sha/reg_if_inst/sha_inst/core_inst/FSM_onehot_current_state[3]_i_2/O
                         net (fo=2220, routed)        6.582    12.905    sha/reg_if_inst/sha_inst/scheduler_inst/w_mem_reg[15][0]_0
    SLICE_X35Y4          FDCE                                         f  sha/reg_if_inst/sha_inst/scheduler_inst/w_mem_reg[1][7]/CLR
  -------------------------------------------------------------------    -------------------

                         (clock sys_clk rise edge)   10.000    10.000 r  
    W5                                                0.000    10.000 r  clk (IN)
                         net (fo=0)                   0.000    10.000    clk
    W5                   IBUF (Prop_ibuf_I_O)         1.388    11.388 r  clk_IBUF_inst/O
                         net (fo=1, routed)           1.862    13.250    clk_IBUF
    BUFGCTRL_X0Y0        BUFG (Prop_bufg_I_O)         0.091    13.341 r  clk_IBUF_BUFG_inst/O
                         net (fo=3069, routed)        1.444    14.785    sha/reg_if_inst/sha_inst/scheduler_inst/clk_IBUF_BUFG
    SLICE_X35Y4          FDCE                                         r  sha/reg_if_inst/sha_inst/scheduler_inst/w_mem_reg[1][7]/C
                         clock pessimism              0.260    15.045    
                         clock uncertainty           -0.035    15.010    
    SLICE_X35Y4          FDCE (Recov_fdce_C_CLR)     -0.405    14.605    sha/reg_if_inst/sha_inst/scheduler_inst/w_mem_reg[1][7]
  -------------------------------------------------------------------
                         required time                         14.605    
                         arrival time                         -12.905    
  -------------------------------------------------------------------
                         slack                                  1.700    

Slack (MET) :             1.700ns  (required time - arrival time)
  Source:                 sha/reset_sync_ff_reg[1]/C
                            (rising edge-triggered cell FDCE clocked by sys_clk  {rise@0.000ns fall@5.000ns period=10.000ns})
  Destination:            sha/reg_if_inst/sha_inst/scheduler_inst/w_mem_reg[2][6]/CLR
                            (recovery check against rising-edge clock sys_clk  {rise@0.000ns fall@5.000ns period=10.000ns})
  Path Group:             **async_default**
  Path Type:              Recovery (Max at Slow Process Corner)
  Requirement:            10.000ns  (sys_clk rise@10.000ns - sys_clk rise@0.000ns)
  Data Path Delay:        7.753ns  (logic 0.718ns (9.261%)  route 7.035ns (90.739%))
  Logic Levels:           1  (LUT1=1)
  Clock Path Skew:        -0.106ns (DCD - SCD + CPR)
    Destination Clock Delay (DCD):    4.785ns = ( 14.785 - 10.000 ) 
    Source Clock Delay      (SCD):    5.151ns
    Clock Pessimism Removal (CPR):    0.260ns
  Clock Uncertainty:      0.035ns  ((TSJ^2 + TIJ^2)^1/2 + DJ) / 2 + PE
    Total System Jitter     (TSJ):    0.071ns
    Total Input Jitter      (TIJ):    0.000ns
    Discrete Jitter          (DJ):    0.000ns
    Phase Error              (PE):    0.000ns

    Location             Delay type                Incr(ns)  Path(ns)    Netlist Resource(s)
  -------------------------------------------------------------------    -------------------
                         (clock sys_clk rise edge)    0.000     0.000 r  
    W5                                                0.000     0.000 r  clk (IN)
                         net (fo=0)                   0.000     0.000    clk
    W5                   IBUF (Prop_ibuf_I_O)         1.458     1.458 r  clk_IBUF_inst/O
                         net (fo=1, routed)           1.967     3.425    clk_IBUF
    BUFGCTRL_X0Y0        BUFG (Prop_bufg_I_O)         0.096     3.521 r  clk_IBUF_BUFG_inst/O
                         net (fo=3069, routed)        1.630     5.151    sha/clk_IBUF_BUFG
    SLICE_X7Y35          FDCE                                         r  sha/reset_sync_ff_reg[1]/C
  -------------------------------------------------------------------    -------------------
    SLICE_X7Y35          FDCE (Prop_fdce_C_Q)         0.419     5.570 r  sha/reset_sync_ff_reg[1]/Q
                         net (fo=1, routed)           0.454     6.024    sha/reg_if_inst/sha_inst/core_inst/out[0]
    SLICE_X7Y35          LUT1 (Prop_lut1_I0_O)        0.299     6.323 f  sha/reg_if_inst/sha_inst/core_inst/FSM_onehot_current_state[3]_i_2/O
                         net (fo=2220, routed)        6.582    12.905    sha/reg_if_inst/sha_inst/scheduler_inst/w_mem_reg[15][0]_0
    SLICE_X35Y4          FDCE                                         f  sha/reg_if_inst/sha_inst/scheduler_inst/w_mem_reg[2][6]/CLR
  -------------------------------------------------------------------    -------------------

                         (clock sys_clk rise edge)   10.000    10.000 r  
    W5                                                0.000    10.000 r  clk (IN)
                         net (fo=0)                   0.000    10.000    clk
    W5                   IBUF (Prop_ibuf_I_O)         1.388    11.388 r  clk_IBUF_inst/O
                         net (fo=1, routed)           1.862    13.250    clk_IBUF
    BUFGCTRL_X0Y0        BUFG (Prop_bufg_I_O)         0.091    13.341 r  clk_IBUF_BUFG_inst/O
                         net (fo=3069, routed)        1.444    14.785    sha/reg_if_inst/sha_inst/scheduler_inst/clk_IBUF_BUFG
    SLICE_X35Y4          FDCE                                         r  sha/reg_if_inst/sha_inst/scheduler_inst/w_mem_reg[2][6]/C
                         clock pessimism              0.260    15.045    
                         clock uncertainty           -0.035    15.010    
    SLICE_X35Y4          FDCE (Recov_fdce_C_CLR)     -0.405    14.605    sha/reg_if_inst/sha_inst/scheduler_inst/w_mem_reg[2][6]
  -------------------------------------------------------------------
                         required time                         14.605    
                         arrival time                         -12.905    
  -------------------------------------------------------------------
                         slack                                  1.700    

Slack (MET) :             1.700ns  (required time - arrival time)
  Source:                 sha/reset_sync_ff_reg[1]/C
                            (rising edge-triggered cell FDCE clocked by sys_clk  {rise@0.000ns fall@5.000ns period=10.000ns})
  Destination:            sha/reg_if_inst/sha_inst/scheduler_inst/w_mem_reg[2][7]/CLR
                            (recovery check against rising-edge clock sys_clk  {rise@0.000ns fall@5.000ns period=10.000ns})
  Path Group:             **async_default**
  Path Type:              Recovery (Max at Slow Process Corner)
  Requirement:            10.000ns  (sys_clk rise@10.000ns - sys_clk rise@0.000ns)
  Data Path Delay:        7.753ns  (logic 0.718ns (9.261%)  route 7.035ns (90.739%))
  Logic Levels:           1  (LUT1=1)
  Clock Path Skew:        -0.106ns (DCD - SCD + CPR)
    Destination Clock Delay (DCD):    4.785ns = ( 14.785 - 10.000 ) 
    Source Clock Delay      (SCD):    5.151ns
    Clock Pessimism Removal (CPR):    0.260ns
  Clock Uncertainty:      0.035ns  ((TSJ^2 + TIJ^2)^1/2 + DJ) / 2 + PE
    Total System Jitter     (TSJ):    0.071ns
    Total Input Jitter      (TIJ):    0.000ns
    Discrete Jitter          (DJ):    0.000ns
    Phase Error              (PE):    0.000ns

    Location             Delay type                Incr(ns)  Path(ns)    Netlist Resource(s)
  -------------------------------------------------------------------    -------------------
                         (clock sys_clk rise edge)    0.000     0.000 r  
    W5                                                0.000     0.000 r  clk (IN)
                         net (fo=0)                   0.000     0.000    clk
    W5                   IBUF (Prop_ibuf_I_O)         1.458     1.458 r  clk_IBUF_inst/O
                         net (fo=1, routed)           1.967     3.425    clk_IBUF
    BUFGCTRL_X0Y0        BUFG (Prop_bufg_I_O)         0.096     3.521 r  clk_IBUF_BUFG_inst/O
                         net (fo=3069, routed)        1.630     5.151    sha/clk_IBUF_BUFG
    SLICE_X7Y35          FDCE                                         r  sha/reset_sync_ff_reg[1]/C
  -------------------------------------------------------------------    -------------------
    SLICE_X7Y35          FDCE (Prop_fdce_C_Q)         0.419     5.570 r  sha/reset_sync_ff_reg[1]/Q
                         net (fo=1, routed)           0.454     6.024    sha/reg_if_inst/sha_inst/core_inst/out[0]
    SLICE_X7Y35          LUT1 (Prop_lut1_I0_O)        0.299     6.323 f  sha/reg_if_inst/sha_inst/core_inst/FSM_onehot_current_state[3]_i_2/O
                         net (fo=2220, routed)        6.582    12.905    sha/reg_if_inst/sha_inst/scheduler_inst/w_mem_reg[15][0]_0
    SLICE_X35Y4          FDCE                                         f  sha/reg_if_inst/sha_inst/scheduler_inst/w_mem_reg[2][7]/CLR
  -------------------------------------------------------------------    -------------------

                         (clock sys_clk rise edge)   10.000    10.000 r  
    W5                                                0.000    10.000 r  clk (IN)
                         net (fo=0)                   0.000    10.000    clk
    W5                   IBUF (Prop_ibuf_I_O)         1.388    11.388 r  clk_IBUF_inst/O
                         net (fo=1, routed)           1.862    13.250    clk_IBUF
    BUFGCTRL_X0Y0        BUFG (Prop_bufg_I_O)         0.091    13.341 r  clk_IBUF_BUFG_inst/O
                         net (fo=3069, routed)        1.444    14.785    sha/reg_if_inst/sha_inst/scheduler_inst/clk_IBUF_BUFG
    SLICE_X35Y4          FDCE                                         r  sha/reg_if_inst/sha_inst/scheduler_inst/w_mem_reg[2][7]/C
                         clock pessimism              0.260    15.045    
                         clock uncertainty           -0.035    15.010    
    SLICE_X35Y4          FDCE (Recov_fdce_C_CLR)     -0.405    14.605    sha/reg_if_inst/sha_inst/scheduler_inst/w_mem_reg[2][7]
  -------------------------------------------------------------------
                         required time                         14.605    
                         arrival time                         -12.905    
  -------------------------------------------------------------------
                         slack                                  1.700    

Slack (MET) :             1.700ns  (required time - arrival time)
  Source:                 sha/reset_sync_ff_reg[1]/C
                            (rising edge-triggered cell FDCE clocked by sys_clk  {rise@0.000ns fall@5.000ns period=10.000ns})
  Destination:            sha/reg_if_inst/sha_inst/scheduler_inst/w_mem_reg[3][6]/CLR
                            (recovery check against rising-edge clock sys_clk  {rise@0.000ns fall@5.000ns period=10.000ns})
  Path Group:             **async_default**
  Path Type:              Recovery (Max at Slow Process Corner)
  Requirement:            10.000ns  (sys_clk rise@10.000ns - sys_clk rise@0.000ns)
  Data Path Delay:        7.753ns  (logic 0.718ns (9.261%)  route 7.035ns (90.739%))
  Logic Levels:           1  (LUT1=1)
  Clock Path Skew:        -0.106ns (DCD - SCD + CPR)
    Destination Clock Delay (DCD):    4.785ns = ( 14.785 - 10.000 ) 
    Source Clock Delay      (SCD):    5.151ns
    Clock Pessimism Removal (CPR):    0.260ns
  Clock Uncertainty:      0.035ns  ((TSJ^2 + TIJ^2)^1/2 + DJ) / 2 + PE
    Total System Jitter     (TSJ):    0.071ns
    Total Input Jitter      (TIJ):    0.000ns
    Discrete Jitter          (DJ):    0.000ns
    Phase Error              (PE):    0.000ns

    Location             Delay type                Incr(ns)  Path(ns)    Netlist Resource(s)
  -------------------------------------------------------------------    -------------------
                         (clock sys_clk rise edge)    0.000     0.000 r  
    W5                                                0.000     0.000 r  clk (IN)
                         net (fo=0)                   0.000     0.000    clk
    W5                   IBUF (Prop_ibuf_I_O)         1.458     1.458 r  clk_IBUF_inst/O
                         net (fo=1, routed)           1.967     3.425    clk_IBUF
    BUFGCTRL_X0Y0        BUFG (Prop_bufg_I_O)         0.096     3.521 r  clk_IBUF_BUFG_inst/O
                         net (fo=3069, routed)        1.630     5.151    sha/clk_IBUF_BUFG
    SLICE_X7Y35          FDCE                                         r  sha/reset_sync_ff_reg[1]/C
  -------------------------------------------------------------------    -------------------
    SLICE_X7Y35          FDCE (Prop_fdce_C_Q)         0.419     5.570 r  sha/reset_sync_ff_reg[1]/Q
                         net (fo=1, routed)           0.454     6.024    sha/reg_if_inst/sha_inst/core_inst/out[0]
    SLICE_X7Y35          LUT1 (Prop_lut1_I0_O)        0.299     6.323 f  sha/reg_if_inst/sha_inst/core_inst/FSM_onehot_current_state[3]_i_2/O
                         net (fo=2220, routed)        6.582    12.905    sha/reg_if_inst/sha_inst/scheduler_inst/w_mem_reg[15][0]_0
    SLICE_X35Y4          FDCE                                         f  sha/reg_if_inst/sha_inst/scheduler_inst/w_mem_reg[3][6]/CLR
  -------------------------------------------------------------------    -------------------

                         (clock sys_clk rise edge)   10.000    10.000 r  
    W5                                                0.000    10.000 r  clk (IN)
                         net (fo=0)                   0.000    10.000    clk
    W5                   IBUF (Prop_ibuf_I_O)         1.388    11.388 r  clk_IBUF_inst/O
                         net (fo=1, routed)           1.862    13.250    clk_IBUF
    BUFGCTRL_X0Y0        BUFG (Prop_bufg_I_O)         0.091    13.341 r  clk_IBUF_BUFG_inst/O
                         net (fo=3069, routed)        1.444    14.785    sha/reg_if_inst/sha_inst/scheduler_inst/clk_IBUF_BUFG
    SLICE_X35Y4          FDCE                                         r  sha/reg_if_inst/sha_inst/scheduler_inst/w_mem_reg[3][6]/C
                         clock pessimism              0.260    15.045    
                         clock uncertainty           -0.035    15.010    
    SLICE_X35Y4          FDCE (Recov_fdce_C_CLR)     -0.405    14.605    sha/reg_if_inst/sha_inst/scheduler_inst/w_mem_reg[3][6]
  -------------------------------------------------------------------
                         required time                         14.605    
                         arrival time                         -12.905    
  -------------------------------------------------------------------
                         slack                                  1.700    

Slack (MET) :             1.700ns  (required time - arrival time)
  Source:                 sha/reset_sync_ff_reg[1]/C
                            (rising edge-triggered cell FDCE clocked by sys_clk  {rise@0.000ns fall@5.000ns period=10.000ns})
  Destination:            sha/reg_if_inst/sha_inst/scheduler_inst/w_mem_reg[3][7]/CLR
                            (recovery check against rising-edge clock sys_clk  {rise@0.000ns fall@5.000ns period=10.000ns})
  Path Group:             **async_default**
  Path Type:              Recovery (Max at Slow Process Corner)
  Requirement:            10.000ns  (sys_clk rise@10.000ns - sys_clk rise@0.000ns)
  Data Path Delay:        7.753ns  (logic 0.718ns (9.261%)  route 7.035ns (90.739%))
  Logic Levels:           1  (LUT1=1)
  Clock Path Skew:        -0.106ns (DCD - SCD + CPR)
    Destination Clock Delay (DCD):    4.785ns = ( 14.785 - 10.000 ) 
    Source Clock Delay      (SCD):    5.151ns
    Clock Pessimism Removal (CPR):    0.260ns
  Clock Uncertainty:      0.035ns  ((TSJ^2 + TIJ^2)^1/2 + DJ) / 2 + PE
    Total System Jitter     (TSJ):    0.071ns
    Total Input Jitter      (TIJ):    0.000ns
    Discrete Jitter          (DJ):    0.000ns
    Phase Error              (PE):    0.000ns

    Location             Delay type                Incr(ns)  Path(ns)    Netlist Resource(s)
  -------------------------------------------------------------------    -------------------
                         (clock sys_clk rise edge)    0.000     0.000 r  
    W5                                                0.000     0.000 r  clk (IN)
                         net (fo=0)                   0.000     0.000    clk
    W5                   IBUF (Prop_ibuf_I_O)         1.458     1.458 r  clk_IBUF_inst/O
                         net (fo=1, routed)           1.967     3.425    clk_IBUF
    BUFGCTRL_X0Y0        BUFG (Prop_bufg_I_O)         0.096     3.521 r  clk_IBUF_BUFG_inst/O
                         net (fo=3069, routed)        1.630     5.151    sha/clk_IBUF_BUFG
    SLICE_X7Y35          FDCE                                         r  sha/reset_sync_ff_reg[1]/C
  -------------------------------------------------------------------    -------------------
    SLICE_X7Y35          FDCE (Prop_fdce_C_Q)         0.419     5.570 r  sha/reset_sync_ff_reg[1]/Q
                         net (fo=1, routed)           0.454     6.024    sha/reg_if_inst/sha_inst/core_inst/out[0]
    SLICE_X7Y35          LUT1 (Prop_lut1_I0_O)        0.299     6.323 f  sha/reg_if_inst/sha_inst/core_inst/FSM_onehot_current_state[3]_i_2/O
                         net (fo=2220, routed)        6.582    12.905    sha/reg_if_inst/sha_inst/scheduler_inst/w_mem_reg[15][0]_0
    SLICE_X35Y4          FDCE                                         f  sha/reg_if_inst/sha_inst/scheduler_inst/w_mem_reg[3][7]/CLR
  -------------------------------------------------------------------    -------------------

                         (clock sys_clk rise edge)   10.000    10.000 r  
    W5                                                0.000    10.000 r  clk (IN)
                         net (fo=0)                   0.000    10.000    clk
    W5                   IBUF (Prop_ibuf_I_O)         1.388    11.388 r  clk_IBUF_inst/O
                         net (fo=1, routed)           1.862    13.250    clk_IBUF
    BUFGCTRL_X0Y0        BUFG (Prop_bufg_I_O)         0.091    13.341 r  clk_IBUF_BUFG_inst/O
                         net (fo=3069, routed)        1.444    14.785    sha/reg_if_inst/sha_inst/scheduler_inst/clk_IBUF_BUFG
    SLICE_X35Y4          FDCE                                         r  sha/reg_if_inst/sha_inst/scheduler_inst/w_mem_reg[3][7]/C
                         clock pessimism              0.260    15.045    
                         clock uncertainty           -0.035    15.010    
    SLICE_X35Y4          FDCE (Recov_fdce_C_CLR)     -0.405    14.605    sha/reg_if_inst/sha_inst/scheduler_inst/w_mem_reg[3][7]
  -------------------------------------------------------------------
                         required time                         14.605    
                         arrival time                         -12.905    
  -------------------------------------------------------------------
                         slack                                  1.700    

Slack (MET) :             1.700ns  (required time - arrival time)
  Source:                 sha/reset_sync_ff_reg[1]/C
                            (rising edge-triggered cell FDCE clocked by sys_clk  {rise@0.000ns fall@5.000ns period=10.000ns})
  Destination:            sha/reg_if_inst/sha_inst/scheduler_inst/w_mem_reg[4][6]/CLR
                            (recovery check against rising-edge clock sys_clk  {rise@0.000ns fall@5.000ns period=10.000ns})
  Path Group:             **async_default**
  Path Type:              Recovery (Max at Slow Process Corner)
  Requirement:            10.000ns  (sys_clk rise@10.000ns - sys_clk rise@0.000ns)
  Data Path Delay:        7.753ns  (logic 0.718ns (9.261%)  route 7.035ns (90.739%))
  Logic Levels:           1  (LUT1=1)
  Clock Path Skew:        -0.106ns (DCD - SCD + CPR)
    Destination Clock Delay (DCD):    4.785ns = ( 14.785 - 10.000 ) 
    Source Clock Delay      (SCD):    5.151ns
    Clock Pessimism Removal (CPR):    0.260ns
  Clock Uncertainty:      0.035ns  ((TSJ^2 + TIJ^2)^1/2 + DJ) / 2 + PE
    Total System Jitter     (TSJ):    0.071ns
    Total Input Jitter      (TIJ):    0.000ns
    Discrete Jitter          (DJ):    0.000ns
    Phase Error              (PE):    0.000ns

    Location             Delay type                Incr(ns)  Path(ns)    Netlist Resource(s)
  -------------------------------------------------------------------    -------------------
                         (clock sys_clk rise edge)    0.000     0.000 r  
    W5                                                0.000     0.000 r  clk (IN)
                         net (fo=0)                   0.000     0.000    clk
    W5                   IBUF (Prop_ibuf_I_O)         1.458     1.458 r  clk_IBUF_inst/O
                         net (fo=1, routed)           1.967     3.425    clk_IBUF
    BUFGCTRL_X0Y0        BUFG (Prop_bufg_I_O)         0.096     3.521 r  clk_IBUF_BUFG_inst/O
                         net (fo=3069, routed)        1.630     5.151    sha/clk_IBUF_BUFG
    SLICE_X7Y35          FDCE                                         r  sha/reset_sync_ff_reg[1]/C
  -------------------------------------------------------------------    -------------------
    SLICE_X7Y35          FDCE (Prop_fdce_C_Q)         0.419     5.570 r  sha/reset_sync_ff_reg[1]/Q
                         net (fo=1, routed)           0.454     6.024    sha/reg_if_inst/sha_inst/core_inst/out[0]
    SLICE_X7Y35          LUT1 (Prop_lut1_I0_O)        0.299     6.323 f  sha/reg_if_inst/sha_inst/core_inst/FSM_onehot_current_state[3]_i_2/O
                         net (fo=2220, routed)        6.582    12.905    sha/reg_if_inst/sha_inst/scheduler_inst/w_mem_reg[15][0]_0
    SLICE_X35Y4          FDCE                                         f  sha/reg_if_inst/sha_inst/scheduler_inst/w_mem_reg[4][6]/CLR
  -------------------------------------------------------------------    -------------------

                         (clock sys_clk rise edge)   10.000    10.000 r  
    W5                                                0.000    10.000 r  clk (IN)
                         net (fo=0)                   0.000    10.000    clk
    W5                   IBUF (Prop_ibuf_I_O)         1.388    11.388 r  clk_IBUF_inst/O
                         net (fo=1, routed)           1.862    13.250    clk_IBUF
    BUFGCTRL_X0Y0        BUFG (Prop_bufg_I_O)         0.091    13.341 r  clk_IBUF_BUFG_inst/O
                         net (fo=3069, routed)        1.444    14.785    sha/reg_if_inst/sha_inst/scheduler_inst/clk_IBUF_BUFG
    SLICE_X35Y4          FDCE                                         r  sha/reg_if_inst/sha_inst/scheduler_inst/w_mem_reg[4][6]/C
                         clock pessimism              0.260    15.045    
                         clock uncertainty           -0.035    15.010    
    SLICE_X35Y4          FDCE (Recov_fdce_C_CLR)     -0.405    14.605    sha/reg_if_inst/sha_inst/scheduler_inst/w_mem_reg[4][6]
  -------------------------------------------------------------------
                         required time                         14.605    
                         arrival time                         -12.905    
  -------------------------------------------------------------------
                         slack                                  1.700    

Slack (MET) :             1.700ns  (required time - arrival time)
  Source:                 sha/reset_sync_ff_reg[1]/C
                            (rising edge-triggered cell FDCE clocked by sys_clk  {rise@0.000ns fall@5.000ns period=10.000ns})
  Destination:            sha/reg_if_inst/sha_inst/scheduler_inst/w_mem_reg[4][7]/CLR
                            (recovery check against rising-edge clock sys_clk  {rise@0.000ns fall@5.000ns period=10.000ns})
  Path Group:             **async_default**
  Path Type:              Recovery (Max at Slow Process Corner)
  Requirement:            10.000ns  (sys_clk rise@10.000ns - sys_clk rise@0.000ns)
  Data Path Delay:        7.753ns  (logic 0.718ns (9.261%)  route 7.035ns (90.739%))
  Logic Levels:           1  (LUT1=1)
  Clock Path Skew:        -0.106ns (DCD - SCD + CPR)
    Destination Clock Delay (DCD):    4.785ns = ( 14.785 - 10.000 ) 
    Source Clock Delay      (SCD):    5.151ns
    Clock Pessimism Removal (CPR):    0.260ns
  Clock Uncertainty:      0.035ns  ((TSJ^2 + TIJ^2)^1/2 + DJ) / 2 + PE
    Total System Jitter     (TSJ):    0.071ns
    Total Input Jitter      (TIJ):    0.000ns
    Discrete Jitter          (DJ):    0.000ns
    Phase Error              (PE):    0.000ns

    Location             Delay type                Incr(ns)  Path(ns)    Netlist Resource(s)
  -------------------------------------------------------------------    -------------------
                         (clock sys_clk rise edge)    0.000     0.000 r  
    W5                                                0.000     0.000 r  clk (IN)
                         net (fo=0)                   0.000     0.000    clk
    W5                   IBUF (Prop_ibuf_I_O)         1.458     1.458 r  clk_IBUF_inst/O
                         net (fo=1, routed)           1.967     3.425    clk_IBUF
    BUFGCTRL_X0Y0        BUFG (Prop_bufg_I_O)         0.096     3.521 r  clk_IBUF_BUFG_inst/O
                         net (fo=3069, routed)        1.630     5.151    sha/clk_IBUF_BUFG
    SLICE_X7Y35          FDCE                                         r  sha/reset_sync_ff_reg[1]/C
  -------------------------------------------------------------------    -------------------
    SLICE_X7Y35          FDCE (Prop_fdce_C_Q)         0.419     5.570 r  sha/reset_sync_ff_reg[1]/Q
                         net (fo=1, routed)           0.454     6.024    sha/reg_if_inst/sha_inst/core_inst/out[0]
    SLICE_X7Y35          LUT1 (Prop_lut1_I0_O)        0.299     6.323 f  sha/reg_if_inst/sha_inst/core_inst/FSM_onehot_current_state[3]_i_2/O
                         net (fo=2220, routed)        6.582    12.905    sha/reg_if_inst/sha_inst/scheduler_inst/w_mem_reg[15][0]_0
    SLICE_X35Y4          FDCE                                         f  sha/reg_if_inst/sha_inst/scheduler_inst/w_mem_reg[4][7]/CLR
  -------------------------------------------------------------------    -------------------

                         (clock sys_clk rise edge)   10.000    10.000 r  
    W5                                                0.000    10.000 r  clk (IN)
                         net (fo=0)                   0.000    10.000    clk
    W5                   IBUF (Prop_ibuf_I_O)         1.388    11.388 r  clk_IBUF_inst/O
                         net (fo=1, routed)           1.862    13.250    clk_IBUF
    BUFGCTRL_X0Y0        BUFG (Prop_bufg_I_O)         0.091    13.341 r  clk_IBUF_BUFG_inst/O
                         net (fo=3069, routed)        1.444    14.785    sha/reg_if_inst/sha_inst/scheduler_inst/clk_IBUF_BUFG
    SLICE_X35Y4          FDCE                                         r  sha/reg_if_inst/sha_inst/scheduler_inst/w_mem_reg[4][7]/C
                         clock pessimism              0.260    15.045    
                         clock uncertainty           -0.035    15.010    
    SLICE_X35Y4          FDCE (Recov_fdce_C_CLR)     -0.405    14.605    sha/reg_if_inst/sha_inst/scheduler_inst/w_mem_reg[4][7]
  -------------------------------------------------------------------
                         required time                         14.605    
                         arrival time                         -12.905    
  -------------------------------------------------------------------
                         slack                                  1.700    





Min Delay Paths
--------------------------------------------------------------------------------------
Slack (MET) :             0.645ns  (arrival time - required time)
  Source:                 sha/reset_sync_ff_reg[1]/C
                            (rising edge-triggered cell FDCE clocked by sys_clk  {rise@0.000ns fall@5.000ns period=10.000ns})
  Destination:            sha/reg_if_inst/sha_inst/scheduler_inst/w_mem_reg[12][26]/CLR
                            (removal check against rising-edge clock sys_clk  {rise@0.000ns fall@5.000ns period=10.000ns})
  Path Group:             **async_default**
  Path Type:              Removal (Min at Fast Process Corner)
  Requirement:            0.000ns  (sys_clk rise@0.000ns - sys_clk rise@0.000ns)
  Data Path Delay:        0.591ns  (logic 0.227ns (38.438%)  route 0.364ns (61.562%))
  Logic Levels:           1  (LUT1=1)
  Clock Path Skew:        0.013ns (DCD - SCD - CPR)
    Destination Clock Delay (DCD):    1.984ns
    Source Clock Delay      (SCD):    1.472ns
    Clock Pessimism Removal (CPR):    0.499ns

    Location             Delay type                Incr(ns)  Path(ns)    Netlist Resource(s)
  -------------------------------------------------------------------    -------------------
                         (clock sys_clk rise edge)    0.000     0.000 r  
    W5                                                0.000     0.000 r  clk (IN)
                         net (fo=0)                   0.000     0.000    clk
    W5                   IBUF (Prop_ibuf_I_O)         0.226     0.226 r  clk_IBUF_inst/O
                         net (fo=1, routed)           0.631     0.858    clk_IBUF
    BUFGCTRL_X0Y0        BUFG (Prop_bufg_I_O)         0.026     0.884 r  clk_IBUF_BUFG_inst/O
                         net (fo=3069, routed)        0.589     1.472    sha/clk_IBUF_BUFG
    SLICE_X7Y35          FDCE                                         r  sha/reset_sync_ff_reg[1]/C
  -------------------------------------------------------------------    -------------------
    SLICE_X7Y35          FDCE (Prop_fdce_C_Q)         0.128     1.600 r  sha/reset_sync_ff_reg[1]/Q
                         net (fo=1, routed)           0.146     1.746    sha/reg_if_inst/sha_inst/core_inst/out[0]
    SLICE_X7Y35          LUT1 (Prop_lut1_I0_O)        0.099     1.845 f  sha/reg_if_inst/sha_inst/core_inst/FSM_onehot_current_state[3]_i_2/O
                         net (fo=2220, routed)        0.218     2.063    sha/reg_if_inst/sha_inst/scheduler_inst/w_mem_reg[15][0]_0
    SLICE_X6Y33          FDCE                                         f  sha/reg_if_inst/sha_inst/scheduler_inst/w_mem_reg[12][26]/CLR
  -------------------------------------------------------------------    -------------------

                         (clock sys_clk rise edge)    0.000     0.000 r  
    W5                                                0.000     0.000 r  clk (IN)
                         net (fo=0)                   0.000     0.000    clk
    W5                   IBUF (Prop_ibuf_I_O)         0.414     0.414 r  clk_IBUF_inst/O
                         net (fo=1, routed)           0.685     1.099    clk_IBUF
    BUFGCTRL_X0Y0        BUFG (Prop_bufg_I_O)         0.029     1.128 r  clk_IBUF_BUFG_inst/O
                         net (fo=3069, routed)        0.857     1.984    sha/reg_if_inst/sha_inst/scheduler_inst/clk_IBUF_BUFG
    SLICE_X6Y33          FDCE                                         r  sha/reg_if_inst/sha_inst/scheduler_inst/w_mem_reg[12][26]/C
                         clock pessimism             -0.499     1.485    
    SLICE_X6Y33          FDCE (Remov_fdce_C_CLR)     -0.067     1.418    sha/reg_if_inst/sha_inst/scheduler_inst/w_mem_reg[12][26]
  -------------------------------------------------------------------
                         required time                         -1.418    
                         arrival time                           2.063    
  -------------------------------------------------------------------
                         slack                                  0.645    

Slack (MET) :             0.645ns  (arrival time - required time)
  Source:                 sha/reset_sync_ff_reg[1]/C
                            (rising edge-triggered cell FDCE clocked by sys_clk  {rise@0.000ns fall@5.000ns period=10.000ns})
  Destination:            sha/reg_if_inst/sha_inst/scheduler_inst/w_mem_reg[12][27]/CLR
                            (removal check against rising-edge clock sys_clk  {rise@0.000ns fall@5.000ns period=10.000ns})
  Path Group:             **async_default**
  Path Type:              Removal (Min at Fast Process Corner)
  Requirement:            0.000ns  (sys_clk rise@0.000ns - sys_clk rise@0.000ns)
  Data Path Delay:        0.591ns  (logic 0.227ns (38.438%)  route 0.364ns (61.562%))
  Logic Levels:           1  (LUT1=1)
  Clock Path Skew:        0.013ns (DCD - SCD - CPR)
    Destination Clock Delay (DCD):    1.984ns
    Source Clock Delay      (SCD):    1.472ns
    Clock Pessimism Removal (CPR):    0.499ns

    Location             Delay type                Incr(ns)  Path(ns)    Netlist Resource(s)
  -------------------------------------------------------------------    -------------------
                         (clock sys_clk rise edge)    0.000     0.000 r  
    W5                                                0.000     0.000 r  clk (IN)
                         net (fo=0)                   0.000     0.000    clk
    W5                   IBUF (Prop_ibuf_I_O)         0.226     0.226 r  clk_IBUF_inst/O
                         net (fo=1, routed)           0.631     0.858    clk_IBUF
    BUFGCTRL_X0Y0        BUFG (Prop_bufg_I_O)         0.026     0.884 r  clk_IBUF_BUFG_inst/O
                         net (fo=3069, routed)        0.589     1.472    sha/clk_IBUF_BUFG
    SLICE_X7Y35          FDCE                                         r  sha/reset_sync_ff_reg[1]/C
  -------------------------------------------------------------------    -------------------
    SLICE_X7Y35          FDCE (Prop_fdce_C_Q)         0.128     1.600 r  sha/reset_sync_ff_reg[1]/Q
                         net (fo=1, routed)           0.146     1.746    sha/reg_if_inst/sha_inst/core_inst/out[0]
    SLICE_X7Y35          LUT1 (Prop_lut1_I0_O)        0.099     1.845 f  sha/reg_if_inst/sha_inst/core_inst/FSM_onehot_current_state[3]_i_2/O
                         net (fo=2220, routed)        0.218     2.063    sha/reg_if_inst/sha_inst/scheduler_inst/w_mem_reg[15][0]_0
    SLICE_X6Y33          FDCE                                         f  sha/reg_if_inst/sha_inst/scheduler_inst/w_mem_reg[12][27]/CLR
  -------------------------------------------------------------------    -------------------

                         (clock sys_clk rise edge)    0.000     0.000 r  
    W5                                                0.000     0.000 r  clk (IN)
                         net (fo=0)                   0.000     0.000    clk
    W5                   IBUF (Prop_ibuf_I_O)         0.414     0.414 r  clk_IBUF_inst/O
                         net (fo=1, routed)           0.685     1.099    clk_IBUF
    BUFGCTRL_X0Y0        BUFG (Prop_bufg_I_O)         0.029     1.128 r  clk_IBUF_BUFG_inst/O
                         net (fo=3069, routed)        0.857     1.984    sha/reg_if_inst/sha_inst/scheduler_inst/clk_IBUF_BUFG
    SLICE_X6Y33          FDCE                                         r  sha/reg_if_inst/sha_inst/scheduler_inst/w_mem_reg[12][27]/C
                         clock pessimism             -0.499     1.485    
    SLICE_X6Y33          FDCE (Remov_fdce_C_CLR)     -0.067     1.418    sha/reg_if_inst/sha_inst/scheduler_inst/w_mem_reg[12][27]
  -------------------------------------------------------------------
                         required time                         -1.418    
                         arrival time                           2.063    
  -------------------------------------------------------------------
                         slack                                  0.645    

Slack (MET) :             0.645ns  (arrival time - required time)
  Source:                 sha/reset_sync_ff_reg[1]/C
                            (rising edge-triggered cell FDCE clocked by sys_clk  {rise@0.000ns fall@5.000ns period=10.000ns})
  Destination:            sha/reg_if_inst/sha_inst/scheduler_inst/w_mem_reg[13][26]/CLR
                            (removal check against rising-edge clock sys_clk  {rise@0.000ns fall@5.000ns period=10.000ns})
  Path Group:             **async_default**
  Path Type:              Removal (Min at Fast Process Corner)
  Requirement:            0.000ns  (sys_clk rise@0.000ns - sys_clk rise@0.000ns)
  Data Path Delay:        0.591ns  (logic 0.227ns (38.438%)  route 0.364ns (61.562%))
  Logic Levels:           1  (LUT1=1)
  Clock Path Skew:        0.013ns (DCD - SCD - CPR)
    Destination Clock Delay (DCD):    1.984ns
    Source Clock Delay      (SCD):    1.472ns
    Clock Pessimism Removal (CPR):    0.499ns

    Location             Delay type                Incr(ns)  Path(ns)    Netlist Resource(s)
  -------------------------------------------------------------------    -------------------
                         (clock sys_clk rise edge)    0.000     0.000 r  
    W5                                                0.000     0.000 r  clk (IN)
                         net (fo=0)                   0.000     0.000    clk
    W5                   IBUF (Prop_ibuf_I_O)         0.226     0.226 r  clk_IBUF_inst/O
                         net (fo=1, routed)           0.631     0.858    clk_IBUF
    BUFGCTRL_X0Y0        BUFG (Prop_bufg_I_O)         0.026     0.884 r  clk_IBUF_BUFG_inst/O
                         net (fo=3069, routed)        0.589     1.472    sha/clk_IBUF_BUFG
    SLICE_X7Y35          FDCE                                         r  sha/reset_sync_ff_reg[1]/C
  -------------------------------------------------------------------    -------------------
    SLICE_X7Y35          FDCE (Prop_fdce_C_Q)         0.128     1.600 r  sha/reset_sync_ff_reg[1]/Q
                         net (fo=1, routed)           0.146     1.746    sha/reg_if_inst/sha_inst/core_inst/out[0]
    SLICE_X7Y35          LUT1 (Prop_lut1_I0_O)        0.099     1.845 f  sha/reg_if_inst/sha_inst/core_inst/FSM_onehot_current_state[3]_i_2/O
                         net (fo=2220, routed)        0.218     2.063    sha/reg_if_inst/sha_inst/scheduler_inst/w_mem_reg[15][0]_0
    SLICE_X6Y33          FDCE                                         f  sha/reg_if_inst/sha_inst/scheduler_inst/w_mem_reg[13][26]/CLR
  -------------------------------------------------------------------    -------------------

                         (clock sys_clk rise edge)    0.000     0.000 r  
    W5                                                0.000     0.000 r  clk (IN)
                         net (fo=0)                   0.000     0.000    clk
    W5                   IBUF (Prop_ibuf_I_O)         0.414     0.414 r  clk_IBUF_inst/O
                         net (fo=1, routed)           0.685     1.099    clk_IBUF
    BUFGCTRL_X0Y0        BUFG (Prop_bufg_I_O)         0.029     1.128 r  clk_IBUF_BUFG_inst/O
                         net (fo=3069, routed)        0.857     1.984    sha/reg_if_inst/sha_inst/scheduler_inst/clk_IBUF_BUFG
    SLICE_X6Y33          FDCE                                         r  sha/reg_if_inst/sha_inst/scheduler_inst/w_mem_reg[13][26]/C
                         clock pessimism             -0.499     1.485    
    SLICE_X6Y33          FDCE (Remov_fdce_C_CLR)     -0.067     1.418    sha/reg_if_inst/sha_inst/scheduler_inst/w_mem_reg[13][26]
  -------------------------------------------------------------------
                         required time                         -1.418    
                         arrival time                           2.063    
  -------------------------------------------------------------------
                         slack                                  0.645    

Slack (MET) :             0.645ns  (arrival time - required time)
  Source:                 sha/reset_sync_ff_reg[1]/C
                            (rising edge-triggered cell FDCE clocked by sys_clk  {rise@0.000ns fall@5.000ns period=10.000ns})
  Destination:            sha/reg_if_inst/sha_inst/scheduler_inst/w_mem_reg[13][27]/CLR
                            (removal check against rising-edge clock sys_clk  {rise@0.000ns fall@5.000ns period=10.000ns})
  Path Group:             **async_default**
  Path Type:              Removal (Min at Fast Process Corner)
  Requirement:            0.000ns  (sys_clk rise@0.000ns - sys_clk rise@0.000ns)
  Data Path Delay:        0.591ns  (logic 0.227ns (38.438%)  route 0.364ns (61.562%))
  Logic Levels:           1  (LUT1=1)
  Clock Path Skew:        0.013ns (DCD - SCD - CPR)
    Destination Clock Delay (DCD):    1.984ns
    Source Clock Delay      (SCD):    1.472ns
    Clock Pessimism Removal (CPR):    0.499ns

    Location             Delay type                Incr(ns)  Path(ns)    Netlist Resource(s)
  -------------------------------------------------------------------    -------------------
                         (clock sys_clk rise edge)    0.000     0.000 r  
    W5                                                0.000     0.000 r  clk (IN)
                         net (fo=0)                   0.000     0.000    clk
    W5                   IBUF (Prop_ibuf_I_O)         0.226     0.226 r  clk_IBUF_inst/O
                         net (fo=1, routed)           0.631     0.858    clk_IBUF
    BUFGCTRL_X0Y0        BUFG (Prop_bufg_I_O)         0.026     0.884 r  clk_IBUF_BUFG_inst/O
                         net (fo=3069, routed)        0.589     1.472    sha/clk_IBUF_BUFG
    SLICE_X7Y35          FDCE                                         r  sha/reset_sync_ff_reg[1]/C
  -------------------------------------------------------------------    -------------------
    SLICE_X7Y35          FDCE (Prop_fdce_C_Q)         0.128     1.600 r  sha/reset_sync_ff_reg[1]/Q
                         net (fo=1, routed)           0.146     1.746    sha/reg_if_inst/sha_inst/core_inst/out[0]
    SLICE_X7Y35          LUT1 (Prop_lut1_I0_O)        0.099     1.845 f  sha/reg_if_inst/sha_inst/core_inst/FSM_onehot_current_state[3]_i_2/O
                         net (fo=2220, routed)        0.218     2.063    sha/reg_if_inst/sha_inst/scheduler_inst/w_mem_reg[15][0]_0
    SLICE_X6Y33          FDCE                                         f  sha/reg_if_inst/sha_inst/scheduler_inst/w_mem_reg[13][27]/CLR
  -------------------------------------------------------------------    -------------------

                         (clock sys_clk rise edge)    0.000     0.000 r  
    W5                                                0.000     0.000 r  clk (IN)
                         net (fo=0)                   0.000     0.000    clk
    W5                   IBUF (Prop_ibuf_I_O)         0.414     0.414 r  clk_IBUF_inst/O
                         net (fo=1, routed)           0.685     1.099    clk_IBUF
    BUFGCTRL_X0Y0        BUFG (Prop_bufg_I_O)         0.029     1.128 r  clk_IBUF_BUFG_inst/O
                         net (fo=3069, routed)        0.857     1.984    sha/reg_if_inst/sha_inst/scheduler_inst/clk_IBUF_BUFG
    SLICE_X6Y33          FDCE                                         r  sha/reg_if_inst/sha_inst/scheduler_inst/w_mem_reg[13][27]/C
                         clock pessimism             -0.499     1.485    
    SLICE_X6Y33          FDCE (Remov_fdce_C_CLR)     -0.067     1.418    sha/reg_if_inst/sha_inst/scheduler_inst/w_mem_reg[13][27]
  -------------------------------------------------------------------
                         required time                         -1.418    
                         arrival time                           2.063    
  -------------------------------------------------------------------
                         slack                                  0.645    

Slack (MET) :             0.645ns  (arrival time - required time)
  Source:                 sha/reset_sync_ff_reg[1]/C
                            (rising edge-triggered cell FDCE clocked by sys_clk  {rise@0.000ns fall@5.000ns period=10.000ns})
  Destination:            sha/reg_if_inst/sha_inst/scheduler_inst/w_mem_reg[8][26]/CLR
                            (removal check against rising-edge clock sys_clk  {rise@0.000ns fall@5.000ns period=10.000ns})
  Path Group:             **async_default**
  Path Type:              Removal (Min at Fast Process Corner)
  Requirement:            0.000ns  (sys_clk rise@0.000ns - sys_clk rise@0.000ns)
  Data Path Delay:        0.591ns  (logic 0.227ns (38.438%)  route 0.364ns (61.562%))
  Logic Levels:           1  (LUT1=1)
  Clock Path Skew:        0.013ns (DCD - SCD - CPR)
    Destination Clock Delay (DCD):    1.984ns
    Source Clock Delay      (SCD):    1.472ns
    Clock Pessimism Removal (CPR):    0.499ns

    Location             Delay type                Incr(ns)  Path(ns)    Netlist Resource(s)
  -------------------------------------------------------------------    -------------------
                         (clock sys_clk rise edge)    0.000     0.000 r  
    W5                                                0.000     0.000 r  clk (IN)
                         net (fo=0)                   0.000     0.000    clk
    W5                   IBUF (Prop_ibuf_I_O)         0.226     0.226 r  clk_IBUF_inst/O
                         net (fo=1, routed)           0.631     0.858    clk_IBUF
    BUFGCTRL_X0Y0        BUFG (Prop_bufg_I_O)         0.026     0.884 r  clk_IBUF_BUFG_inst/O
                         net (fo=3069, routed)        0.589     1.472    sha/clk_IBUF_BUFG
    SLICE_X7Y35          FDCE                                         r  sha/reset_sync_ff_reg[1]/C
  -------------------------------------------------------------------    -------------------
    SLICE_X7Y35          FDCE (Prop_fdce_C_Q)         0.128     1.600 r  sha/reset_sync_ff_reg[1]/Q
                         net (fo=1, routed)           0.146     1.746    sha/reg_if_inst/sha_inst/core_inst/out[0]
    SLICE_X7Y35          LUT1 (Prop_lut1_I0_O)        0.099     1.845 f  sha/reg_if_inst/sha_inst/core_inst/FSM_onehot_current_state[3]_i_2/O
                         net (fo=2220, routed)        0.218     2.063    sha/reg_if_inst/sha_inst/scheduler_inst/w_mem_reg[15][0]_0
    SLICE_X6Y33          FDCE                                         f  sha/reg_if_inst/sha_inst/scheduler_inst/w_mem_reg[8][26]/CLR
  -------------------------------------------------------------------    -------------------

                         (clock sys_clk rise edge)    0.000     0.000 r  
    W5                                                0.000     0.000 r  clk (IN)
                         net (fo=0)                   0.000     0.000    clk
    W5                   IBUF (Prop_ibuf_I_O)         0.414     0.414 r  clk_IBUF_inst/O
                         net (fo=1, routed)           0.685     1.099    clk_IBUF
    BUFGCTRL_X0Y0        BUFG (Prop_bufg_I_O)         0.029     1.128 r  clk_IBUF_BUFG_inst/O
                         net (fo=3069, routed)        0.857     1.984    sha/reg_if_inst/sha_inst/scheduler_inst/clk_IBUF_BUFG
    SLICE_X6Y33          FDCE                                         r  sha/reg_if_inst/sha_inst/scheduler_inst/w_mem_reg[8][26]/C
                         clock pessimism             -0.499     1.485    
    SLICE_X6Y33          FDCE (Remov_fdce_C_CLR)     -0.067     1.418    sha/reg_if_inst/sha_inst/scheduler_inst/w_mem_reg[8][26]
  -------------------------------------------------------------------
                         required time                         -1.418    
                         arrival time                           2.063    
  -------------------------------------------------------------------
                         slack                                  0.645    

Slack (MET) :             0.645ns  (arrival time - required time)
  Source:                 sha/reset_sync_ff_reg[1]/C
                            (rising edge-triggered cell FDCE clocked by sys_clk  {rise@0.000ns fall@5.000ns period=10.000ns})
  Destination:            sha/reg_if_inst/sha_inst/scheduler_inst/w_mem_reg[8][27]/CLR
                            (removal check against rising-edge clock sys_clk  {rise@0.000ns fall@5.000ns period=10.000ns})
  Path Group:             **async_default**
  Path Type:              Removal (Min at Fast Process Corner)
  Requirement:            0.000ns  (sys_clk rise@0.000ns - sys_clk rise@0.000ns)
  Data Path Delay:        0.591ns  (logic 0.227ns (38.438%)  route 0.364ns (61.562%))
  Logic Levels:           1  (LUT1=1)
  Clock Path Skew:        0.013ns (DCD - SCD - CPR)
    Destination Clock Delay (DCD):    1.984ns
    Source Clock Delay      (SCD):    1.472ns
    Clock Pessimism Removal (CPR):    0.499ns

    Location             Delay type                Incr(ns)  Path(ns)    Netlist Resource(s)
  -------------------------------------------------------------------    -------------------
                         (clock sys_clk rise edge)    0.000     0.000 r  
    W5                                                0.000     0.000 r  clk (IN)
                         net (fo=0)                   0.000     0.000    clk
    W5                   IBUF (Prop_ibuf_I_O)         0.226     0.226 r  clk_IBUF_inst/O
                         net (fo=1, routed)           0.631     0.858    clk_IBUF
    BUFGCTRL_X0Y0        BUFG (Prop_bufg_I_O)         0.026     0.884 r  clk_IBUF_BUFG_inst/O
                         net (fo=3069, routed)        0.589     1.472    sha/clk_IBUF_BUFG
    SLICE_X7Y35          FDCE                                         r  sha/reset_sync_ff_reg[1]/C
  -------------------------------------------------------------------    -------------------
    SLICE_X7Y35          FDCE (Prop_fdce_C_Q)         0.128     1.600 r  sha/reset_sync_ff_reg[1]/Q
                         net (fo=1, routed)           0.146     1.746    sha/reg_if_inst/sha_inst/core_inst/out[0]
    SLICE_X7Y35          LUT1 (Prop_lut1_I0_O)        0.099     1.845 f  sha/reg_if_inst/sha_inst/core_inst/FSM_onehot_current_state[3]_i_2/O
                         net (fo=2220, routed)        0.218     2.063    sha/reg_if_inst/sha_inst/scheduler_inst/w_mem_reg[15][0]_0
    SLICE_X6Y33          FDCE                                         f  sha/reg_if_inst/sha_inst/scheduler_inst/w_mem_reg[8][27]/CLR
  -------------------------------------------------------------------    -------------------

                         (clock sys_clk rise edge)    0.000     0.000 r  
    W5                                                0.000     0.000 r  clk (IN)
                         net (fo=0)                   0.000     0.000    clk
    W5                   IBUF (Prop_ibuf_I_O)         0.414     0.414 r  clk_IBUF_inst/O
                         net (fo=1, routed)           0.685     1.099    clk_IBUF
    BUFGCTRL_X0Y0        BUFG (Prop_bufg_I_O)         0.029     1.128 r  clk_IBUF_BUFG_inst/O
                         net (fo=3069, routed)        0.857     1.984    sha/reg_if_inst/sha_inst/scheduler_inst/clk_IBUF_BUFG
    SLICE_X6Y33          FDCE                                         r  sha/reg_if_inst/sha_inst/scheduler_inst/w_mem_reg[8][27]/C
                         clock pessimism             -0.499     1.485    
    SLICE_X6Y33          FDCE (Remov_fdce_C_CLR)     -0.067     1.418    sha/reg_if_inst/sha_inst/scheduler_inst/w_mem_reg[8][27]
  -------------------------------------------------------------------
                         required time                         -1.418    
                         arrival time                           2.063    
  -------------------------------------------------------------------
                         slack                                  0.645    

Slack (MET) :             0.665ns  (arrival time - required time)
  Source:                 sha/reset_sync_ff_reg[1]/C
                            (rising edge-triggered cell FDCE clocked by sys_clk  {rise@0.000ns fall@5.000ns period=10.000ns})
  Destination:            sha/reg_if_inst/block_words_reg[8][25]/CLR
                            (removal check against rising-edge clock sys_clk  {rise@0.000ns fall@5.000ns period=10.000ns})
  Path Group:             **async_default**
  Path Type:              Removal (Min at Fast Process Corner)
  Requirement:            0.000ns  (sys_clk rise@0.000ns - sys_clk rise@0.000ns)
  Data Path Delay:        0.611ns  (logic 0.227ns (37.133%)  route 0.384ns (62.867%))
  Logic Levels:           1  (LUT1=1)
  Clock Path Skew:        0.013ns (DCD - SCD - CPR)
    Destination Clock Delay (DCD):    1.986ns
    Source Clock Delay      (SCD):    1.472ns
    Clock Pessimism Removal (CPR):    0.501ns

    Location             Delay type                Incr(ns)  Path(ns)    Netlist Resource(s)
  -------------------------------------------------------------------    -------------------
                         (clock sys_clk rise edge)    0.000     0.000 r  
    W5                                                0.000     0.000 r  clk (IN)
                         net (fo=0)                   0.000     0.000    clk
    W5                   IBUF (Prop_ibuf_I_O)         0.226     0.226 r  clk_IBUF_inst/O
                         net (fo=1, routed)           0.631     0.858    clk_IBUF
    BUFGCTRL_X0Y0        BUFG (Prop_bufg_I_O)         0.026     0.884 r  clk_IBUF_BUFG_inst/O
                         net (fo=3069, routed)        0.589     1.472    sha/clk_IBUF_BUFG
    SLICE_X7Y35          FDCE                                         r  sha/reset_sync_ff_reg[1]/C
  -------------------------------------------------------------------    -------------------
    SLICE_X7Y35          FDCE (Prop_fdce_C_Q)         0.128     1.600 r  sha/reset_sync_ff_reg[1]/Q
                         net (fo=1, routed)           0.146     1.746    sha/reg_if_inst/sha_inst/core_inst/out[0]
    SLICE_X7Y35          LUT1 (Prop_lut1_I0_O)        0.099     1.845 f  sha/reg_if_inst/sha_inst/core_inst/FSM_onehot_current_state[3]_i_2/O
                         net (fo=2220, routed)        0.239     2.083    sha/reg_if_inst/reset_sync_ff_reg[1]
    SLICE_X6Y35          FDCE                                         f  sha/reg_if_inst/block_words_reg[8][25]/CLR
  -------------------------------------------------------------------    -------------------

                         (clock sys_clk rise edge)    0.000     0.000 r  
    W5                                                0.000     0.000 r  clk (IN)
                         net (fo=0)                   0.000     0.000    clk
    W5                   IBUF (Prop_ibuf_I_O)         0.414     0.414 r  clk_IBUF_inst/O
                         net (fo=1, routed)           0.685     1.099    clk_IBUF
    BUFGCTRL_X0Y0        BUFG (Prop_bufg_I_O)         0.029     1.128 r  clk_IBUF_BUFG_inst/O
                         net (fo=3069, routed)        0.859     1.986    sha/reg_if_inst/clk_IBUF_BUFG
    SLICE_X6Y35          FDCE                                         r  sha/reg_if_inst/block_words_reg[8][25]/C
                         clock pessimism             -0.501     1.485    
    SLICE_X6Y35          FDCE (Remov_fdce_C_CLR)     -0.067     1.418    sha/reg_if_inst/block_words_reg[8][25]
  -------------------------------------------------------------------
                         required time                         -1.418    
                         arrival time                           2.083    
  -------------------------------------------------------------------
                         slack                                  0.665    

Slack (MET) :             0.665ns  (arrival time - required time)
  Source:                 sha/reset_sync_ff_reg[1]/C
                            (rising edge-triggered cell FDCE clocked by sys_clk  {rise@0.000ns fall@5.000ns period=10.000ns})
  Destination:            sha/reg_if_inst/block_words_reg[8][26]/CLR
                            (removal check against rising-edge clock sys_clk  {rise@0.000ns fall@5.000ns period=10.000ns})
  Path Group:             **async_default**
  Path Type:              Removal (Min at Fast Process Corner)
  Requirement:            0.000ns  (sys_clk rise@0.000ns - sys_clk rise@0.000ns)
  Data Path Delay:        0.611ns  (logic 0.227ns (37.133%)  route 0.384ns (62.867%))
  Logic Levels:           1  (LUT1=1)
  Clock Path Skew:        0.013ns (DCD - SCD - CPR)
    Destination Clock Delay (DCD):    1.986ns
    Source Clock Delay      (SCD):    1.472ns
    Clock Pessimism Removal (CPR):    0.501ns

    Location             Delay type                Incr(ns)  Path(ns)    Netlist Resource(s)
  -------------------------------------------------------------------    -------------------
                         (clock sys_clk rise edge)    0.000     0.000 r  
    W5                                                0.000     0.000 r  clk (IN)
                         net (fo=0)                   0.000     0.000    clk
    W5                   IBUF (Prop_ibuf_I_O)         0.226     0.226 r  clk_IBUF_inst/O
                         net (fo=1, routed)           0.631     0.858    clk_IBUF
    BUFGCTRL_X0Y0        BUFG (Prop_bufg_I_O)         0.026     0.884 r  clk_IBUF_BUFG_inst/O
                         net (fo=3069, routed)        0.589     1.472    sha/clk_IBUF_BUFG
    SLICE_X7Y35          FDCE                                         r  sha/reset_sync_ff_reg[1]/C
  -------------------------------------------------------------------    -------------------
    SLICE_X7Y35          FDCE (Prop_fdce_C_Q)         0.128     1.600 r  sha/reset_sync_ff_reg[1]/Q
                         net (fo=1, routed)           0.146     1.746    sha/reg_if_inst/sha_inst/core_inst/out[0]
    SLICE_X7Y35          LUT1 (Prop_lut1_I0_O)        0.099     1.845 f  sha/reg_if_inst/sha_inst/core_inst/FSM_onehot_current_state[3]_i_2/O
                         net (fo=2220, routed)        0.239     2.083    sha/reg_if_inst/reset_sync_ff_reg[1]
    SLICE_X6Y35          FDCE                                         f  sha/reg_if_inst/block_words_reg[8][26]/CLR
  -------------------------------------------------------------------    -------------------

                         (clock sys_clk rise edge)    0.000     0.000 r  
    W5                                                0.000     0.000 r  clk (IN)
                         net (fo=0)                   0.000     0.000    clk
    W5                   IBUF (Prop_ibuf_I_O)         0.414     0.414 r  clk_IBUF_inst/O
                         net (fo=1, routed)           0.685     1.099    clk_IBUF
    BUFGCTRL_X0Y0        BUFG (Prop_bufg_I_O)         0.029     1.128 r  clk_IBUF_BUFG_inst/O
                         net (fo=3069, routed)        0.859     1.986    sha/reg_if_inst/clk_IBUF_BUFG
    SLICE_X6Y35          FDCE                                         r  sha/reg_if_inst/block_words_reg[8][26]/C
                         clock pessimism             -0.501     1.485    
    SLICE_X6Y35          FDCE (Remov_fdce_C_CLR)     -0.067     1.418    sha/reg_if_inst/block_words_reg[8][26]
  -------------------------------------------------------------------
                         required time                         -1.418    
                         arrival time                           2.083    
  -------------------------------------------------------------------
                         slack                                  0.665    

Slack (MET) :             0.665ns  (arrival time - required time)
  Source:                 sha/reset_sync_ff_reg[1]/C
                            (rising edge-triggered cell FDCE clocked by sys_clk  {rise@0.000ns fall@5.000ns period=10.000ns})
  Destination:            sha/reg_if_inst/block_words_reg[8][27]/CLR
                            (removal check against rising-edge clock sys_clk  {rise@0.000ns fall@5.000ns period=10.000ns})
  Path Group:             **async_default**
  Path Type:              Removal (Min at Fast Process Corner)
  Requirement:            0.000ns  (sys_clk rise@0.000ns - sys_clk rise@0.000ns)
  Data Path Delay:        0.611ns  (logic 0.227ns (37.133%)  route 0.384ns (62.867%))
  Logic Levels:           1  (LUT1=1)
  Clock Path Skew:        0.013ns (DCD - SCD - CPR)
    Destination Clock Delay (DCD):    1.986ns
    Source Clock Delay      (SCD):    1.472ns
    Clock Pessimism Removal (CPR):    0.501ns

    Location             Delay type                Incr(ns)  Path(ns)    Netlist Resource(s)
  -------------------------------------------------------------------    -------------------
                         (clock sys_clk rise edge)    0.000     0.000 r  
    W5                                                0.000     0.000 r  clk (IN)
                         net (fo=0)                   0.000     0.000    clk
    W5                   IBUF (Prop_ibuf_I_O)         0.226     0.226 r  clk_IBUF_inst/O
                         net (fo=1, routed)           0.631     0.858    clk_IBUF
    BUFGCTRL_X0Y0        BUFG (Prop_bufg_I_O)         0.026     0.884 r  clk_IBUF_BUFG_inst/O
                         net (fo=3069, routed)        0.589     1.472    sha/clk_IBUF_BUFG
    SLICE_X7Y35          FDCE                                         r  sha/reset_sync_ff_reg[1]/C
  -------------------------------------------------------------------    -------------------
    SLICE_X7Y35          FDCE (Prop_fdce_C_Q)         0.128     1.600 r  sha/reset_sync_ff_reg[1]/Q
                         net (fo=1, routed)           0.146     1.746    sha/reg_if_inst/sha_inst/core_inst/out[0]
    SLICE_X7Y35          LUT1 (Prop_lut1_I0_O)        0.099     1.845 f  sha/reg_if_inst/sha_inst/core_inst/FSM_onehot_current_state[3]_i_2/O
                         net (fo=2220, routed)        0.239     2.083    sha/reg_if_inst/reset_sync_ff_reg[1]
    SLICE_X6Y35          FDCE                                         f  sha/reg_if_inst/block_words_reg[8][27]/CLR
  -------------------------------------------------------------------    -------------------

                         (clock sys_clk rise edge)    0.000     0.000 r  
    W5                                                0.000     0.000 r  clk (IN)
                         net (fo=0)                   0.000     0.000    clk
    W5                   IBUF (Prop_ibuf_I_O)         0.414     0.414 r  clk_IBUF_inst/O
                         net (fo=1, routed)           0.685     1.099    clk_IBUF
    BUFGCTRL_X0Y0        BUFG (Prop_bufg_I_O)         0.029     1.128 r  clk_IBUF_BUFG_inst/O
                         net (fo=3069, routed)        0.859     1.986    sha/reg_if_inst/clk_IBUF_BUFG
    SLICE_X6Y35          FDCE                                         r  sha/reg_if_inst/block_words_reg[8][27]/C
                         clock pessimism             -0.501     1.485    
    SLICE_X6Y35          FDCE (Remov_fdce_C_CLR)     -0.067     1.418    sha/reg_if_inst/block_words_reg[8][27]
  -------------------------------------------------------------------
                         required time                         -1.418    
                         arrival time                           2.083    
  -------------------------------------------------------------------
                         slack                                  0.665    

Slack (MET) :             0.665ns  (arrival time - required time)
  Source:                 sha/reset_sync_ff_reg[1]/C
                            (rising edge-triggered cell FDCE clocked by sys_clk  {rise@0.000ns fall@5.000ns period=10.000ns})
  Destination:            sha/reg_if_inst/block_words_reg[8][28]/CLR
                            (removal check against rising-edge clock sys_clk  {rise@0.000ns fall@5.000ns period=10.000ns})
  Path Group:             **async_default**
  Path Type:              Removal (Min at Fast Process Corner)
  Requirement:            0.000ns  (sys_clk rise@0.000ns - sys_clk rise@0.000ns)
  Data Path Delay:        0.611ns  (logic 0.227ns (37.133%)  route 0.384ns (62.867%))
  Logic Levels:           1  (LUT1=1)
  Clock Path Skew:        0.013ns (DCD - SCD - CPR)
    Destination Clock Delay (DCD):    1.986ns
    Source Clock Delay      (SCD):    1.472ns
    Clock Pessimism Removal (CPR):    0.501ns

    Location             Delay type                Incr(ns)  Path(ns)    Netlist Resource(s)
  -------------------------------------------------------------------    -------------------
                         (clock sys_clk rise edge)    0.000     0.000 r  
    W5                                                0.000     0.000 r  clk (IN)
                         net (fo=0)                   0.000     0.000    clk
    W5                   IBUF (Prop_ibuf_I_O)         0.226     0.226 r  clk_IBUF_inst/O
                         net (fo=1, routed)           0.631     0.858    clk_IBUF
    BUFGCTRL_X0Y0        BUFG (Prop_bufg_I_O)         0.026     0.884 r  clk_IBUF_BUFG_inst/O
                         net (fo=3069, routed)        0.589     1.472    sha/clk_IBUF_BUFG
    SLICE_X7Y35          FDCE                                         r  sha/reset_sync_ff_reg[1]/C
  -------------------------------------------------------------------    -------------------
    SLICE_X7Y35          FDCE (Prop_fdce_C_Q)         0.128     1.600 r  sha/reset_sync_ff_reg[1]/Q
                         net (fo=1, routed)           0.146     1.746    sha/reg_if_inst/sha_inst/core_inst/out[0]
    SLICE_X7Y35          LUT1 (Prop_lut1_I0_O)        0.099     1.845 f  sha/reg_if_inst/sha_inst/core_inst/FSM_onehot_current_state[3]_i_2/O
                         net (fo=2220, routed)        0.239     2.083    sha/reg_if_inst/reset_sync_ff_reg[1]
    SLICE_X6Y35          FDCE                                         f  sha/reg_if_inst/block_words_reg[8][28]/CLR
  -------------------------------------------------------------------    -------------------

                         (clock sys_clk rise edge)    0.000     0.000 r  
    W5                                                0.000     0.000 r  clk (IN)
                         net (fo=0)                   0.000     0.000    clk
    W5                   IBUF (Prop_ibuf_I_O)         0.414     0.414 r  clk_IBUF_inst/O
                         net (fo=1, routed)           0.685     1.099    clk_IBUF
    BUFGCTRL_X0Y0        BUFG (Prop_bufg_I_O)         0.029     1.128 r  clk_IBUF_BUFG_inst/O
                         net (fo=3069, routed)        0.859     1.986    sha/reg_if_inst/clk_IBUF_BUFG
    SLICE_X6Y35          FDCE                                         r  sha/reg_if_inst/block_words_reg[8][28]/C
                         clock pessimism             -0.501     1.485    
    SLICE_X6Y35          FDCE (Remov_fdce_C_CLR)     -0.067     1.418    sha/reg_if_inst/block_words_reg[8][28]
  -------------------------------------------------------------------
                         required time                         -1.418    
                         arrival time                           2.083    
  -------------------------------------------------------------------
                         slack                                  0.665    

Slack (MET) :             0.665ns  (arrival time - required time)
  Source:                 sha/reset_sync_ff_reg[1]/C
                            (rising edge-triggered cell FDCE clocked by sys_clk  {rise@0.000ns fall@5.000ns period=10.000ns})
  Destination:            sha/reg_if_inst/block_words_reg[8][29]/CLR
                            (removal check against rising-edge clock sys_clk  {rise@0.000ns fall@5.000ns period=10.000ns})
  Path Group:             **async_default**
  Path Type:              Removal (Min at Fast Process Corner)
  Requirement:            0.000ns  (sys_clk rise@0.000ns - sys_clk rise@0.000ns)
  Data Path Delay:        0.611ns  (logic 0.227ns (37.133%)  route 0.384ns (62.867%))
  Logic Levels:           1  (LUT1=1)
  Clock Path Skew:        0.013ns (DCD - SCD - CPR)
    Destination Clock Delay (DCD):    1.986ns
    Source Clock Delay      (SCD):    1.472ns
    Clock Pessimism Removal (CPR):    0.501ns

    Location             Delay type                Incr(ns)  Path(ns)    Netlist Resource(s)
  -------------------------------------------------------------------    -------------------
                         (clock sys_clk rise edge)    0.000     0.000 r  
    W5                                                0.000     0.000 r  clk (IN)
                         net (fo=0)                   0.000     0.000    clk
    W5                   IBUF (Prop_ibuf_I_O)         0.226     0.226 r  clk_IBUF_inst/O
                         net (fo=1, routed)           0.631     0.858    clk_IBUF
    BUFGCTRL_X0Y0        BUFG (Prop_bufg_I_O)         0.026     0.884 r  clk_IBUF_BUFG_inst/O
                         net (fo=3069, routed)        0.589     1.472    sha/clk_IBUF_BUFG
    SLICE_X7Y35          FDCE                                         r  sha/reset_sync_ff_reg[1]/C
  -------------------------------------------------------------------    -------------------
    SLICE_X7Y35          FDCE (Prop_fdce_C_Q)         0.128     1.600 r  sha/reset_sync_ff_reg[1]/Q
                         net (fo=1, routed)           0.146     1.746    sha/reg_if_inst/sha_inst/core_inst/out[0]
    SLICE_X7Y35          LUT1 (Prop_lut1_I0_O)        0.099     1.845 f  sha/reg_if_inst/sha_inst/core_inst/FSM_onehot_current_state[3]_i_2/O
                         net (fo=2220, routed)        0.239     2.083    sha/reg_if_inst/reset_sync_ff_reg[1]
    SLICE_X6Y35          FDCE                                         f  sha/reg_if_inst/block_words_reg[8][29]/CLR
  -------------------------------------------------------------------    -------------------

                         (clock sys_clk rise edge)    0.000     0.000 r  
    W5                                                0.000     0.000 r  clk (IN)
                         net (fo=0)                   0.000     0.000    clk
    W5                   IBUF (Prop_ibuf_I_O)         0.414     0.414 r  clk_IBUF_inst/O
                         net (fo=1, routed)           0.685     1.099    clk_IBUF
    BUFGCTRL_X0Y0        BUFG (Prop_bufg_I_O)         0.029     1.128 r  clk_IBUF_BUFG_inst/O
                         net (fo=3069, routed)        0.859     1.986    sha/reg_if_inst/clk_IBUF_BUFG
    SLICE_X6Y35          FDCE                                         r  sha/reg_if_inst/block_words_reg[8][29]/C
                         clock pessimism             -0.501     1.485    
    SLICE_X6Y35          FDCE (Remov_fdce_C_CLR)     -0.067     1.418    sha/reg_if_inst/block_words_reg[8][29]
  -------------------------------------------------------------------
                         required time                         -1.418    
                         arrival time                           2.083    
  -------------------------------------------------------------------
                         slack                                  0.665    

Slack (MET) :             0.665ns  (arrival time - required time)
  Source:                 sha/reset_sync_ff_reg[1]/C
                            (rising edge-triggered cell FDCE clocked by sys_clk  {rise@0.000ns fall@5.000ns period=10.000ns})
  Destination:            sha/reg_if_inst/block_words_reg[8][30]/CLR
                            (removal check against rising-edge clock sys_clk  {rise@0.000ns fall@5.000ns period=10.000ns})
  Path Group:             **async_default**
  Path Type:              Removal (Min at Fast Process Corner)
  Requirement:            0.000ns  (sys_clk rise@0.000ns - sys_clk rise@0.000ns)
  Data Path Delay:        0.611ns  (logic 0.227ns (37.133%)  route 0.384ns (62.867%))
  Logic Levels:           1  (LUT1=1)
  Clock Path Skew:        0.013ns (DCD - SCD - CPR)
    Destination Clock Delay (DCD):    1.986ns
    Source Clock Delay      (SCD):    1.472ns
    Clock Pessimism Removal (CPR):    0.501ns

    Location             Delay type                Incr(ns)  Path(ns)    Netlist Resource(s)
  -------------------------------------------------------------------    -------------------
                         (clock sys_clk rise edge)    0.000     0.000 r  
    W5                                                0.000     0.000 r  clk (IN)
                         net (fo=0)                   0.000     0.000    clk
    W5                   IBUF (Prop_ibuf_I_O)         0.226     0.226 r  clk_IBUF_inst/O
                         net (fo=1, routed)           0.631     0.858    clk_IBUF
    BUFGCTRL_X0Y0        BUFG (Prop_bufg_I_O)         0.026     0.884 r  clk_IBUF_BUFG_inst/O
                         net (fo=3069, routed)        0.589     1.472    sha/clk_IBUF_BUFG
    SLICE_X7Y35          FDCE                                         r  sha/reset_sync_ff_reg[1]/C
  -------------------------------------------------------------------    -------------------
    SLICE_X7Y35          FDCE (Prop_fdce_C_Q)         0.128     1.600 r  sha/reset_sync_ff_reg[1]/Q
                         net (fo=1, routed)           0.146     1.746    sha/reg_if_inst/sha_inst/core_inst/out[0]
    SLICE_X7Y35          LUT1 (Prop_lut1_I0_O)        0.099     1.845 f  sha/reg_if_inst/sha_inst/core_inst/FSM_onehot_current_state[3]_i_2/O
                         net (fo=2220, routed)        0.239     2.083    sha/reg_if_inst/reset_sync_ff_reg[1]
    SLICE_X6Y35          FDCE                                         f  sha/reg_if_inst/block_words_reg[8][30]/CLR
  -------------------------------------------------------------------    -------------------

                         (clock sys_clk rise edge)    0.000     0.000 r  
    W5                                                0.000     0.000 r  clk (IN)
                         net (fo=0)                   0.000     0.000    clk
    W5                   IBUF (Prop_ibuf_I_O)         0.414     0.414 r  clk_IBUF_inst/O
                         net (fo=1, routed)           0.685     1.099    clk_IBUF
    BUFGCTRL_X0Y0        BUFG (Prop_bufg_I_O)         0.029     1.128 r  clk_IBUF_BUFG_inst/O
                         net (fo=3069, routed)        0.859     1.986    sha/reg_if_inst/clk_IBUF_BUFG
    SLICE_X6Y35          FDCE                                         r  sha/reg_if_inst/block_words_reg[8][30]/C
                         clock pessimism             -0.501     1.485    
    SLICE_X6Y35          FDCE (Remov_fdce_C_CLR)     -0.067     1.418    sha/reg_if_inst/block_words_reg[8][30]
  -------------------------------------------------------------------
                         required time                         -1.418    
                         arrival time                           2.083    
  -------------------------------------------------------------------
                         slack                                  0.665    

Slack (MET) :             0.665ns  (arrival time - required time)
  Source:                 sha/reset_sync_ff_reg[1]/C
                            (rising edge-triggered cell FDCE clocked by sys_clk  {rise@0.000ns fall@5.000ns period=10.000ns})
  Destination:            sha/reg_if_inst/block_words_reg[8][31]/CLR
                            (removal check against rising-edge clock sys_clk  {rise@0.000ns fall@5.000ns period=10.000ns})
  Path Group:             **async_default**
  Path Type:              Removal (Min at Fast Process Corner)
  Requirement:            0.000ns  (sys_clk rise@0.000ns - sys_clk rise@0.000ns)
  Data Path Delay:        0.611ns  (logic 0.227ns (37.133%)  route 0.384ns (62.867%))
  Logic Levels:           1  (LUT1=1)
  Clock Path Skew:        0.013ns (DCD - SCD - CPR)
    Destination Clock Delay (DCD):    1.986ns
    Source Clock Delay      (SCD):    1.472ns
    Clock Pessimism Removal (CPR):    0.501ns

    Location             Delay type                Incr(ns)  Path(ns)    Netlist Resource(s)
  -------------------------------------------------------------------    -------------------
                         (clock sys_clk rise edge)    0.000     0.000 r  
    W5                                                0.000     0.000 r  clk (IN)
                         net (fo=0)                   0.000     0.000    clk
    W5                   IBUF (Prop_ibuf_I_O)         0.226     0.226 r  clk_IBUF_inst/O
                         net (fo=1, routed)           0.631     0.858    clk_IBUF
    BUFGCTRL_X0Y0        BUFG (Prop_bufg_I_O)         0.026     0.884 r  clk_IBUF_BUFG_inst/O
                         net (fo=3069, routed)        0.589     1.472    sha/clk_IBUF_BUFG
    SLICE_X7Y35          FDCE                                         r  sha/reset_sync_ff_reg[1]/C
  -------------------------------------------------------------------    -------------------
    SLICE_X7Y35          FDCE (Prop_fdce_C_Q)         0.128     1.600 r  sha/reset_sync_ff_reg[1]/Q
                         net (fo=1, routed)           0.146     1.746    sha/reg_if_inst/sha_inst/core_inst/out[0]
    SLICE_X7Y35          LUT1 (Prop_lut1_I0_O)        0.099     1.845 f  sha/reg_if_inst/sha_inst/core_inst/FSM_onehot_current_state[3]_i_2/O
                         net (fo=2220, routed)        0.239     2.083    sha/reg_if_inst/reset_sync_ff_reg[1]
    SLICE_X6Y35          FDCE                                         f  sha/reg_if_inst/block_words_reg[8][31]/CLR
  -------------------------------------------------------------------    -------------------

                         (clock sys_clk rise edge)    0.000     0.000 r  
    W5                                                0.000     0.000 r  clk (IN)
                         net (fo=0)                   0.000     0.000    clk
    W5                   IBUF (Prop_ibuf_I_O)         0.414     0.414 r  clk_IBUF_inst/O
                         net (fo=1, routed)           0.685     1.099    clk_IBUF
    BUFGCTRL_X0Y0        BUFG (Prop_bufg_I_O)         0.029     1.128 r  clk_IBUF_BUFG_inst/O
                         net (fo=3069, routed)        0.859     1.986    sha/reg_if_inst/clk_IBUF_BUFG
    SLICE_X6Y35          FDCE                                         r  sha/reg_if_inst/block_words_reg[8][31]/C
                         clock pessimism             -0.501     1.485    
    SLICE_X6Y35          FDCE (Remov_fdce_C_CLR)     -0.067     1.418    sha/reg_if_inst/block_words_reg[8][31]
  -------------------------------------------------------------------
                         required time                         -1.418    
                         arrival time                           2.083    
  -------------------------------------------------------------------
                         slack                                  0.665    

Slack (MET) :             0.695ns  (arrival time - required time)
  Source:                 sha/reset_sync_ff_reg[1]/C
                            (rising edge-triggered cell FDCE clocked by sys_clk  {rise@0.000ns fall@5.000ns period=10.000ns})
  Destination:            sha/reg_if_inst/sha_inst/block_reg_reg[122]/CLR
                            (removal check against rising-edge clock sys_clk  {rise@0.000ns fall@5.000ns period=10.000ns})
  Path Group:             **async_default**
  Path Type:              Removal (Min at Fast Process Corner)
  Requirement:            0.000ns  (sys_clk rise@0.000ns - sys_clk rise@0.000ns)
  Data Path Delay:        0.642ns  (logic 0.227ns (35.370%)  route 0.415ns (64.630%))
  Logic Levels:           1  (LUT1=1)
  Clock Path Skew:        0.014ns (DCD - SCD - CPR)
    Destination Clock Delay (DCD):    1.985ns
    Source Clock Delay      (SCD):    1.472ns
    Clock Pessimism Removal (CPR):    0.499ns

    Location             Delay type                Incr(ns)  Path(ns)    Netlist Resource(s)
  -------------------------------------------------------------------    -------------------
                         (clock sys_clk rise edge)    0.000     0.000 r  
    W5                                                0.000     0.000 r  clk (IN)
                         net (fo=0)                   0.000     0.000    clk
    W5                   IBUF (Prop_ibuf_I_O)         0.226     0.226 r  clk_IBUF_inst/O
                         net (fo=1, routed)           0.631     0.858    clk_IBUF
    BUFGCTRL_X0Y0        BUFG (Prop_bufg_I_O)         0.026     0.884 r  clk_IBUF_BUFG_inst/O
                         net (fo=3069, routed)        0.589     1.472    sha/clk_IBUF_BUFG
    SLICE_X7Y35          FDCE                                         r  sha/reset_sync_ff_reg[1]/C
  -------------------------------------------------------------------    -------------------
    SLICE_X7Y35          FDCE (Prop_fdce_C_Q)         0.128     1.600 r  sha/reset_sync_ff_reg[1]/Q
                         net (fo=1, routed)           0.146     1.746    sha/reg_if_inst/sha_inst/core_inst/out[0]
    SLICE_X7Y35          LUT1 (Prop_lut1_I0_O)        0.099     1.845 f  sha/reg_if_inst/sha_inst/core_inst/FSM_onehot_current_state[3]_i_2/O
                         net (fo=2220, routed)        0.269     2.114    sha/reg_if_inst/sha_inst/reset_sync_ff_reg[1]
    SLICE_X6Y34          FDCE                                         f  sha/reg_if_inst/sha_inst/block_reg_reg[122]/CLR
  -------------------------------------------------------------------    -------------------

                         (clock sys_clk rise edge)    0.000     0.000 r  
    W5                                                0.000     0.000 r  clk (IN)
                         net (fo=0)                   0.000     0.000    clk
    W5                   IBUF (Prop_ibuf_I_O)         0.414     0.414 r  clk_IBUF_inst/O
                         net (fo=1, routed)           0.685     1.099    clk_IBUF
    BUFGCTRL_X0Y0        BUFG (Prop_bufg_I_O)         0.029     1.128 r  clk_IBUF_BUFG_inst/O
                         net (fo=3069, routed)        0.858     1.985    sha/reg_if_inst/sha_inst/clk_IBUF_BUFG
    SLICE_X6Y34          FDCE                                         r  sha/reg_if_inst/sha_inst/block_reg_reg[122]/C
                         clock pessimism             -0.499     1.486    
    SLICE_X6Y34          FDCE (Remov_fdce_C_CLR)     -0.067     1.419    sha/reg_if_inst/sha_inst/block_reg_reg[122]
  -------------------------------------------------------------------
                         required time                         -1.419    
                         arrival time                           2.114    
  -------------------------------------------------------------------
                         slack                                  0.695    

Slack (MET) :             0.695ns  (arrival time - required time)
  Source:                 sha/reset_sync_ff_reg[1]/C
                            (rising edge-triggered cell FDCE clocked by sys_clk  {rise@0.000ns fall@5.000ns period=10.000ns})
  Destination:            sha/reg_if_inst/sha_inst/block_reg_reg[154]/CLR
                            (removal check against rising-edge clock sys_clk  {rise@0.000ns fall@5.000ns period=10.000ns})
  Path Group:             **async_default**
  Path Type:              Removal (Min at Fast Process Corner)
  Requirement:            0.000ns  (sys_clk rise@0.000ns - sys_clk rise@0.000ns)
  Data Path Delay:        0.642ns  (logic 0.227ns (35.370%)  route 0.415ns (64.630%))
  Logic Levels:           1  (LUT1=1)
  Clock Path Skew:        0.014ns (DCD - SCD - CPR)
    Destination Clock Delay (DCD):    1.985ns
    Source Clock Delay      (SCD):    1.472ns
    Clock Pessimism Removal (CPR):    0.499ns

    Location             Delay type                Incr(ns)  Path(ns)    Netlist Resource(s)
  -------------------------------------------------------------------    -------------------
                         (clock sys_clk rise edge)    0.000     0.000 r  
    W5                                                0.000     0.000 r  clk (IN)
                         net (fo=0)                   0.000     0.000    clk
    W5                   IBUF (Prop_ibuf_I_O)         0.226     0.226 r  clk_IBUF_inst/O
                         net (fo=1, routed)           0.631     0.858    clk_IBUF
    BUFGCTRL_X0Y0        BUFG (Prop_bufg_I_O)         0.026     0.884 r  clk_IBUF_BUFG_inst/O
                         net (fo=3069, routed)        0.589     1.472    sha/clk_IBUF_BUFG
    SLICE_X7Y35          FDCE                                         r  sha/reset_sync_ff_reg[1]/C
  -------------------------------------------------------------------    -------------------
    SLICE_X7Y35          FDCE (Prop_fdce_C_Q)         0.128     1.600 r  sha/reset_sync_ff_reg[1]/Q
                         net (fo=1, routed)           0.146     1.746    sha/reg_if_inst/sha_inst/core_inst/out[0]
    SLICE_X7Y35          LUT1 (Prop_lut1_I0_O)        0.099     1.845 f  sha/reg_if_inst/sha_inst/core_inst/FSM_onehot_current_state[3]_i_2/O
                         net (fo=2220, routed)        0.269     2.114    sha/reg_if_inst/sha_inst/reset_sync_ff_reg[1]
    SLICE_X6Y34          FDCE                                         f  sha/reg_if_inst/sha_inst/block_reg_reg[154]/CLR
  -------------------------------------------------------------------    -------------------

                         (clock sys_clk rise edge)    0.000     0.000 r  
    W5                                                0.000     0.000 r  clk (IN)
                         net (fo=0)                   0.000     0.000    clk
    W5                   IBUF (Prop_ibuf_I_O)         0.414     0.414 r  clk_IBUF_inst/O
                         net (fo=1, routed)           0.685     1.099    clk_IBUF
    BUFGCTRL_X0Y0        BUFG (Prop_bufg_I_O)         0.029     1.128 r  clk_IBUF_BUFG_inst/O
                         net (fo=3069, routed)        0.858     1.985    sha/reg_if_inst/sha_inst/clk_IBUF_BUFG
    SLICE_X6Y34          FDCE                                         r  sha/reg_if_inst/sha_inst/block_reg_reg[154]/C
                         clock pessimism             -0.499     1.486    
    SLICE_X6Y34          FDCE (Remov_fdce_C_CLR)     -0.067     1.419    sha/reg_if_inst/sha_inst/block_reg_reg[154]
  -------------------------------------------------------------------
                         required time                         -1.419    
                         arrival time                           2.114    
  -------------------------------------------------------------------
                         slack                                  0.695    

Slack (MET) :             0.695ns  (arrival time - required time)
  Source:                 sha/reset_sync_ff_reg[1]/C
                            (rising edge-triggered cell FDCE clocked by sys_clk  {rise@0.000ns fall@5.000ns period=10.000ns})
  Destination:            sha/reg_if_inst/sha_inst/block_reg_reg[186]/CLR
                            (removal check against rising-edge clock sys_clk  {rise@0.000ns fall@5.000ns period=10.000ns})
  Path Group:             **async_default**
  Path Type:              Removal (Min at Fast Process Corner)
  Requirement:            0.000ns  (sys_clk rise@0.000ns - sys_clk rise@0.000ns)
  Data Path Delay:        0.642ns  (logic 0.227ns (35.370%)  route 0.415ns (64.630%))
  Logic Levels:           1  (LUT1=1)
  Clock Path Skew:        0.014ns (DCD - SCD - CPR)
    Destination Clock Delay (DCD):    1.985ns
    Source Clock Delay      (SCD):    1.472ns
    Clock Pessimism Removal (CPR):    0.499ns

    Location             Delay type                Incr(ns)  Path(ns)    Netlist Resource(s)
  -------------------------------------------------------------------    -------------------
                         (clock sys_clk rise edge)    0.000     0.000 r  
    W5                                                0.000     0.000 r  clk (IN)
                         net (fo=0)                   0.000     0.000    clk
    W5                   IBUF (Prop_ibuf_I_O)         0.226     0.226 r  clk_IBUF_inst/O
                         net (fo=1, routed)           0.631     0.858    clk_IBUF
    BUFGCTRL_X0Y0        BUFG (Prop_bufg_I_O)         0.026     0.884 r  clk_IBUF_BUFG_inst/O
                         net (fo=3069, routed)        0.589     1.472    sha/clk_IBUF_BUFG
    SLICE_X7Y35          FDCE                                         r  sha/reset_sync_ff_reg[1]/C
  -------------------------------------------------------------------    -------------------
    SLICE_X7Y35          FDCE (Prop_fdce_C_Q)         0.128     1.600 r  sha/reset_sync_ff_reg[1]/Q
                         net (fo=1, routed)           0.146     1.746    sha/reg_if_inst/sha_inst/core_inst/out[0]
    SLICE_X7Y35          LUT1 (Prop_lut1_I0_O)        0.099     1.845 f  sha/reg_if_inst/sha_inst/core_inst/FSM_onehot_current_state[3]_i_2/O
                         net (fo=2220, routed)        0.269     2.114    sha/reg_if_inst/sha_inst/reset_sync_ff_reg[1]
    SLICE_X6Y34          FDCE                                         f  sha/reg_if_inst/sha_inst/block_reg_reg[186]/CLR
  -------------------------------------------------------------------    -------------------

                         (clock sys_clk rise edge)    0.000     0.000 r  
    W5                                                0.000     0.000 r  clk (IN)
                         net (fo=0)                   0.000     0.000    clk
    W5                   IBUF (Prop_ibuf_I_O)         0.414     0.414 r  clk_IBUF_inst/O
                         net (fo=1, routed)           0.685     1.099    clk_IBUF
    BUFGCTRL_X0Y0        BUFG (Prop_bufg_I_O)         0.029     1.128 r  clk_IBUF_BUFG_inst/O
                         net (fo=3069, routed)        0.858     1.985    sha/reg_if_inst/sha_inst/clk_IBUF_BUFG
    SLICE_X6Y34          FDCE                                         r  sha/reg_if_inst/sha_inst/block_reg_reg[186]/C
                         clock pessimism             -0.499     1.486    
    SLICE_X6Y34          FDCE (Remov_fdce_C_CLR)     -0.067     1.419    sha/reg_if_inst/sha_inst/block_reg_reg[186]
  -------------------------------------------------------------------
                         required time                         -1.419    
                         arrival time                           2.114    
  -------------------------------------------------------------------
                         slack                                  0.695    

Slack (MET) :             0.695ns  (arrival time - required time)
  Source:                 sha/reset_sync_ff_reg[1]/C
                            (rising edge-triggered cell FDCE clocked by sys_clk  {rise@0.000ns fall@5.000ns period=10.000ns})
  Destination:            sha/reg_if_inst/sha_inst/block_reg_reg[187]/CLR
                            (removal check against rising-edge clock sys_clk  {rise@0.000ns fall@5.000ns period=10.000ns})
  Path Group:             **async_default**
  Path Type:              Removal (Min at Fast Process Corner)
  Requirement:            0.000ns  (sys_clk rise@0.000ns - sys_clk rise@0.000ns)
  Data Path Delay:        0.642ns  (logic 0.227ns (35.370%)  route 0.415ns (64.630%))
  Logic Levels:           1  (LUT1=1)
  Clock Path Skew:        0.014ns (DCD - SCD - CPR)
    Destination Clock Delay (DCD):    1.985ns
    Source Clock Delay      (SCD):    1.472ns
    Clock Pessimism Removal (CPR):    0.499ns

    Location             Delay type                Incr(ns)  Path(ns)    Netlist Resource(s)
  -------------------------------------------------------------------    -------------------
                         (clock sys_clk rise edge)    0.000     0.000 r  
    W5                                                0.000     0.000 r  clk (IN)
                         net (fo=0)                   0.000     0.000    clk
    W5                   IBUF (Prop_ibuf_I_O)         0.226     0.226 r  clk_IBUF_inst/O
                         net (fo=1, routed)           0.631     0.858    clk_IBUF
    BUFGCTRL_X0Y0        BUFG (Prop_bufg_I_O)         0.026     0.884 r  clk_IBUF_BUFG_inst/O
                         net (fo=3069, routed)        0.589     1.472    sha/clk_IBUF_BUFG
    SLICE_X7Y35          FDCE                                         r  sha/reset_sync_ff_reg[1]/C
  -------------------------------------------------------------------    -------------------
    SLICE_X7Y35          FDCE (Prop_fdce_C_Q)         0.128     1.600 r  sha/reset_sync_ff_reg[1]/Q
                         net (fo=1, routed)           0.146     1.746    sha/reg_if_inst/sha_inst/core_inst/out[0]
    SLICE_X7Y35          LUT1 (Prop_lut1_I0_O)        0.099     1.845 f  sha/reg_if_inst/sha_inst/core_inst/FSM_onehot_current_state[3]_i_2/O
                         net (fo=2220, routed)        0.269     2.114    sha/reg_if_inst/sha_inst/reset_sync_ff_reg[1]
    SLICE_X6Y34          FDCE                                         f  sha/reg_if_inst/sha_inst/block_reg_reg[187]/CLR
  -------------------------------------------------------------------    -------------------

                         (clock sys_clk rise edge)    0.000     0.000 r  
    W5                                                0.000     0.000 r  clk (IN)
                         net (fo=0)                   0.000     0.000    clk
    W5                   IBUF (Prop_ibuf_I_O)         0.414     0.414 r  clk_IBUF_inst/O
                         net (fo=1, routed)           0.685     1.099    clk_IBUF
    BUFGCTRL_X0Y0        BUFG (Prop_bufg_I_O)         0.029     1.128 r  clk_IBUF_BUFG_inst/O
                         net (fo=3069, routed)        0.858     1.985    sha/reg_if_inst/sha_inst/clk_IBUF_BUFG
    SLICE_X6Y34          FDCE                                         r  sha/reg_if_inst/sha_inst/block_reg_reg[187]/C
                         clock pessimism             -0.499     1.486    
    SLICE_X6Y34          FDCE (Remov_fdce_C_CLR)     -0.067     1.419    sha/reg_if_inst/sha_inst/block_reg_reg[187]
  -------------------------------------------------------------------
                         required time                         -1.419    
                         arrival time                           2.114    
  -------------------------------------------------------------------
                         slack                                  0.695    

Slack (MET) :             0.695ns  (arrival time - required time)
  Source:                 sha/reset_sync_ff_reg[1]/C
                            (rising edge-triggered cell FDCE clocked by sys_clk  {rise@0.000ns fall@5.000ns period=10.000ns})
  Destination:            sha/reg_if_inst/sha_inst/block_reg_reg[218]/CLR
                            (removal check against rising-edge clock sys_clk  {rise@0.000ns fall@5.000ns period=10.000ns})
  Path Group:             **async_default**
  Path Type:              Removal (Min at Fast Process Corner)
  Requirement:            0.000ns  (sys_clk rise@0.000ns - sys_clk rise@0.000ns)
  Data Path Delay:        0.642ns  (logic 0.227ns (35.370%)  route 0.415ns (64.630%))
  Logic Levels:           1  (LUT1=1)
  Clock Path Skew:        0.014ns (DCD - SCD - CPR)
    Destination Clock Delay (DCD):    1.985ns
    Source Clock Delay      (SCD):    1.472ns
    Clock Pessimism Removal (CPR):    0.499ns

    Location             Delay type                Incr(ns)  Path(ns)    Netlist Resource(s)
  -------------------------------------------------------------------    -------------------
                         (clock sys_clk rise edge)    0.000     0.000 r  
    W5                                                0.000     0.000 r  clk (IN)
                         net (fo=0)                   0.000     0.000    clk
    W5                   IBUF (Prop_ibuf_I_O)         0.226     0.226 r  clk_IBUF_inst/O
                         net (fo=1, routed)           0.631     0.858    clk_IBUF
    BUFGCTRL_X0Y0        BUFG (Prop_bufg_I_O)         0.026     0.884 r  clk_IBUF_BUFG_inst/O
                         net (fo=3069, routed)        0.589     1.472    sha/clk_IBUF_BUFG
    SLICE_X7Y35          FDCE                                         r  sha/reset_sync_ff_reg[1]/C
  -------------------------------------------------------------------    -------------------
    SLICE_X7Y35          FDCE (Prop_fdce_C_Q)         0.128     1.600 r  sha/reset_sync_ff_reg[1]/Q
                         net (fo=1, routed)           0.146     1.746    sha/reg_if_inst/sha_inst/core_inst/out[0]
    SLICE_X7Y35          LUT1 (Prop_lut1_I0_O)        0.099     1.845 f  sha/reg_if_inst/sha_inst/core_inst/FSM_onehot_current_state[3]_i_2/O
                         net (fo=2220, routed)        0.269     2.114    sha/reg_if_inst/sha_inst/reset_sync_ff_reg[1]
    SLICE_X6Y34          FDCE                                         f  sha/reg_if_inst/sha_inst/block_reg_reg[218]/CLR
  -------------------------------------------------------------------    -------------------

                         (clock sys_clk rise edge)    0.000     0.000 r  
    W5                                                0.000     0.000 r  clk (IN)
                         net (fo=0)                   0.000     0.000    clk
    W5                   IBUF (Prop_ibuf_I_O)         0.414     0.414 r  clk_IBUF_inst/O
                         net (fo=1, routed)           0.685     1.099    clk_IBUF
    BUFGCTRL_X0Y0        BUFG (Prop_bufg_I_O)         0.029     1.128 r  clk_IBUF_BUFG_inst/O
                         net (fo=3069, routed)        0.858     1.985    sha/reg_if_inst/sha_inst/clk_IBUF_BUFG
    SLICE_X6Y34          FDCE                                         r  sha/reg_if_inst/sha_inst/block_reg_reg[218]/C
                         clock pessimism             -0.499     1.486    
    SLICE_X6Y34          FDCE (Remov_fdce_C_CLR)     -0.067     1.419    sha/reg_if_inst/sha_inst/block_reg_reg[218]
  -------------------------------------------------------------------
                         required time                         -1.419    
                         arrival time                           2.114    
  -------------------------------------------------------------------
                         slack                                  0.695    

Slack (MET) :             0.695ns  (arrival time - required time)
  Source:                 sha/reset_sync_ff_reg[1]/C
                            (rising edge-triggered cell FDCE clocked by sys_clk  {rise@0.000ns fall@5.000ns period=10.000ns})
  Destination:            sha/reg_if_inst/sha_inst/block_reg_reg[475]/CLR
                            (removal check against rising-edge clock sys_clk  {rise@0.000ns fall@5.000ns period=10.000ns})
  Path Group:             **async_default**
  Path Type:              Removal (Min at Fast Process Corner)
  Requirement:            0.000ns  (sys_clk rise@0.000ns - sys_clk rise@0.000ns)
  Data Path Delay:        0.642ns  (logic 0.227ns (35.370%)  route 0.415ns (64.630%))
  Logic Levels:           1  (LUT1=1)
  Clock Path Skew:        0.014ns (DCD - SCD - CPR)
    Destination Clock Delay (DCD):    1.985ns
    Source Clock Delay      (SCD):    1.472ns
    Clock Pessimism Removal (CPR):    0.499ns

    Location             Delay type                Incr(ns)  Path(ns)    Netlist Resource(s)
  -------------------------------------------------------------------    -------------------
                         (clock sys_clk rise edge)    0.000     0.000 r  
    W5                                                0.000     0.000 r  clk (IN)
                         net (fo=0)                   0.000     0.000    clk
    W5                   IBUF (Prop_ibuf_I_O)         0.226     0.226 r  clk_IBUF_inst/O
                         net (fo=1, routed)           0.631     0.858    clk_IBUF
    BUFGCTRL_X0Y0        BUFG (Prop_bufg_I_O)         0.026     0.884 r  clk_IBUF_BUFG_inst/O
                         net (fo=3069, routed)        0.589     1.472    sha/clk_IBUF_BUFG
    SLICE_X7Y35          FDCE                                         r  sha/reset_sync_ff_reg[1]/C
  -------------------------------------------------------------------    -------------------
    SLICE_X7Y35          FDCE (Prop_fdce_C_Q)         0.128     1.600 r  sha/reset_sync_ff_reg[1]/Q
                         net (fo=1, routed)           0.146     1.746    sha/reg_if_inst/sha_inst/core_inst/out[0]
    SLICE_X7Y35          LUT1 (Prop_lut1_I0_O)        0.099     1.845 f  sha/reg_if_inst/sha_inst/core_inst/FSM_onehot_current_state[3]_i_2/O
                         net (fo=2220, routed)        0.269     2.114    sha/reg_if_inst/sha_inst/reset_sync_ff_reg[1]
    SLICE_X6Y34          FDCE                                         f  sha/reg_if_inst/sha_inst/block_reg_reg[475]/CLR
  -------------------------------------------------------------------    -------------------

                         (clock sys_clk rise edge)    0.000     0.000 r  
    W5                                                0.000     0.000 r  clk (IN)
                         net (fo=0)                   0.000     0.000    clk
    W5                   IBUF (Prop_ibuf_I_O)         0.414     0.414 r  clk_IBUF_inst/O
                         net (fo=1, routed)           0.685     1.099    clk_IBUF
    BUFGCTRL_X0Y0        BUFG (Prop_bufg_I_O)         0.029     1.128 r  clk_IBUF_BUFG_inst/O
                         net (fo=3069, routed)        0.858     1.985    sha/reg_if_inst/sha_inst/clk_IBUF_BUFG
    SLICE_X6Y34          FDCE                                         r  sha/reg_if_inst/sha_inst/block_reg_reg[475]/C
                         clock pessimism             -0.499     1.486    
    SLICE_X6Y34          FDCE (Remov_fdce_C_CLR)     -0.067     1.419    sha/reg_if_inst/sha_inst/block_reg_reg[475]
  -------------------------------------------------------------------
                         required time                         -1.419    
                         arrival time                           2.114    
  -------------------------------------------------------------------
                         slack                                  0.695    

Slack (MET) :             0.695ns  (arrival time - required time)
  Source:                 sha/reset_sync_ff_reg[1]/C
                            (rising edge-triggered cell FDCE clocked by sys_clk  {rise@0.000ns fall@5.000ns period=10.000ns})
  Destination:            sha/reg_if_inst/sha_inst/block_reg_reg[90]/CLR
                            (removal check against rising-edge clock sys_clk  {rise@0.000ns fall@5.000ns period=10.000ns})
  Path Group:             **async_default**
  Path Type:              Removal (Min at Fast Process Corner)
  Requirement:            0.000ns  (sys_clk rise@0.000ns - sys_clk rise@0.000ns)
  Data Path Delay:        0.642ns  (logic 0.227ns (35.370%)  route 0.415ns (64.630%))
  Logic Levels:           1  (LUT1=1)
  Clock Path Skew:        0.014ns (DCD - SCD - CPR)
    Destination Clock Delay (DCD):    1.985ns
    Source Clock Delay      (SCD):    1.472ns
    Clock Pessimism Removal (CPR):    0.499ns

    Location             Delay type                Incr(ns)  Path(ns)    Netlist Resource(s)
  -------------------------------------------------------------------    -------------------
                         (clock sys_clk rise edge)    0.000     0.000 r  
    W5                                                0.000     0.000 r  clk (IN)
                         net (fo=0)                   0.000     0.000    clk
    W5                   IBUF (Prop_ibuf_I_O)         0.226     0.226 r  clk_IBUF_inst/O
                         net (fo=1, routed)           0.631     0.858    clk_IBUF
    BUFGCTRL_X0Y0        BUFG (Prop_bufg_I_O)         0.026     0.884 r  clk_IBUF_BUFG_inst/O
                         net (fo=3069, routed)        0.589     1.472    sha/clk_IBUF_BUFG
    SLICE_X7Y35          FDCE                                         r  sha/reset_sync_ff_reg[1]/C
  -------------------------------------------------------------------    -------------------
    SLICE_X7Y35          FDCE (Prop_fdce_C_Q)         0.128     1.600 r  sha/reset_sync_ff_reg[1]/Q
                         net (fo=1, routed)           0.146     1.746    sha/reg_if_inst/sha_inst/core_inst/out[0]
    SLICE_X7Y35          LUT1 (Prop_lut1_I0_O)        0.099     1.845 f  sha/reg_if_inst/sha_inst/core_inst/FSM_onehot_current_state[3]_i_2/O
                         net (fo=2220, routed)        0.269     2.114    sha/reg_if_inst/sha_inst/reset_sync_ff_reg[1]
    SLICE_X6Y34          FDCE                                         f  sha/reg_if_inst/sha_inst/block_reg_reg[90]/CLR
  -------------------------------------------------------------------    -------------------

                         (clock sys_clk rise edge)    0.000     0.000 r  
    W5                                                0.000     0.000 r  clk (IN)
                         net (fo=0)                   0.000     0.000    clk
    W5                   IBUF (Prop_ibuf_I_O)         0.414     0.414 r  clk_IBUF_inst/O
                         net (fo=1, routed)           0.685     1.099    clk_IBUF
    BUFGCTRL_X0Y0        BUFG (Prop_bufg_I_O)         0.029     1.128 r  clk_IBUF_BUFG_inst/O
                         net (fo=3069, routed)        0.858     1.985    sha/reg_if_inst/sha_inst/clk_IBUF_BUFG
    SLICE_X6Y34          FDCE                                         r  sha/reg_if_inst/sha_inst/block_reg_reg[90]/C
                         clock pessimism             -0.499     1.486    
    SLICE_X6Y34          FDCE (Remov_fdce_C_CLR)     -0.067     1.419    sha/reg_if_inst/sha_inst/block_reg_reg[90]
  -------------------------------------------------------------------
                         required time                         -1.419    
                         arrival time                           2.114    
  -------------------------------------------------------------------
                         slack                                  0.695    





--------------------------------------------------------------------------------------
Path Group:  (none)
From Clock:  sys_clk
  To Clock:  

Max Delay             1 Endpoint
Min Delay             1 Endpoint
--------------------------------------------------------------------------------------


Max Delay Paths
--------------------------------------------------------------------------------------
Slack:                    inf
  Source:                 cpu/picorv32_core/trap_reg_lopt_replica/C
                            (rising edge-triggered cell FDRE clocked by sys_clk  {rise@0.000ns fall@5.000ns period=10.000ns})
  Destination:            trap
                            (output port)
  Path Group:             (none)
  Path Type:              Max at Slow Process Corner
  Data Path Delay:        5.627ns  (logic 3.243ns (57.629%)  route 2.384ns (42.371%))
  Logic Levels:           1  (OBUF=1)
  Clock Uncertainty:      0.025ns  ((TSJ^2 + TIJ^2)^1/2 + DJ) / 2 + PE
    Total System Jitter     (TSJ):    0.050ns
    Total Input Jitter      (TIJ):    0.000ns
    Discrete Jitter          (DJ):    0.000ns
    Phase Error              (PE):    0.000ns

    Location             Delay type                Incr(ns)  Path(ns)    Netlist Resource(s)
  -------------------------------------------------------------------    -------------------
                         (clock sys_clk rise edge)    0.000     0.000 r  
    W5                                                0.000     0.000 r  clk (IN)
                         net (fo=0)                   0.000     0.000    clk
    W5                   IBUF (Prop_ibuf_I_O)         1.458     1.458 r  clk_IBUF_inst/O
                         net (fo=1, routed)           1.967     3.425    clk_IBUF
    BUFGCTRL_X0Y0        BUFG (Prop_bufg_I_O)         0.096     3.521 r  clk_IBUF_BUFG_inst/O
                         net (fo=3069, routed)        1.564     5.085    cpu/picorv32_core/clk_IBUF_BUFG
    SLICE_X14Y13         FDRE                                         r  cpu/picorv32_core/trap_reg_lopt_replica/C
  -------------------------------------------------------------------    -------------------
    SLICE_X14Y13         FDRE (Prop_fdre_C_Q)         0.478     5.563 r  cpu/picorv32_core/trap_reg_lopt_replica/Q
                         net (fo=1, routed)           2.384     7.947    lopt
    V14                  OBUF (Prop_obuf_I_O)         2.765    10.712 r  trap_OBUF_inst/O
                         net (fo=0)                   0.000    10.712    trap
    V14                                                               r  trap (OUT)
  -------------------------------------------------------------------    -------------------





Min Delay Paths
--------------------------------------------------------------------------------------
Slack:                    inf
  Source:                 cpu/picorv32_core/trap_reg_lopt_replica/C
                            (rising edge-triggered cell FDRE clocked by sys_clk  {rise@0.000ns fall@5.000ns period=10.000ns})
  Destination:            trap
                            (output port)
  Path Group:             (none)
  Path Type:              Min at Fast Process Corner
  Data Path Delay:        1.998ns  (logic 1.312ns (65.660%)  route 0.686ns (34.340%))
  Logic Levels:           1  (OBUF=1)
  Clock Uncertainty:      0.025ns  ((TSJ^2 + TIJ^2)^1/2 + DJ) / 2 + PE
    Total System Jitter     (TSJ):    0.050ns
    Total Input Jitter      (TIJ):    0.000ns
    Discrete Jitter          (DJ):    0.000ns
    Phase Error              (PE):    0.000ns

    Location             Delay type                Incr(ns)  Path(ns)    Netlist Resource(s)
  -------------------------------------------------------------------    -------------------
                         (clock sys_clk rise edge)    0.000     0.000 r  
    W5                                                0.000     0.000 r  clk (IN)
                         net (fo=0)                   0.000     0.000    clk
    W5                   IBUF (Prop_ibuf_I_O)         0.226     0.226 r  clk_IBUF_inst/O
                         net (fo=1, routed)           0.631     0.858    clk_IBUF
    BUFGCTRL_X0Y0        BUFG (Prop_bufg_I_O)         0.026     0.884 r  clk_IBUF_BUFG_inst/O
                         net (fo=3069, routed)        0.562     1.445    cpu/picorv32_core/clk_IBUF_BUFG
    SLICE_X14Y13         FDRE                                         r  cpu/picorv32_core/trap_reg_lopt_replica/C
  -------------------------------------------------------------------    -------------------
    SLICE_X14Y13         FDRE (Prop_fdre_C_Q)         0.148     1.593 r  cpu/picorv32_core/trap_reg_lopt_replica/Q
                         net (fo=1, routed)           0.686     2.279    lopt
    V14                  OBUF (Prop_obuf_I_O)         1.164     3.443 r  trap_OBUF_inst/O
                         net (fo=0)                   0.000     3.443    trap
    V14                                                               r  trap (OUT)
  -------------------------------------------------------------------    -------------------





--------------------------------------------------------------------------------------
Path Group:  (none)
From Clock:  
  To Clock:  sys_clk

Max Delay           752 Endpoints
Min Delay           752 Endpoints
--------------------------------------------------------------------------------------


Max Delay Paths
--------------------------------------------------------------------------------------
Slack:                    inf
  Source:                 reset_n
                            (input port)
  Destination:            decoder/awaddr_reg_reg[10]/CLR
                            (recovery check against rising-edge clock sys_clk  {rise@0.000ns fall@5.000ns period=10.000ns})
  Path Group:             (none)
  Path Type:              Recovery (Max at Slow Process Corner)
  Data Path Delay:        8.654ns  (logic 1.060ns (12.253%)  route 7.593ns (87.747%))
  Logic Levels:           2  (IBUF=1 LUT1=1)
  Clock Path Skew:        4.786ns (DCD - SCD + CPR)
    Destination Clock Delay (DCD):    4.786ns
    Source Clock Delay      (SCD):    0.000ns
    Clock Pessimism Removal (CPR):    0.000ns
  Clock Uncertainty:      0.025ns  ((TSJ^2 + TIJ^2)^1/2 + DJ) / 2 + PE
    Total System Jitter     (TSJ):    0.050ns
    Total Input Jitter      (TIJ):    0.000ns
    Discrete Jitter          (DJ):    0.000ns
    Phase Error              (PE):    0.000ns

    Location             Delay type                Incr(ns)  Path(ns)    Netlist Resource(s)
  -------------------------------------------------------------------    -------------------
    U14                                               0.000     0.000 r  reset_n (IN)
                         net (fo=0)                   0.000     0.000    reset_n
    U14                  IBUF (Prop_ibuf_I_O)         0.936     0.936 r  reset_n_IBUF_inst/O
                         net (fo=37, routed)          1.412     2.348    cpu/picorv32_core/reset_n_IBUF
    SLICE_X4Y1           LUT1 (Prop_lut1_I0_O)        0.124     2.472 f  cpu/picorv32_core/latched_rd[4]_i_1/O
                         net (fo=409, routed)         6.182     8.654    decoder/wdata_reg_reg[31]_1
    SLICE_X8Y36          FDCE                                         f  decoder/awaddr_reg_reg[10]/CLR
  -------------------------------------------------------------------    -------------------

                         (clock sys_clk rise edge)    0.000     0.000 r  
    W5                                                0.000     0.000 r  clk (IN)
                         net (fo=0)                   0.000     0.000    clk
    W5                   IBUF (Prop_ibuf_I_O)         1.388     1.388 r  clk_IBUF_inst/O
                         net (fo=1, routed)           1.862     3.250    clk_IBUF
    BUFGCTRL_X0Y0        BUFG (Prop_bufg_I_O)         0.091     3.341 r  clk_IBUF_BUFG_inst/O
                         net (fo=3069, routed)        1.445     4.786    decoder/clk_IBUF_BUFG
    SLICE_X8Y36          FDCE                                         r  decoder/awaddr_reg_reg[10]/C

Slack:                    inf
  Source:                 reset_n
                            (input port)
  Destination:            decoder/awaddr_reg_reg[11]/CLR
                            (recovery check against rising-edge clock sys_clk  {rise@0.000ns fall@5.000ns period=10.000ns})
  Path Group:             (none)
  Path Type:              Recovery (Max at Slow Process Corner)
  Data Path Delay:        8.654ns  (logic 1.060ns (12.253%)  route 7.593ns (87.747%))
  Logic Levels:           2  (IBUF=1 LUT1=1)
  Clock Path Skew:        4.786ns (DCD - SCD + CPR)
    Destination Clock Delay (DCD):    4.786ns
    Source Clock Delay      (SCD):    0.000ns
    Clock Pessimism Removal (CPR):    0.000ns
  Clock Uncertainty:      0.025ns  ((TSJ^2 + TIJ^2)^1/2 + DJ) / 2 + PE
    Total System Jitter     (TSJ):    0.050ns
    Total Input Jitter      (TIJ):    0.000ns
    Discrete Jitter          (DJ):    0.000ns
    Phase Error              (PE):    0.000ns

    Location             Delay type                Incr(ns)  Path(ns)    Netlist Resource(s)
  -------------------------------------------------------------------    -------------------
    U14                                               0.000     0.000 r  reset_n (IN)
                         net (fo=0)                   0.000     0.000    reset_n
    U14                  IBUF (Prop_ibuf_I_O)         0.936     0.936 r  reset_n_IBUF_inst/O
                         net (fo=37, routed)          1.412     2.348    cpu/picorv32_core/reset_n_IBUF
    SLICE_X4Y1           LUT1 (Prop_lut1_I0_O)        0.124     2.472 f  cpu/picorv32_core/latched_rd[4]_i_1/O
                         net (fo=409, routed)         6.182     8.654    decoder/wdata_reg_reg[31]_1
    SLICE_X8Y36          FDCE                                         f  decoder/awaddr_reg_reg[11]/CLR
  -------------------------------------------------------------------    -------------------

                         (clock sys_clk rise edge)    0.000     0.000 r  
    W5                                                0.000     0.000 r  clk (IN)
                         net (fo=0)                   0.000     0.000    clk
    W5                   IBUF (Prop_ibuf_I_O)         1.388     1.388 r  clk_IBUF_inst/O
                         net (fo=1, routed)           1.862     3.250    clk_IBUF
    BUFGCTRL_X0Y0        BUFG (Prop_bufg_I_O)         0.091     3.341 r  clk_IBUF_BUFG_inst/O
                         net (fo=3069, routed)        1.445     4.786    decoder/clk_IBUF_BUFG
    SLICE_X8Y36          FDCE                                         r  decoder/awaddr_reg_reg[11]/C

Slack:                    inf
  Source:                 reset_n
                            (input port)
  Destination:            decoder/awaddr_reg_reg[12]/CLR
                            (recovery check against rising-edge clock sys_clk  {rise@0.000ns fall@5.000ns period=10.000ns})
  Path Group:             (none)
  Path Type:              Recovery (Max at Slow Process Corner)
  Data Path Delay:        8.654ns  (logic 1.060ns (12.253%)  route 7.593ns (87.747%))
  Logic Levels:           2  (IBUF=1 LUT1=1)
  Clock Path Skew:        4.786ns (DCD - SCD + CPR)
    Destination Clock Delay (DCD):    4.786ns
    Source Clock Delay      (SCD):    0.000ns
    Clock Pessimism Removal (CPR):    0.000ns
  Clock Uncertainty:      0.025ns  ((TSJ^2 + TIJ^2)^1/2 + DJ) / 2 + PE
    Total System Jitter     (TSJ):    0.050ns
    Total Input Jitter      (TIJ):    0.000ns
    Discrete Jitter          (DJ):    0.000ns
    Phase Error              (PE):    0.000ns

    Location             Delay type                Incr(ns)  Path(ns)    Netlist Resource(s)
  -------------------------------------------------------------------    -------------------
    U14                                               0.000     0.000 r  reset_n (IN)
                         net (fo=0)                   0.000     0.000    reset_n
    U14                  IBUF (Prop_ibuf_I_O)         0.936     0.936 r  reset_n_IBUF_inst/O
                         net (fo=37, routed)          1.412     2.348    cpu/picorv32_core/reset_n_IBUF
    SLICE_X4Y1           LUT1 (Prop_lut1_I0_O)        0.124     2.472 f  cpu/picorv32_core/latched_rd[4]_i_1/O
                         net (fo=409, routed)         6.182     8.654    decoder/wdata_reg_reg[31]_1
    SLICE_X8Y36          FDCE                                         f  decoder/awaddr_reg_reg[12]/CLR
  -------------------------------------------------------------------    -------------------

                         (clock sys_clk rise edge)    0.000     0.000 r  
    W5                                                0.000     0.000 r  clk (IN)
                         net (fo=0)                   0.000     0.000    clk
    W5                   IBUF (Prop_ibuf_I_O)         1.388     1.388 r  clk_IBUF_inst/O
                         net (fo=1, routed)           1.862     3.250    clk_IBUF
    BUFGCTRL_X0Y0        BUFG (Prop_bufg_I_O)         0.091     3.341 r  clk_IBUF_BUFG_inst/O
                         net (fo=3069, routed)        1.445     4.786    decoder/clk_IBUF_BUFG
    SLICE_X8Y36          FDCE                                         r  decoder/awaddr_reg_reg[12]/C

Slack:                    inf
  Source:                 reset_n
                            (input port)
  Destination:            decoder/awaddr_reg_reg[13]/CLR
                            (recovery check against rising-edge clock sys_clk  {rise@0.000ns fall@5.000ns period=10.000ns})
  Path Group:             (none)
  Path Type:              Recovery (Max at Slow Process Corner)
  Data Path Delay:        8.654ns  (logic 1.060ns (12.253%)  route 7.593ns (87.747%))
  Logic Levels:           2  (IBUF=1 LUT1=1)
  Clock Path Skew:        4.786ns (DCD - SCD + CPR)
    Destination Clock Delay (DCD):    4.786ns
    Source Clock Delay      (SCD):    0.000ns
    Clock Pessimism Removal (CPR):    0.000ns
  Clock Uncertainty:      0.025ns  ((TSJ^2 + TIJ^2)^1/2 + DJ) / 2 + PE
    Total System Jitter     (TSJ):    0.050ns
    Total Input Jitter      (TIJ):    0.000ns
    Discrete Jitter          (DJ):    0.000ns
    Phase Error              (PE):    0.000ns

    Location             Delay type                Incr(ns)  Path(ns)    Netlist Resource(s)
  -------------------------------------------------------------------    -------------------
    U14                                               0.000     0.000 r  reset_n (IN)
                         net (fo=0)                   0.000     0.000    reset_n
    U14                  IBUF (Prop_ibuf_I_O)         0.936     0.936 r  reset_n_IBUF_inst/O
                         net (fo=37, routed)          1.412     2.348    cpu/picorv32_core/reset_n_IBUF
    SLICE_X4Y1           LUT1 (Prop_lut1_I0_O)        0.124     2.472 f  cpu/picorv32_core/latched_rd[4]_i_1/O
                         net (fo=409, routed)         6.182     8.654    decoder/wdata_reg_reg[31]_1
    SLICE_X8Y36          FDCE                                         f  decoder/awaddr_reg_reg[13]/CLR
  -------------------------------------------------------------------    -------------------

                         (clock sys_clk rise edge)    0.000     0.000 r  
    W5                                                0.000     0.000 r  clk (IN)
                         net (fo=0)                   0.000     0.000    clk
    W5                   IBUF (Prop_ibuf_I_O)         1.388     1.388 r  clk_IBUF_inst/O
                         net (fo=1, routed)           1.862     3.250    clk_IBUF
    BUFGCTRL_X0Y0        BUFG (Prop_bufg_I_O)         0.091     3.341 r  clk_IBUF_BUFG_inst/O
                         net (fo=3069, routed)        1.445     4.786    decoder/clk_IBUF_BUFG
    SLICE_X8Y36          FDCE                                         r  decoder/awaddr_reg_reg[13]/C

Slack:                    inf
  Source:                 reset_n
                            (input port)
  Destination:            decoder/awaddr_reg_reg[14]/CLR
                            (recovery check against rising-edge clock sys_clk  {rise@0.000ns fall@5.000ns period=10.000ns})
  Path Group:             (none)
  Path Type:              Recovery (Max at Slow Process Corner)
  Data Path Delay:        8.654ns  (logic 1.060ns (12.253%)  route 7.593ns (87.747%))
  Logic Levels:           2  (IBUF=1 LUT1=1)
  Clock Path Skew:        4.786ns (DCD - SCD + CPR)
    Destination Clock Delay (DCD):    4.786ns
    Source Clock Delay      (SCD):    0.000ns
    Clock Pessimism Removal (CPR):    0.000ns
  Clock Uncertainty:      0.025ns  ((TSJ^2 + TIJ^2)^1/2 + DJ) / 2 + PE
    Total System Jitter     (TSJ):    0.050ns
    Total Input Jitter      (TIJ):    0.000ns
    Discrete Jitter          (DJ):    0.000ns
    Phase Error              (PE):    0.000ns

    Location             Delay type                Incr(ns)  Path(ns)    Netlist Resource(s)
  -------------------------------------------------------------------    -------------------
    U14                                               0.000     0.000 r  reset_n (IN)
                         net (fo=0)                   0.000     0.000    reset_n
    U14                  IBUF (Prop_ibuf_I_O)         0.936     0.936 r  reset_n_IBUF_inst/O
                         net (fo=37, routed)          1.412     2.348    cpu/picorv32_core/reset_n_IBUF
    SLICE_X4Y1           LUT1 (Prop_lut1_I0_O)        0.124     2.472 f  cpu/picorv32_core/latched_rd[4]_i_1/O
                         net (fo=409, routed)         6.182     8.654    decoder/wdata_reg_reg[31]_1
    SLICE_X8Y36          FDCE                                         f  decoder/awaddr_reg_reg[14]/CLR
  -------------------------------------------------------------------    -------------------

                         (clock sys_clk rise edge)    0.000     0.000 r  
    W5                                                0.000     0.000 r  clk (IN)
                         net (fo=0)                   0.000     0.000    clk
    W5                   IBUF (Prop_ibuf_I_O)         1.388     1.388 r  clk_IBUF_inst/O
                         net (fo=1, routed)           1.862     3.250    clk_IBUF
    BUFGCTRL_X0Y0        BUFG (Prop_bufg_I_O)         0.091     3.341 r  clk_IBUF_BUFG_inst/O
                         net (fo=3069, routed)        1.445     4.786    decoder/clk_IBUF_BUFG
    SLICE_X8Y36          FDCE                                         r  decoder/awaddr_reg_reg[14]/C

Slack:                    inf
  Source:                 reset_n
                            (input port)
  Destination:            decoder/awaddr_reg_reg[15]/CLR
                            (recovery check against rising-edge clock sys_clk  {rise@0.000ns fall@5.000ns period=10.000ns})
  Path Group:             (none)
  Path Type:              Recovery (Max at Slow Process Corner)
  Data Path Delay:        8.654ns  (logic 1.060ns (12.253%)  route 7.593ns (87.747%))
  Logic Levels:           2  (IBUF=1 LUT1=1)
  Clock Path Skew:        4.786ns (DCD - SCD + CPR)
    Destination Clock Delay (DCD):    4.786ns
    Source Clock Delay      (SCD):    0.000ns
    Clock Pessimism Removal (CPR):    0.000ns
  Clock Uncertainty:      0.025ns  ((TSJ^2 + TIJ^2)^1/2 + DJ) / 2 + PE
    Total System Jitter     (TSJ):    0.050ns
    Total Input Jitter      (TIJ):    0.000ns
    Discrete Jitter          (DJ):    0.000ns
    Phase Error              (PE):    0.000ns

    Location             Delay type                Incr(ns)  Path(ns)    Netlist Resource(s)
  -------------------------------------------------------------------    -------------------
    U14                                               0.000     0.000 r  reset_n (IN)
                         net (fo=0)                   0.000     0.000    reset_n
    U14                  IBUF (Prop_ibuf_I_O)         0.936     0.936 r  reset_n_IBUF_inst/O
                         net (fo=37, routed)          1.412     2.348    cpu/picorv32_core/reset_n_IBUF
    SLICE_X4Y1           LUT1 (Prop_lut1_I0_O)        0.124     2.472 f  cpu/picorv32_core/latched_rd[4]_i_1/O
                         net (fo=409, routed)         6.182     8.654    decoder/wdata_reg_reg[31]_1
    SLICE_X8Y36          FDCE                                         f  decoder/awaddr_reg_reg[15]/CLR
  -------------------------------------------------------------------    -------------------

                         (clock sys_clk rise edge)    0.000     0.000 r  
    W5                                                0.000     0.000 r  clk (IN)
                         net (fo=0)                   0.000     0.000    clk
    W5                   IBUF (Prop_ibuf_I_O)         1.388     1.388 r  clk_IBUF_inst/O
                         net (fo=1, routed)           1.862     3.250    clk_IBUF
    BUFGCTRL_X0Y0        BUFG (Prop_bufg_I_O)         0.091     3.341 r  clk_IBUF_BUFG_inst/O
                         net (fo=3069, routed)        1.445     4.786    decoder/clk_IBUF_BUFG
    SLICE_X8Y36          FDCE                                         r  decoder/awaddr_reg_reg[15]/C

Slack:                    inf
  Source:                 reset_n
                            (input port)
  Destination:            decoder/awaddr_reg_reg[8]/CLR
                            (recovery check against rising-edge clock sys_clk  {rise@0.000ns fall@5.000ns period=10.000ns})
  Path Group:             (none)
  Path Type:              Recovery (Max at Slow Process Corner)
  Data Path Delay:        8.654ns  (logic 1.060ns (12.253%)  route 7.593ns (87.747%))
  Logic Levels:           2  (IBUF=1 LUT1=1)
  Clock Path Skew:        4.786ns (DCD - SCD + CPR)
    Destination Clock Delay (DCD):    4.786ns
    Source Clock Delay      (SCD):    0.000ns
    Clock Pessimism Removal (CPR):    0.000ns
  Clock Uncertainty:      0.025ns  ((TSJ^2 + TIJ^2)^1/2 + DJ) / 2 + PE
    Total System Jitter     (TSJ):    0.050ns
    Total Input Jitter      (TIJ):    0.000ns
    Discrete Jitter          (DJ):    0.000ns
    Phase Error              (PE):    0.000ns

    Location             Delay type                Incr(ns)  Path(ns)    Netlist Resource(s)
  -------------------------------------------------------------------    -------------------
    U14                                               0.000     0.000 r  reset_n (IN)
                         net (fo=0)                   0.000     0.000    reset_n
    U14                  IBUF (Prop_ibuf_I_O)         0.936     0.936 r  reset_n_IBUF_inst/O
                         net (fo=37, routed)          1.412     2.348    cpu/picorv32_core/reset_n_IBUF
    SLICE_X4Y1           LUT1 (Prop_lut1_I0_O)        0.124     2.472 f  cpu/picorv32_core/latched_rd[4]_i_1/O
                         net (fo=409, routed)         6.182     8.654    decoder/wdata_reg_reg[31]_1
    SLICE_X8Y36          FDCE                                         f  decoder/awaddr_reg_reg[8]/CLR
  -------------------------------------------------------------------    -------------------

                         (clock sys_clk rise edge)    0.000     0.000 r  
    W5                                                0.000     0.000 r  clk (IN)
                         net (fo=0)                   0.000     0.000    clk
    W5                   IBUF (Prop_ibuf_I_O)         1.388     1.388 r  clk_IBUF_inst/O
                         net (fo=1, routed)           1.862     3.250    clk_IBUF
    BUFGCTRL_X0Y0        BUFG (Prop_bufg_I_O)         0.091     3.341 r  clk_IBUF_BUFG_inst/O
                         net (fo=3069, routed)        1.445     4.786    decoder/clk_IBUF_BUFG
    SLICE_X8Y36          FDCE                                         r  decoder/awaddr_reg_reg[8]/C

Slack:                    inf
  Source:                 reset_n
                            (input port)
  Destination:            decoder/awaddr_reg_reg[9]/CLR
                            (recovery check against rising-edge clock sys_clk  {rise@0.000ns fall@5.000ns period=10.000ns})
  Path Group:             (none)
  Path Type:              Recovery (Max at Slow Process Corner)
  Data Path Delay:        8.654ns  (logic 1.060ns (12.253%)  route 7.593ns (87.747%))
  Logic Levels:           2  (IBUF=1 LUT1=1)
  Clock Path Skew:        4.786ns (DCD - SCD + CPR)
    Destination Clock Delay (DCD):    4.786ns
    Source Clock Delay      (SCD):    0.000ns
    Clock Pessimism Removal (CPR):    0.000ns
  Clock Uncertainty:      0.025ns  ((TSJ^2 + TIJ^2)^1/2 + DJ) / 2 + PE
    Total System Jitter     (TSJ):    0.050ns
    Total Input Jitter      (TIJ):    0.000ns
    Discrete Jitter          (DJ):    0.000ns
    Phase Error              (PE):    0.000ns

    Location             Delay type                Incr(ns)  Path(ns)    Netlist Resource(s)
  -------------------------------------------------------------------    -------------------
    U14                                               0.000     0.000 r  reset_n (IN)
                         net (fo=0)                   0.000     0.000    reset_n
    U14                  IBUF (Prop_ibuf_I_O)         0.936     0.936 r  reset_n_IBUF_inst/O
                         net (fo=37, routed)          1.412     2.348    cpu/picorv32_core/reset_n_IBUF
    SLICE_X4Y1           LUT1 (Prop_lut1_I0_O)        0.124     2.472 f  cpu/picorv32_core/latched_rd[4]_i_1/O
                         net (fo=409, routed)         6.182     8.654    decoder/wdata_reg_reg[31]_1
    SLICE_X8Y36          FDCE                                         f  decoder/awaddr_reg_reg[9]/CLR
  -------------------------------------------------------------------    -------------------

                         (clock sys_clk rise edge)    0.000     0.000 r  
    W5                                                0.000     0.000 r  clk (IN)
                         net (fo=0)                   0.000     0.000    clk
    W5                   IBUF (Prop_ibuf_I_O)         1.388     1.388 r  clk_IBUF_inst/O
                         net (fo=1, routed)           1.862     3.250    clk_IBUF
    BUFGCTRL_X0Y0        BUFG (Prop_bufg_I_O)         0.091     3.341 r  clk_IBUF_BUFG_inst/O
                         net (fo=3069, routed)        1.445     4.786    decoder/clk_IBUF_BUFG
    SLICE_X8Y36          FDCE                                         r  decoder/awaddr_reg_reg[9]/C

Slack:                    inf
  Source:                 reset_n
                            (input port)
  Destination:            ram/memory_reg_1_1/ENARDEN
                            (rising edge-triggered cell RAMB36E1 clocked by sys_clk  {rise@0.000ns fall@5.000ns period=10.000ns})
  Path Group:             (none)
  Path Type:              Setup (Max at Slow Process Corner)
  Data Path Delay:        8.470ns  (logic 1.308ns (15.447%)  route 7.161ns (84.553%))
  Logic Levels:           4  (IBUF=1 LUT2=1 LUT6=2)
  Clock Path Skew:        4.835ns (DCD - SCD + CPR)
    Destination Clock Delay (DCD):    4.835ns
    Source Clock Delay      (SCD):    0.000ns
    Clock Pessimism Removal (CPR):    0.000ns
  Clock Uncertainty:      0.025ns  ((TSJ^2 + TIJ^2)^1/2 + DJ) / 2 + PE
    Total System Jitter     (TSJ):    0.050ns
    Total Input Jitter      (TIJ):    0.000ns
    Discrete Jitter          (DJ):    0.000ns
    Phase Error              (PE):    0.000ns

    Location             Delay type                Incr(ns)  Path(ns)    Netlist Resource(s)
  -------------------------------------------------------------------    -------------------
    U14                                               0.000     0.000 r  reset_n (IN)
                         net (fo=0)                   0.000     0.000    reset_n
    U14                  IBUF (Prop_ibuf_I_O)         0.936     0.936 r  reset_n_IBUF_inst/O
                         net (fo=37, routed)          2.799     3.736    ram/reset_n_IBUF
    SLICE_X4Y22          LUT6 (Prop_lut6_I5_O)        0.124     3.860 r  ram/memory_reg_0_0_i_4/O
                         net (fo=1, routed)           0.417     4.277    ram/memory_reg_0_0_i_4_n_0
    SLICE_X4Y23          LUT6 (Prop_lut6_I1_O)        0.124     4.401 r  ram/memory_reg_0_0_i_1/O
                         net (fo=16, routed)          3.604     8.005    ram/p_8_out
    SLICE_X48Y2          LUT2 (Prop_lut2_I0_O)        0.124     8.129 r  ram/memory_reg_1_1_ENARDEN_cooolgate_en_gate_11/O
                         net (fo=1, routed)           0.341     8.470    ram/memory_reg_1_1_ENARDEN_cooolgate_en_sig_6
    RAMB36_X1Y0          RAMB36E1                                     r  ram/memory_reg_1_1/ENARDEN
  -------------------------------------------------------------------    -------------------

                         (clock sys_clk rise edge)    0.000     0.000 r  
    W5                                                0.000     0.000 r  clk (IN)
                         net (fo=0)                   0.000     0.000    clk
    W5                   IBUF (Prop_ibuf_I_O)         1.388     1.388 r  clk_IBUF_inst/O
                         net (fo=1, routed)           1.862     3.250    clk_IBUF
    BUFGCTRL_X0Y0        BUFG (Prop_bufg_I_O)         0.091     3.341 r  clk_IBUF_BUFG_inst/O
                         net (fo=3069, routed)        1.494     4.835    ram/clk_IBUF_BUFG
    RAMB36_X1Y0          RAMB36E1                                     r  ram/memory_reg_1_1/CLKARDCLK

Slack:                    inf
  Source:                 reset_n
                            (input port)
  Destination:            ram/memory_reg_0_0/ENARDEN
                            (rising edge-triggered cell RAMB36E1 clocked by sys_clk  {rise@0.000ns fall@5.000ns period=10.000ns})
  Path Group:             (none)
  Path Type:              Setup (Max at Slow Process Corner)
  Data Path Delay:        8.392ns  (logic 1.308ns (15.590%)  route 7.084ns (84.410%))
  Logic Levels:           4  (IBUF=1 LUT2=1 LUT6=2)
  Clock Path Skew:        4.834ns (DCD - SCD + CPR)
    Destination Clock Delay (DCD):    4.834ns
    Source Clock Delay      (SCD):    0.000ns
    Clock Pessimism Removal (CPR):    0.000ns
  Clock Uncertainty:      0.025ns  ((TSJ^2 + TIJ^2)^1/2 + DJ) / 2 + PE
    Total System Jitter     (TSJ):    0.050ns
    Total Input Jitter      (TIJ):    0.000ns
    Discrete Jitter          (DJ):    0.000ns
    Phase Error              (PE):    0.000ns

    Location             Delay type                Incr(ns)  Path(ns)    Netlist Resource(s)
  -------------------------------------------------------------------    -------------------
    U14                                               0.000     0.000 r  reset_n (IN)
                         net (fo=0)                   0.000     0.000    reset_n
    U14                  IBUF (Prop_ibuf_I_O)         0.936     0.936 r  reset_n_IBUF_inst/O
                         net (fo=37, routed)          2.799     3.736    ram/reset_n_IBUF
    SLICE_X4Y22          LUT6 (Prop_lut6_I5_O)        0.124     3.860 r  ram/memory_reg_0_0_i_4/O
                         net (fo=1, routed)           0.417     4.277    ram/memory_reg_0_0_i_4_n_0
    SLICE_X4Y23          LUT6 (Prop_lut6_I1_O)        0.124     4.401 r  ram/memory_reg_0_0_i_1/O
                         net (fo=16, routed)          3.369     7.769    ram/p_8_out
    SLICE_X48Y10         LUT2 (Prop_lut2_I1_O)        0.124     7.893 r  ram/memory_reg_0_0_ENARDEN_cooolgate_en_gate_1/O
                         net (fo=1, routed)           0.499     8.392    ram/memory_reg_0_0_ENARDEN_cooolgate_en_sig_1
    RAMB36_X1Y1          RAMB36E1                                     r  ram/memory_reg_0_0/ENARDEN
  -------------------------------------------------------------------    -------------------

                         (clock sys_clk rise edge)    0.000     0.000 r  
    W5                                                0.000     0.000 r  clk (IN)
                         net (fo=0)                   0.000     0.000    clk
    W5                   IBUF (Prop_ibuf_I_O)         1.388     1.388 r  clk_IBUF_inst/O
                         net (fo=1, routed)           1.862     3.250    clk_IBUF
    BUFGCTRL_X0Y0        BUFG (Prop_bufg_I_O)         0.091     3.341 r  clk_IBUF_BUFG_inst/O
                         net (fo=3069, routed)        1.493     4.834    ram/clk_IBUF_BUFG
    RAMB36_X1Y1          RAMB36E1                                     r  ram/memory_reg_0_0/CLKARDCLK

Slack:                    inf
  Source:                 reset_n
                            (input port)
  Destination:            ram/memory_reg_0_3/ENARDEN
                            (rising edge-triggered cell RAMB36E1 clocked by sys_clk  {rise@0.000ns fall@5.000ns period=10.000ns})
  Path Group:             (none)
  Path Type:              Setup (Max at Slow Process Corner)
  Data Path Delay:        8.389ns  (logic 1.302ns (15.524%)  route 7.087ns (84.476%))
  Logic Levels:           4  (IBUF=1 LUT2=1 LUT6=2)
  Clock Path Skew:        4.830ns (DCD - SCD + CPR)
    Destination Clock Delay (DCD):    4.830ns
    Source Clock Delay      (SCD):    0.000ns
    Clock Pessimism Removal (CPR):    0.000ns
  Clock Uncertainty:      0.025ns  ((TSJ^2 + TIJ^2)^1/2 + DJ) / 2 + PE
    Total System Jitter     (TSJ):    0.050ns
    Total Input Jitter      (TIJ):    0.000ns
    Discrete Jitter          (DJ):    0.000ns
    Phase Error              (PE):    0.000ns

    Location             Delay type                Incr(ns)  Path(ns)    Netlist Resource(s)
  -------------------------------------------------------------------    -------------------
    U14                                               0.000     0.000 r  reset_n (IN)
                         net (fo=0)                   0.000     0.000    reset_n
    U14                  IBUF (Prop_ibuf_I_O)         0.936     0.936 r  reset_n_IBUF_inst/O
                         net (fo=37, routed)          2.799     3.736    ram/reset_n_IBUF
    SLICE_X4Y22          LUT6 (Prop_lut6_I5_O)        0.124     3.860 r  ram/memory_reg_0_0_i_4/O
                         net (fo=1, routed)           0.417     4.277    ram/memory_reg_0_0_i_4_n_0
    SLICE_X4Y23          LUT6 (Prop_lut6_I1_O)        0.124     4.401 r  ram/memory_reg_0_0_i_1/O
                         net (fo=16, routed)          3.369     7.769    ram/p_8_out
    SLICE_X48Y10         LUT2 (Prop_lut2_I1_O)        0.118     7.887 r  ram/memory_reg_0_3_ENARDEN_cooolgate_en_gate_7/O
                         net (fo=1, routed)           0.502     8.389    ram/memory_reg_0_3_ENARDEN_cooolgate_en_sig_4
    RAMB36_X1Y2          RAMB36E1                                     r  ram/memory_reg_0_3/ENARDEN
  -------------------------------------------------------------------    -------------------

                         (clock sys_clk rise edge)    0.000     0.000 r  
    W5                                                0.000     0.000 r  clk (IN)
                         net (fo=0)                   0.000     0.000    clk
    W5                   IBUF (Prop_ibuf_I_O)         1.388     1.388 r  clk_IBUF_inst/O
                         net (fo=1, routed)           1.862     3.250    clk_IBUF
    BUFGCTRL_X0Y0        BUFG (Prop_bufg_I_O)         0.091     3.341 r  clk_IBUF_BUFG_inst/O
                         net (fo=3069, routed)        1.489     4.830    ram/clk_IBUF_BUFG
    RAMB36_X1Y2          RAMB36E1                                     r  ram/memory_reg_0_3/CLKARDCLK

Slack:                    inf
  Source:                 reset_n
                            (input port)
  Destination:            ram/awaddr_reg_reg[10]/CLR
                            (recovery check against rising-edge clock sys_clk  {rise@0.000ns fall@5.000ns period=10.000ns})
  Path Group:             (none)
  Path Type:              Recovery (Max at Slow Process Corner)
  Data Path Delay:        8.340ns  (logic 1.060ns (12.714%)  route 7.280ns (87.286%))
  Logic Levels:           2  (IBUF=1 LUT1=1)
  Clock Path Skew:        4.787ns (DCD - SCD + CPR)
    Destination Clock Delay (DCD):    4.787ns
    Source Clock Delay      (SCD):    0.000ns
    Clock Pessimism Removal (CPR):    0.000ns
  Clock Uncertainty:      0.025ns  ((TSJ^2 + TIJ^2)^1/2 + DJ) / 2 + PE
    Total System Jitter     (TSJ):    0.050ns
    Total Input Jitter      (TIJ):    0.000ns
    Discrete Jitter          (DJ):    0.000ns
    Phase Error              (PE):    0.000ns

    Location             Delay type                Incr(ns)  Path(ns)    Netlist Resource(s)
  -------------------------------------------------------------------    -------------------
    U14                                               0.000     0.000 r  reset_n (IN)
                         net (fo=0)                   0.000     0.000    reset_n
    U14                  IBUF (Prop_ibuf_I_O)         0.936     0.936 r  reset_n_IBUF_inst/O
                         net (fo=37, routed)          1.412     2.348    cpu/picorv32_core/reset_n_IBUF
    SLICE_X4Y1           LUT1 (Prop_lut1_I0_O)        0.124     2.472 f  cpu/picorv32_core/latched_rd[4]_i_1/O
                         net (fo=409, routed)         5.868     8.340    ram/awaddr_valid_reg_1
    SLICE_X10Y36         FDCE                                         f  ram/awaddr_reg_reg[10]/CLR
  -------------------------------------------------------------------    -------------------

                         (clock sys_clk rise edge)    0.000     0.000 r  
    W5                                                0.000     0.000 r  clk (IN)
                         net (fo=0)                   0.000     0.000    clk
    W5                   IBUF (Prop_ibuf_I_O)         1.388     1.388 r  clk_IBUF_inst/O
                         net (fo=1, routed)           1.862     3.250    clk_IBUF
    BUFGCTRL_X0Y0        BUFG (Prop_bufg_I_O)         0.091     3.341 r  clk_IBUF_BUFG_inst/O
                         net (fo=3069, routed)        1.446     4.787    ram/clk_IBUF_BUFG
    SLICE_X10Y36         FDCE                                         r  ram/awaddr_reg_reg[10]/C

Slack:                    inf
  Source:                 reset_n
                            (input port)
  Destination:            ram/awaddr_reg_reg[11]/CLR
                            (recovery check against rising-edge clock sys_clk  {rise@0.000ns fall@5.000ns period=10.000ns})
  Path Group:             (none)
  Path Type:              Recovery (Max at Slow Process Corner)
  Data Path Delay:        8.340ns  (logic 1.060ns (12.714%)  route 7.280ns (87.286%))
  Logic Levels:           2  (IBUF=1 LUT1=1)
  Clock Path Skew:        4.787ns (DCD - SCD + CPR)
    Destination Clock Delay (DCD):    4.787ns
    Source Clock Delay      (SCD):    0.000ns
    Clock Pessimism Removal (CPR):    0.000ns
  Clock Uncertainty:      0.025ns  ((TSJ^2 + TIJ^2)^1/2 + DJ) / 2 + PE
    Total System Jitter     (TSJ):    0.050ns
    Total Input Jitter      (TIJ):    0.000ns
    Discrete Jitter          (DJ):    0.000ns
    Phase Error              (PE):    0.000ns

    Location             Delay type                Incr(ns)  Path(ns)    Netlist Resource(s)
  -------------------------------------------------------------------    -------------------
    U14                                               0.000     0.000 r  reset_n (IN)
                         net (fo=0)                   0.000     0.000    reset_n
    U14                  IBUF (Prop_ibuf_I_O)         0.936     0.936 r  reset_n_IBUF_inst/O
                         net (fo=37, routed)          1.412     2.348    cpu/picorv32_core/reset_n_IBUF
    SLICE_X4Y1           LUT1 (Prop_lut1_I0_O)        0.124     2.472 f  cpu/picorv32_core/latched_rd[4]_i_1/O
                         net (fo=409, routed)         5.868     8.340    ram/awaddr_valid_reg_1
    SLICE_X10Y36         FDCE                                         f  ram/awaddr_reg_reg[11]/CLR
  -------------------------------------------------------------------    -------------------

                         (clock sys_clk rise edge)    0.000     0.000 r  
    W5                                                0.000     0.000 r  clk (IN)
                         net (fo=0)                   0.000     0.000    clk
    W5                   IBUF (Prop_ibuf_I_O)         1.388     1.388 r  clk_IBUF_inst/O
                         net (fo=1, routed)           1.862     3.250    clk_IBUF
    BUFGCTRL_X0Y0        BUFG (Prop_bufg_I_O)         0.091     3.341 r  clk_IBUF_BUFG_inst/O
                         net (fo=3069, routed)        1.446     4.787    ram/clk_IBUF_BUFG
    SLICE_X10Y36         FDCE                                         r  ram/awaddr_reg_reg[11]/C

Slack:                    inf
  Source:                 reset_n
                            (input port)
  Destination:            ram/awaddr_reg_reg[12]/CLR
                            (recovery check against rising-edge clock sys_clk  {rise@0.000ns fall@5.000ns period=10.000ns})
  Path Group:             (none)
  Path Type:              Recovery (Max at Slow Process Corner)
  Data Path Delay:        8.340ns  (logic 1.060ns (12.714%)  route 7.280ns (87.286%))
  Logic Levels:           2  (IBUF=1 LUT1=1)
  Clock Path Skew:        4.787ns (DCD - SCD + CPR)
    Destination Clock Delay (DCD):    4.787ns
    Source Clock Delay      (SCD):    0.000ns
    Clock Pessimism Removal (CPR):    0.000ns
  Clock Uncertainty:      0.025ns  ((TSJ^2 + TIJ^2)^1/2 + DJ) / 2 + PE
    Total System Jitter     (TSJ):    0.050ns
    Total Input Jitter      (TIJ):    0.000ns
    Discrete Jitter          (DJ):    0.000ns
    Phase Error              (PE):    0.000ns

    Location             Delay type                Incr(ns)  Path(ns)    Netlist Resource(s)
  -------------------------------------------------------------------    -------------------
    U14                                               0.000     0.000 r  reset_n (IN)
                         net (fo=0)                   0.000     0.000    reset_n
    U14                  IBUF (Prop_ibuf_I_O)         0.936     0.936 r  reset_n_IBUF_inst/O
                         net (fo=37, routed)          1.412     2.348    cpu/picorv32_core/reset_n_IBUF
    SLICE_X4Y1           LUT1 (Prop_lut1_I0_O)        0.124     2.472 f  cpu/picorv32_core/latched_rd[4]_i_1/O
                         net (fo=409, routed)         5.868     8.340    ram/awaddr_valid_reg_1
    SLICE_X10Y36         FDCE                                         f  ram/awaddr_reg_reg[12]/CLR
  -------------------------------------------------------------------    -------------------

                         (clock sys_clk rise edge)    0.000     0.000 r  
    W5                                                0.000     0.000 r  clk (IN)
                         net (fo=0)                   0.000     0.000    clk
    W5                   IBUF (Prop_ibuf_I_O)         1.388     1.388 r  clk_IBUF_inst/O
                         net (fo=1, routed)           1.862     3.250    clk_IBUF
    BUFGCTRL_X0Y0        BUFG (Prop_bufg_I_O)         0.091     3.341 r  clk_IBUF_BUFG_inst/O
                         net (fo=3069, routed)        1.446     4.787    ram/clk_IBUF_BUFG
    SLICE_X10Y36         FDCE                                         r  ram/awaddr_reg_reg[12]/C

Slack:                    inf
  Source:                 reset_n
                            (input port)
  Destination:            ram/awaddr_reg_reg[13]/CLR
                            (recovery check against rising-edge clock sys_clk  {rise@0.000ns fall@5.000ns period=10.000ns})
  Path Group:             (none)
  Path Type:              Recovery (Max at Slow Process Corner)
  Data Path Delay:        8.340ns  (logic 1.060ns (12.714%)  route 7.280ns (87.286%))
  Logic Levels:           2  (IBUF=1 LUT1=1)
  Clock Path Skew:        4.787ns (DCD - SCD + CPR)
    Destination Clock Delay (DCD):    4.787ns
    Source Clock Delay      (SCD):    0.000ns
    Clock Pessimism Removal (CPR):    0.000ns
  Clock Uncertainty:      0.025ns  ((TSJ^2 + TIJ^2)^1/2 + DJ) / 2 + PE
    Total System Jitter     (TSJ):    0.050ns
    Total Input Jitter      (TIJ):    0.000ns
    Discrete Jitter          (DJ):    0.000ns
    Phase Error              (PE):    0.000ns

    Location             Delay type                Incr(ns)  Path(ns)    Netlist Resource(s)
  -------------------------------------------------------------------    -------------------
    U14                                               0.000     0.000 r  reset_n (IN)
                         net (fo=0)                   0.000     0.000    reset_n
    U14                  IBUF (Prop_ibuf_I_O)         0.936     0.936 r  reset_n_IBUF_inst/O
                         net (fo=37, routed)          1.412     2.348    cpu/picorv32_core/reset_n_IBUF
    SLICE_X4Y1           LUT1 (Prop_lut1_I0_O)        0.124     2.472 f  cpu/picorv32_core/latched_rd[4]_i_1/O
                         net (fo=409, routed)         5.868     8.340    ram/awaddr_valid_reg_1
    SLICE_X10Y36         FDCE                                         f  ram/awaddr_reg_reg[13]/CLR
  -------------------------------------------------------------------    -------------------

                         (clock sys_clk rise edge)    0.000     0.000 r  
    W5                                                0.000     0.000 r  clk (IN)
                         net (fo=0)                   0.000     0.000    clk
    W5                   IBUF (Prop_ibuf_I_O)         1.388     1.388 r  clk_IBUF_inst/O
                         net (fo=1, routed)           1.862     3.250    clk_IBUF
    BUFGCTRL_X0Y0        BUFG (Prop_bufg_I_O)         0.091     3.341 r  clk_IBUF_BUFG_inst/O
                         net (fo=3069, routed)        1.446     4.787    ram/clk_IBUF_BUFG
    SLICE_X10Y36         FDCE                                         r  ram/awaddr_reg_reg[13]/C

Slack:                    inf
  Source:                 reset_n
                            (input port)
  Destination:            ram/awaddr_reg_reg[14]/CLR
                            (recovery check against rising-edge clock sys_clk  {rise@0.000ns fall@5.000ns period=10.000ns})
  Path Group:             (none)
  Path Type:              Recovery (Max at Slow Process Corner)
  Data Path Delay:        8.340ns  (logic 1.060ns (12.714%)  route 7.280ns (87.286%))
  Logic Levels:           2  (IBUF=1 LUT1=1)
  Clock Path Skew:        4.787ns (DCD - SCD + CPR)
    Destination Clock Delay (DCD):    4.787ns
    Source Clock Delay      (SCD):    0.000ns
    Clock Pessimism Removal (CPR):    0.000ns
  Clock Uncertainty:      0.025ns  ((TSJ^2 + TIJ^2)^1/2 + DJ) / 2 + PE
    Total System Jitter     (TSJ):    0.050ns
    Total Input Jitter      (TIJ):    0.000ns
    Discrete Jitter          (DJ):    0.000ns
    Phase Error              (PE):    0.000ns

    Location             Delay type                Incr(ns)  Path(ns)    Netlist Resource(s)
  -------------------------------------------------------------------    -------------------
    U14                                               0.000     0.000 r  reset_n (IN)
                         net (fo=0)                   0.000     0.000    reset_n
    U14                  IBUF (Prop_ibuf_I_O)         0.936     0.936 r  reset_n_IBUF_inst/O
                         net (fo=37, routed)          1.412     2.348    cpu/picorv32_core/reset_n_IBUF
    SLICE_X4Y1           LUT1 (Prop_lut1_I0_O)        0.124     2.472 f  cpu/picorv32_core/latched_rd[4]_i_1/O
                         net (fo=409, routed)         5.868     8.340    ram/awaddr_valid_reg_1
    SLICE_X10Y36         FDCE                                         f  ram/awaddr_reg_reg[14]/CLR
  -------------------------------------------------------------------    -------------------

                         (clock sys_clk rise edge)    0.000     0.000 r  
    W5                                                0.000     0.000 r  clk (IN)
                         net (fo=0)                   0.000     0.000    clk
    W5                   IBUF (Prop_ibuf_I_O)         1.388     1.388 r  clk_IBUF_inst/O
                         net (fo=1, routed)           1.862     3.250    clk_IBUF
    BUFGCTRL_X0Y0        BUFG (Prop_bufg_I_O)         0.091     3.341 r  clk_IBUF_BUFG_inst/O
                         net (fo=3069, routed)        1.446     4.787    ram/clk_IBUF_BUFG
    SLICE_X10Y36         FDCE                                         r  ram/awaddr_reg_reg[14]/C

Slack:                    inf
  Source:                 reset_n
                            (input port)
  Destination:            ram/awaddr_reg_reg[15]/CLR
                            (recovery check against rising-edge clock sys_clk  {rise@0.000ns fall@5.000ns period=10.000ns})
  Path Group:             (none)
  Path Type:              Recovery (Max at Slow Process Corner)
  Data Path Delay:        8.340ns  (logic 1.060ns (12.714%)  route 7.280ns (87.286%))
  Logic Levels:           2  (IBUF=1 LUT1=1)
  Clock Path Skew:        4.787ns (DCD - SCD + CPR)
    Destination Clock Delay (DCD):    4.787ns
    Source Clock Delay      (SCD):    0.000ns
    Clock Pessimism Removal (CPR):    0.000ns
  Clock Uncertainty:      0.025ns  ((TSJ^2 + TIJ^2)^1/2 + DJ) / 2 + PE
    Total System Jitter     (TSJ):    0.050ns
    Total Input Jitter      (TIJ):    0.000ns
    Discrete Jitter          (DJ):    0.000ns
    Phase Error              (PE):    0.000ns

    Location             Delay type                Incr(ns)  Path(ns)    Netlist Resource(s)
  -------------------------------------------------------------------    -------------------
    U14                                               0.000     0.000 r  reset_n (IN)
                         net (fo=0)                   0.000     0.000    reset_n
    U14                  IBUF (Prop_ibuf_I_O)         0.936     0.936 r  reset_n_IBUF_inst/O
                         net (fo=37, routed)          1.412     2.348    cpu/picorv32_core/reset_n_IBUF
    SLICE_X4Y1           LUT1 (Prop_lut1_I0_O)        0.124     2.472 f  cpu/picorv32_core/latched_rd[4]_i_1/O
                         net (fo=409, routed)         5.868     8.340    ram/awaddr_valid_reg_1
    SLICE_X10Y36         FDCE                                         f  ram/awaddr_reg_reg[15]/CLR
  -------------------------------------------------------------------    -------------------

                         (clock sys_clk rise edge)    0.000     0.000 r  
    W5                                                0.000     0.000 r  clk (IN)
                         net (fo=0)                   0.000     0.000    clk
    W5                   IBUF (Prop_ibuf_I_O)         1.388     1.388 r  clk_IBUF_inst/O
                         net (fo=1, routed)           1.862     3.250    clk_IBUF
    BUFGCTRL_X0Y0        BUFG (Prop_bufg_I_O)         0.091     3.341 r  clk_IBUF_BUFG_inst/O
                         net (fo=3069, routed)        1.446     4.787    ram/clk_IBUF_BUFG
    SLICE_X10Y36         FDCE                                         r  ram/awaddr_reg_reg[15]/C

Slack:                    inf
  Source:                 reset_n
                            (input port)
  Destination:            ram/awaddr_reg_reg[8]/CLR
                            (recovery check against rising-edge clock sys_clk  {rise@0.000ns fall@5.000ns period=10.000ns})
  Path Group:             (none)
  Path Type:              Recovery (Max at Slow Process Corner)
  Data Path Delay:        8.340ns  (logic 1.060ns (12.714%)  route 7.280ns (87.286%))
  Logic Levels:           2  (IBUF=1 LUT1=1)
  Clock Path Skew:        4.787ns (DCD - SCD + CPR)
    Destination Clock Delay (DCD):    4.787ns
    Source Clock Delay      (SCD):    0.000ns
    Clock Pessimism Removal (CPR):    0.000ns
  Clock Uncertainty:      0.025ns  ((TSJ^2 + TIJ^2)^1/2 + DJ) / 2 + PE
    Total System Jitter     (TSJ):    0.050ns
    Total Input Jitter      (TIJ):    0.000ns
    Discrete Jitter          (DJ):    0.000ns
    Phase Error              (PE):    0.000ns

    Location             Delay type                Incr(ns)  Path(ns)    Netlist Resource(s)
  -------------------------------------------------------------------    -------------------
    U14                                               0.000     0.000 r  reset_n (IN)
                         net (fo=0)                   0.000     0.000    reset_n
    U14                  IBUF (Prop_ibuf_I_O)         0.936     0.936 r  reset_n_IBUF_inst/O
                         net (fo=37, routed)          1.412     2.348    cpu/picorv32_core/reset_n_IBUF
    SLICE_X4Y1           LUT1 (Prop_lut1_I0_O)        0.124     2.472 f  cpu/picorv32_core/latched_rd[4]_i_1/O
                         net (fo=409, routed)         5.868     8.340    ram/awaddr_valid_reg_1
    SLICE_X10Y36         FDCE                                         f  ram/awaddr_reg_reg[8]/CLR
  -------------------------------------------------------------------    -------------------

                         (clock sys_clk rise edge)    0.000     0.000 r  
    W5                                                0.000     0.000 r  clk (IN)
                         net (fo=0)                   0.000     0.000    clk
    W5                   IBUF (Prop_ibuf_I_O)         1.388     1.388 r  clk_IBUF_inst/O
                         net (fo=1, routed)           1.862     3.250    clk_IBUF
    BUFGCTRL_X0Y0        BUFG (Prop_bufg_I_O)         0.091     3.341 r  clk_IBUF_BUFG_inst/O
                         net (fo=3069, routed)        1.446     4.787    ram/clk_IBUF_BUFG
    SLICE_X10Y36         FDCE                                         r  ram/awaddr_reg_reg[8]/C

Slack:                    inf
  Source:                 reset_n
                            (input port)
  Destination:            ram/awaddr_reg_reg[9]/CLR
                            (recovery check against rising-edge clock sys_clk  {rise@0.000ns fall@5.000ns period=10.000ns})
  Path Group:             (none)
  Path Type:              Recovery (Max at Slow Process Corner)
  Data Path Delay:        8.340ns  (logic 1.060ns (12.714%)  route 7.280ns (87.286%))
  Logic Levels:           2  (IBUF=1 LUT1=1)
  Clock Path Skew:        4.787ns (DCD - SCD + CPR)
    Destination Clock Delay (DCD):    4.787ns
    Source Clock Delay      (SCD):    0.000ns
    Clock Pessimism Removal (CPR):    0.000ns
  Clock Uncertainty:      0.025ns  ((TSJ^2 + TIJ^2)^1/2 + DJ) / 2 + PE
    Total System Jitter     (TSJ):    0.050ns
    Total Input Jitter      (TIJ):    0.000ns
    Discrete Jitter          (DJ):    0.000ns
    Phase Error              (PE):    0.000ns

    Location             Delay type                Incr(ns)  Path(ns)    Netlist Resource(s)
  -------------------------------------------------------------------    -------------------
    U14                                               0.000     0.000 r  reset_n (IN)
                         net (fo=0)                   0.000     0.000    reset_n
    U14                  IBUF (Prop_ibuf_I_O)         0.936     0.936 r  reset_n_IBUF_inst/O
                         net (fo=37, routed)          1.412     2.348    cpu/picorv32_core/reset_n_IBUF
    SLICE_X4Y1           LUT1 (Prop_lut1_I0_O)        0.124     2.472 f  cpu/picorv32_core/latched_rd[4]_i_1/O
                         net (fo=409, routed)         5.868     8.340    ram/awaddr_valid_reg_1
    SLICE_X10Y36         FDCE                                         f  ram/awaddr_reg_reg[9]/CLR
  -------------------------------------------------------------------    -------------------

                         (clock sys_clk rise edge)    0.000     0.000 r  
    W5                                                0.000     0.000 r  clk (IN)
                         net (fo=0)                   0.000     0.000    clk
    W5                   IBUF (Prop_ibuf_I_O)         1.388     1.388 r  clk_IBUF_inst/O
                         net (fo=1, routed)           1.862     3.250    clk_IBUF
    BUFGCTRL_X0Y0        BUFG (Prop_bufg_I_O)         0.091     3.341 r  clk_IBUF_BUFG_inst/O
                         net (fo=3069, routed)        1.446     4.787    ram/clk_IBUF_BUFG
    SLICE_X10Y36         FDCE                                         r  ram/awaddr_reg_reg[9]/C

Slack:                    inf
  Source:                 reset_n
                            (input port)
  Destination:            ram/memory_reg_2_3/ENARDEN
                            (rising edge-triggered cell RAMB36E1 clocked by sys_clk  {rise@0.000ns fall@5.000ns period=10.000ns})
  Path Group:             (none)
  Path Type:              Setup (Max at Slow Process Corner)
  Data Path Delay:        8.166ns  (logic 1.334ns (16.341%)  route 6.831ns (83.659%))
  Logic Levels:           4  (IBUF=1 LUT2=1 LUT6=2)
  Clock Path Skew:        4.825ns (DCD - SCD + CPR)
    Destination Clock Delay (DCD):    4.825ns
    Source Clock Delay      (SCD):    0.000ns
    Clock Pessimism Removal (CPR):    0.000ns
  Clock Uncertainty:      0.025ns  ((TSJ^2 + TIJ^2)^1/2 + DJ) / 2 + PE
    Total System Jitter     (TSJ):    0.050ns
    Total Input Jitter      (TIJ):    0.000ns
    Discrete Jitter          (DJ):    0.000ns
    Phase Error              (PE):    0.000ns

    Location             Delay type                Incr(ns)  Path(ns)    Netlist Resource(s)
  -------------------------------------------------------------------    -------------------
    U14                                               0.000     0.000 r  reset_n (IN)
                         net (fo=0)                   0.000     0.000    reset_n
    U14                  IBUF (Prop_ibuf_I_O)         0.936     0.936 r  reset_n_IBUF_inst/O
                         net (fo=37, routed)          2.799     3.736    ram/reset_n_IBUF
    SLICE_X4Y22          LUT6 (Prop_lut6_I5_O)        0.124     3.860 r  ram/memory_reg_0_0_i_4/O
                         net (fo=1, routed)           0.417     4.277    ram/memory_reg_0_0_i_4_n_0
    SLICE_X4Y23          LUT6 (Prop_lut6_I1_O)        0.124     4.401 r  ram/memory_reg_0_0_i_1/O
                         net (fo=16, routed)          2.869     7.270    ram/p_8_out
    SLICE_X48Y27         LUT2 (Prop_lut2_I0_O)        0.150     7.420 r  ram/memory_reg_2_3_ENARDEN_cooolgate_en_gate_23/O
                         net (fo=1, routed)           0.746     8.166    ram/memory_reg_2_3_ENARDEN_cooolgate_en_sig_12
    RAMB36_X2Y5          RAMB36E1                                     r  ram/memory_reg_2_3/ENARDEN
  -------------------------------------------------------------------    -------------------

                         (clock sys_clk rise edge)    0.000     0.000 r  
    W5                                                0.000     0.000 r  clk (IN)
                         net (fo=0)                   0.000     0.000    clk
    W5                   IBUF (Prop_ibuf_I_O)         1.388     1.388 r  clk_IBUF_inst/O
                         net (fo=1, routed)           1.862     3.250    clk_IBUF
    BUFGCTRL_X0Y0        BUFG (Prop_bufg_I_O)         0.091     3.341 r  clk_IBUF_BUFG_inst/O
                         net (fo=3069, routed)        1.484     4.825    ram/clk_IBUF_BUFG
    RAMB36_X2Y5          RAMB36E1                                     r  ram/memory_reg_2_3/CLKARDCLK





Min Delay Paths
--------------------------------------------------------------------------------------
Slack:                    inf
  Source:                 reset_n
                            (input port)
  Destination:            cpu/picorv32_core/reg_out_reg[2]/R
                            (rising edge-triggered cell FDRE clocked by sys_clk  {rise@0.000ns fall@5.000ns period=10.000ns})
  Path Group:             (none)
  Path Type:              Hold (Min at Fast Process Corner)
  Data Path Delay:        0.921ns  (logic 0.210ns (22.856%)  route 0.710ns (77.144%))
  Logic Levels:           2  (IBUF=1 LUT1=1)
  Clock Path Skew:        1.992ns (DCD - SCD - CPR)
    Destination Clock Delay (DCD):    1.992ns
    Source Clock Delay      (SCD):    0.000ns
    Clock Pessimism Removal (CPR):    -0.000ns

    Location             Delay type                Incr(ns)  Path(ns)    Netlist Resource(s)
  -------------------------------------------------------------------    -------------------
    U14                                               0.000     0.000 f  reset_n (IN)
                         net (fo=0)                   0.000     0.000    reset_n
    U14                  IBUF (Prop_ibuf_I_O)         0.165     0.165 f  reset_n_IBUF_inst/O
                         net (fo=37, routed)          0.533     0.698    cpu/picorv32_core/reset_n_IBUF
    SLICE_X4Y1           LUT1 (Prop_lut1_I0_O)        0.045     0.743 r  cpu/picorv32_core/latched_rd[4]_i_1/O
                         net (fo=409, routed)         0.178     0.921    cpu/picorv32_core/reset_n
    SLICE_X6Y2           FDRE                                         r  cpu/picorv32_core/reg_out_reg[2]/R
  -------------------------------------------------------------------    -------------------

                         (clock sys_clk rise edge)    0.000     0.000 r  
    W5                                                0.000     0.000 r  clk (IN)
                         net (fo=0)                   0.000     0.000    clk
    W5                   IBUF (Prop_ibuf_I_O)         0.414     0.414 r  clk_IBUF_inst/O
                         net (fo=1, routed)           0.685     1.099    clk_IBUF
    BUFGCTRL_X0Y0        BUFG (Prop_bufg_I_O)         0.029     1.128 r  clk_IBUF_BUFG_inst/O
                         net (fo=3069, routed)        0.865     1.992    cpu/picorv32_core/clk_IBUF_BUFG
    SLICE_X6Y2           FDRE                                         r  cpu/picorv32_core/reg_out_reg[2]/C

Slack:                    inf
  Source:                 reset_n
                            (input port)
  Destination:            cpu/picorv32_core/reg_out_reg[3]/R
                            (rising edge-triggered cell FDRE clocked by sys_clk  {rise@0.000ns fall@5.000ns period=10.000ns})
  Path Group:             (none)
  Path Type:              Hold (Min at Fast Process Corner)
  Data Path Delay:        0.921ns  (logic 0.210ns (22.856%)  route 0.710ns (77.144%))
  Logic Levels:           2  (IBUF=1 LUT1=1)
  Clock Path Skew:        1.992ns (DCD - SCD - CPR)
    Destination Clock Delay (DCD):    1.992ns
    Source Clock Delay      (SCD):    0.000ns
    Clock Pessimism Removal (CPR):    -0.000ns

    Location             Delay type                Incr(ns)  Path(ns)    Netlist Resource(s)
  -------------------------------------------------------------------    -------------------
    U14                                               0.000     0.000 f  reset_n (IN)
                         net (fo=0)                   0.000     0.000    reset_n
    U14                  IBUF (Prop_ibuf_I_O)         0.165     0.165 f  reset_n_IBUF_inst/O
                         net (fo=37, routed)          0.533     0.698    cpu/picorv32_core/reset_n_IBUF
    SLICE_X4Y1           LUT1 (Prop_lut1_I0_O)        0.045     0.743 r  cpu/picorv32_core/latched_rd[4]_i_1/O
                         net (fo=409, routed)         0.178     0.921    cpu/picorv32_core/reset_n
    SLICE_X7Y2           FDRE                                         r  cpu/picorv32_core/reg_out_reg[3]/R
  -------------------------------------------------------------------    -------------------

                         (clock sys_clk rise edge)    0.000     0.000 r  
    W5                                                0.000     0.000 r  clk (IN)
                         net (fo=0)                   0.000     0.000    clk
    W5                   IBUF (Prop_ibuf_I_O)         0.414     0.414 r  clk_IBUF_inst/O
                         net (fo=1, routed)           0.685     1.099    clk_IBUF
    BUFGCTRL_X0Y0        BUFG (Prop_bufg_I_O)         0.029     1.128 r  clk_IBUF_BUFG_inst/O
                         net (fo=3069, routed)        0.865     1.992    cpu/picorv32_core/clk_IBUF_BUFG
    SLICE_X7Y2           FDRE                                         r  cpu/picorv32_core/reg_out_reg[3]/C

Slack:                    inf
  Source:                 reset_n
                            (input port)
  Destination:            cpu/picorv32_core/reg_out_reg[4]/R
                            (rising edge-triggered cell FDRE clocked by sys_clk  {rise@0.000ns fall@5.000ns period=10.000ns})
  Path Group:             (none)
  Path Type:              Hold (Min at Fast Process Corner)
  Data Path Delay:        0.921ns  (logic 0.210ns (22.856%)  route 0.710ns (77.144%))
  Logic Levels:           2  (IBUF=1 LUT1=1)
  Clock Path Skew:        1.992ns (DCD - SCD - CPR)
    Destination Clock Delay (DCD):    1.992ns
    Source Clock Delay      (SCD):    0.000ns
    Clock Pessimism Removal (CPR):    -0.000ns

    Location             Delay type                Incr(ns)  Path(ns)    Netlist Resource(s)
  -------------------------------------------------------------------    -------------------
    U14                                               0.000     0.000 f  reset_n (IN)
                         net (fo=0)                   0.000     0.000    reset_n
    U14                  IBUF (Prop_ibuf_I_O)         0.165     0.165 f  reset_n_IBUF_inst/O
                         net (fo=37, routed)          0.533     0.698    cpu/picorv32_core/reset_n_IBUF
    SLICE_X4Y1           LUT1 (Prop_lut1_I0_O)        0.045     0.743 r  cpu/picorv32_core/latched_rd[4]_i_1/O
                         net (fo=409, routed)         0.178     0.921    cpu/picorv32_core/reset_n
    SLICE_X6Y2           FDRE                                         r  cpu/picorv32_core/reg_out_reg[4]/R
  -------------------------------------------------------------------    -------------------

                         (clock sys_clk rise edge)    0.000     0.000 r  
    W5                                                0.000     0.000 r  clk (IN)
                         net (fo=0)                   0.000     0.000    clk
    W5                   IBUF (Prop_ibuf_I_O)         0.414     0.414 r  clk_IBUF_inst/O
                         net (fo=1, routed)           0.685     1.099    clk_IBUF
    BUFGCTRL_X0Y0        BUFG (Prop_bufg_I_O)         0.029     1.128 r  clk_IBUF_BUFG_inst/O
                         net (fo=3069, routed)        0.865     1.992    cpu/picorv32_core/clk_IBUF_BUFG
    SLICE_X6Y2           FDRE                                         r  cpu/picorv32_core/reg_out_reg[4]/C

Slack:                    inf
  Source:                 reset_n
                            (input port)
  Destination:            cpu/picorv32_core/reg_out_reg[6]/R
                            (rising edge-triggered cell FDRE clocked by sys_clk  {rise@0.000ns fall@5.000ns period=10.000ns})
  Path Group:             (none)
  Path Type:              Hold (Min at Fast Process Corner)
  Data Path Delay:        0.921ns  (logic 0.210ns (22.856%)  route 0.710ns (77.144%))
  Logic Levels:           2  (IBUF=1 LUT1=1)
  Clock Path Skew:        1.992ns (DCD - SCD - CPR)
    Destination Clock Delay (DCD):    1.992ns
    Source Clock Delay      (SCD):    0.000ns
    Clock Pessimism Removal (CPR):    -0.000ns

    Location             Delay type                Incr(ns)  Path(ns)    Netlist Resource(s)
  -------------------------------------------------------------------    -------------------
    U14                                               0.000     0.000 f  reset_n (IN)
                         net (fo=0)                   0.000     0.000    reset_n
    U14                  IBUF (Prop_ibuf_I_O)         0.165     0.165 f  reset_n_IBUF_inst/O
                         net (fo=37, routed)          0.533     0.698    cpu/picorv32_core/reset_n_IBUF
    SLICE_X4Y1           LUT1 (Prop_lut1_I0_O)        0.045     0.743 r  cpu/picorv32_core/latched_rd[4]_i_1/O
                         net (fo=409, routed)         0.178     0.921    cpu/picorv32_core/reset_n
    SLICE_X6Y2           FDRE                                         r  cpu/picorv32_core/reg_out_reg[6]/R
  -------------------------------------------------------------------    -------------------

                         (clock sys_clk rise edge)    0.000     0.000 r  
    W5                                                0.000     0.000 r  clk (IN)
                         net (fo=0)                   0.000     0.000    clk
    W5                   IBUF (Prop_ibuf_I_O)         0.414     0.414 r  clk_IBUF_inst/O
                         net (fo=1, routed)           0.685     1.099    clk_IBUF
    BUFGCTRL_X0Y0        BUFG (Prop_bufg_I_O)         0.029     1.128 r  clk_IBUF_BUFG_inst/O
                         net (fo=3069, routed)        0.865     1.992    cpu/picorv32_core/clk_IBUF_BUFG
    SLICE_X6Y2           FDRE                                         r  cpu/picorv32_core/reg_out_reg[6]/C

Slack:                    inf
  Source:                 reset_n
                            (input port)
  Destination:            cpu/picorv32_core/reg_pc_reg[2]/R
                            (rising edge-triggered cell FDRE clocked by sys_clk  {rise@0.000ns fall@5.000ns period=10.000ns})
  Path Group:             (none)
  Path Type:              Hold (Min at Fast Process Corner)
  Data Path Delay:        0.984ns  (logic 0.210ns (21.386%)  route 0.774ns (78.614%))
  Logic Levels:           2  (IBUF=1 LUT1=1)
  Clock Path Skew:        1.991ns (DCD - SCD - CPR)
    Destination Clock Delay (DCD):    1.991ns
    Source Clock Delay      (SCD):    0.000ns
    Clock Pessimism Removal (CPR):    -0.000ns

    Location             Delay type                Incr(ns)  Path(ns)    Netlist Resource(s)
  -------------------------------------------------------------------    -------------------
    U14                                               0.000     0.000 f  reset_n (IN)
                         net (fo=0)                   0.000     0.000    reset_n
    U14                  IBUF (Prop_ibuf_I_O)         0.165     0.165 f  reset_n_IBUF_inst/O
                         net (fo=37, routed)          0.533     0.698    cpu/picorv32_core/reset_n_IBUF
    SLICE_X4Y1           LUT1 (Prop_lut1_I0_O)        0.045     0.743 r  cpu/picorv32_core/latched_rd[4]_i_1/O
                         net (fo=409, routed)         0.241     0.984    cpu/picorv32_core/reset_n
    SLICE_X7Y3           FDRE                                         r  cpu/picorv32_core/reg_pc_reg[2]/R
  -------------------------------------------------------------------    -------------------

                         (clock sys_clk rise edge)    0.000     0.000 r  
    W5                                                0.000     0.000 r  clk (IN)
                         net (fo=0)                   0.000     0.000    clk
    W5                   IBUF (Prop_ibuf_I_O)         0.414     0.414 r  clk_IBUF_inst/O
                         net (fo=1, routed)           0.685     1.099    clk_IBUF
    BUFGCTRL_X0Y0        BUFG (Prop_bufg_I_O)         0.029     1.128 r  clk_IBUF_BUFG_inst/O
                         net (fo=3069, routed)        0.864     1.991    cpu/picorv32_core/clk_IBUF_BUFG
    SLICE_X7Y3           FDRE                                         r  cpu/picorv32_core/reg_pc_reg[2]/C

Slack:                    inf
  Source:                 reset_n
                            (input port)
  Destination:            cpu/picorv32_core/reg_pc_reg[3]/R
                            (rising edge-triggered cell FDRE clocked by sys_clk  {rise@0.000ns fall@5.000ns period=10.000ns})
  Path Group:             (none)
  Path Type:              Hold (Min at Fast Process Corner)
  Data Path Delay:        0.984ns  (logic 0.210ns (21.386%)  route 0.774ns (78.614%))
  Logic Levels:           2  (IBUF=1 LUT1=1)
  Clock Path Skew:        1.991ns (DCD - SCD - CPR)
    Destination Clock Delay (DCD):    1.991ns
    Source Clock Delay      (SCD):    0.000ns
    Clock Pessimism Removal (CPR):    -0.000ns

    Location             Delay type                Incr(ns)  Path(ns)    Netlist Resource(s)
  -------------------------------------------------------------------    -------------------
    U14                                               0.000     0.000 f  reset_n (IN)
                         net (fo=0)                   0.000     0.000    reset_n
    U14                  IBUF (Prop_ibuf_I_O)         0.165     0.165 f  reset_n_IBUF_inst/O
                         net (fo=37, routed)          0.533     0.698    cpu/picorv32_core/reset_n_IBUF
    SLICE_X4Y1           LUT1 (Prop_lut1_I0_O)        0.045     0.743 r  cpu/picorv32_core/latched_rd[4]_i_1/O
                         net (fo=409, routed)         0.241     0.984    cpu/picorv32_core/reset_n
    SLICE_X7Y3           FDRE                                         r  cpu/picorv32_core/reg_pc_reg[3]/R
  -------------------------------------------------------------------    -------------------

                         (clock sys_clk rise edge)    0.000     0.000 r  
    W5                                                0.000     0.000 r  clk (IN)
                         net (fo=0)                   0.000     0.000    clk
    W5                   IBUF (Prop_ibuf_I_O)         0.414     0.414 r  clk_IBUF_inst/O
                         net (fo=1, routed)           0.685     1.099    clk_IBUF
    BUFGCTRL_X0Y0        BUFG (Prop_bufg_I_O)         0.029     1.128 r  clk_IBUF_BUFG_inst/O
                         net (fo=3069, routed)        0.864     1.991    cpu/picorv32_core/clk_IBUF_BUFG
    SLICE_X7Y3           FDRE                                         r  cpu/picorv32_core/reg_pc_reg[3]/C

Slack:                    inf
  Source:                 reset_n
                            (input port)
  Destination:            cpu/picorv32_core/reg_pc_reg[6]/R
                            (rising edge-triggered cell FDRE clocked by sys_clk  {rise@0.000ns fall@5.000ns period=10.000ns})
  Path Group:             (none)
  Path Type:              Hold (Min at Fast Process Corner)
  Data Path Delay:        0.984ns  (logic 0.210ns (21.386%)  route 0.774ns (78.614%))
  Logic Levels:           2  (IBUF=1 LUT1=1)
  Clock Path Skew:        1.991ns (DCD - SCD - CPR)
    Destination Clock Delay (DCD):    1.991ns
    Source Clock Delay      (SCD):    0.000ns
    Clock Pessimism Removal (CPR):    -0.000ns

    Location             Delay type                Incr(ns)  Path(ns)    Netlist Resource(s)
  -------------------------------------------------------------------    -------------------
    U14                                               0.000     0.000 f  reset_n (IN)
                         net (fo=0)                   0.000     0.000    reset_n
    U14                  IBUF (Prop_ibuf_I_O)         0.165     0.165 f  reset_n_IBUF_inst/O
                         net (fo=37, routed)          0.533     0.698    cpu/picorv32_core/reset_n_IBUF
    SLICE_X4Y1           LUT1 (Prop_lut1_I0_O)        0.045     0.743 r  cpu/picorv32_core/latched_rd[4]_i_1/O
                         net (fo=409, routed)         0.241     0.984    cpu/picorv32_core/reset_n
    SLICE_X7Y3           FDRE                                         r  cpu/picorv32_core/reg_pc_reg[6]/R
  -------------------------------------------------------------------    -------------------

                         (clock sys_clk rise edge)    0.000     0.000 r  
    W5                                                0.000     0.000 r  clk (IN)
                         net (fo=0)                   0.000     0.000    clk
    W5                   IBUF (Prop_ibuf_I_O)         0.414     0.414 r  clk_IBUF_inst/O
                         net (fo=1, routed)           0.685     1.099    clk_IBUF
    BUFGCTRL_X0Y0        BUFG (Prop_bufg_I_O)         0.029     1.128 r  clk_IBUF_BUFG_inst/O
                         net (fo=3069, routed)        0.864     1.991    cpu/picorv32_core/clk_IBUF_BUFG
    SLICE_X7Y3           FDRE                                         r  cpu/picorv32_core/reg_pc_reg[6]/C

Slack:                    inf
  Source:                 reset_n
                            (input port)
  Destination:            cpu/picorv32_core/reg_pc_reg[7]/R
                            (rising edge-triggered cell FDRE clocked by sys_clk  {rise@0.000ns fall@5.000ns period=10.000ns})
  Path Group:             (none)
  Path Type:              Hold (Min at Fast Process Corner)
  Data Path Delay:        0.984ns  (logic 0.210ns (21.386%)  route 0.774ns (78.614%))
  Logic Levels:           2  (IBUF=1 LUT1=1)
  Clock Path Skew:        1.991ns (DCD - SCD - CPR)
    Destination Clock Delay (DCD):    1.991ns
    Source Clock Delay      (SCD):    0.000ns
    Clock Pessimism Removal (CPR):    -0.000ns

    Location             Delay type                Incr(ns)  Path(ns)    Netlist Resource(s)
  -------------------------------------------------------------------    -------------------
    U14                                               0.000     0.000 f  reset_n (IN)
                         net (fo=0)                   0.000     0.000    reset_n
    U14                  IBUF (Prop_ibuf_I_O)         0.165     0.165 f  reset_n_IBUF_inst/O
                         net (fo=37, routed)          0.533     0.698    cpu/picorv32_core/reset_n_IBUF
    SLICE_X4Y1           LUT1 (Prop_lut1_I0_O)        0.045     0.743 r  cpu/picorv32_core/latched_rd[4]_i_1/O
                         net (fo=409, routed)         0.241     0.984    cpu/picorv32_core/reset_n
    SLICE_X7Y3           FDRE                                         r  cpu/picorv32_core/reg_pc_reg[7]/R
  -------------------------------------------------------------------    -------------------

                         (clock sys_clk rise edge)    0.000     0.000 r  
    W5                                                0.000     0.000 r  clk (IN)
                         net (fo=0)                   0.000     0.000    clk
    W5                   IBUF (Prop_ibuf_I_O)         0.414     0.414 r  clk_IBUF_inst/O
                         net (fo=1, routed)           0.685     1.099    clk_IBUF
    BUFGCTRL_X0Y0        BUFG (Prop_bufg_I_O)         0.029     1.128 r  clk_IBUF_BUFG_inst/O
                         net (fo=3069, routed)        0.864     1.991    cpu/picorv32_core/clk_IBUF_BUFG
    SLICE_X7Y3           FDRE                                         r  cpu/picorv32_core/reg_pc_reg[7]/C

Slack:                    inf
  Source:                 reset_n
                            (input port)
  Destination:            cpu/picorv32_core/mem_do_prefetch_reg/D
                            (rising edge-triggered cell FDRE clocked by sys_clk  {rise@0.000ns fall@5.000ns period=10.000ns})
  Path Group:             (none)
  Path Type:              Hold (Min at Fast Process Corner)
  Data Path Delay:        1.107ns  (logic 0.210ns (19.019%)  route 0.896ns (80.981%))
  Logic Levels:           2  (IBUF=1 LUT6=1)
  Clock Path Skew:        1.962ns (DCD - SCD - CPR)
    Destination Clock Delay (DCD):    1.962ns
    Source Clock Delay      (SCD):    0.000ns
    Clock Pessimism Removal (CPR):    -0.000ns

    Location             Delay type                Incr(ns)  Path(ns)    Netlist Resource(s)
  -------------------------------------------------------------------    -------------------
    U14                                               0.000     0.000 r  reset_n (IN)
                         net (fo=0)                   0.000     0.000    reset_n
    U14                  IBUF (Prop_ibuf_I_O)         0.165     0.165 r  reset_n_IBUF_inst/O
                         net (fo=37, routed)          0.896     1.062    cpu/picorv32_core/reset_n_IBUF
    SLICE_X15Y9          LUT6 (Prop_lut6_I3_O)        0.045     1.107 r  cpu/picorv32_core/mem_do_prefetch_i_1/O
                         net (fo=1, routed)           0.000     1.107    cpu/picorv32_core/mem_do_prefetch_i_1_n_0
    SLICE_X15Y9          FDRE                                         r  cpu/picorv32_core/mem_do_prefetch_reg/D
  -------------------------------------------------------------------    -------------------

                         (clock sys_clk rise edge)    0.000     0.000 r  
    W5                                                0.000     0.000 r  clk (IN)
                         net (fo=0)                   0.000     0.000    clk
    W5                   IBUF (Prop_ibuf_I_O)         0.414     0.414 r  clk_IBUF_inst/O
                         net (fo=1, routed)           0.685     1.099    clk_IBUF
    BUFGCTRL_X0Y0        BUFG (Prop_bufg_I_O)         0.029     1.128 r  clk_IBUF_BUFG_inst/O
                         net (fo=3069, routed)        0.835     1.962    cpu/picorv32_core/clk_IBUF_BUFG
    SLICE_X15Y9          FDRE                                         r  cpu/picorv32_core/mem_do_prefetch_reg/C

Slack:                    inf
  Source:                 reset_n
                            (input port)
  Destination:            cpu/picorv32_core/reg_pc_reg[11]/R
                            (rising edge-triggered cell FDRE clocked by sys_clk  {rise@0.000ns fall@5.000ns period=10.000ns})
  Path Group:             (none)
  Path Type:              Hold (Min at Fast Process Corner)
  Data Path Delay:        1.113ns  (logic 0.210ns (18.907%)  route 0.903ns (81.093%))
  Logic Levels:           2  (IBUF=1 LUT1=1)
  Clock Path Skew:        1.991ns (DCD - SCD - CPR)
    Destination Clock Delay (DCD):    1.991ns
    Source Clock Delay      (SCD):    0.000ns
    Clock Pessimism Removal (CPR):    -0.000ns

    Location             Delay type                Incr(ns)  Path(ns)    Netlist Resource(s)
  -------------------------------------------------------------------    -------------------
    U14                                               0.000     0.000 f  reset_n (IN)
                         net (fo=0)                   0.000     0.000    reset_n
    U14                  IBUF (Prop_ibuf_I_O)         0.165     0.165 f  reset_n_IBUF_inst/O
                         net (fo=37, routed)          0.533     0.698    cpu/picorv32_core/reset_n_IBUF
    SLICE_X4Y1           LUT1 (Prop_lut1_I0_O)        0.045     0.743 r  cpu/picorv32_core/latched_rd[4]_i_1/O
                         net (fo=409, routed)         0.370     1.113    cpu/picorv32_core/reset_n
    SLICE_X7Y5           FDRE                                         r  cpu/picorv32_core/reg_pc_reg[11]/R
  -------------------------------------------------------------------    -------------------

                         (clock sys_clk rise edge)    0.000     0.000 r  
    W5                                                0.000     0.000 r  clk (IN)
                         net (fo=0)                   0.000     0.000    clk
    W5                   IBUF (Prop_ibuf_I_O)         0.414     0.414 r  clk_IBUF_inst/O
                         net (fo=1, routed)           0.685     1.099    clk_IBUF
    BUFGCTRL_X0Y0        BUFG (Prop_bufg_I_O)         0.029     1.128 r  clk_IBUF_BUFG_inst/O
                         net (fo=3069, routed)        0.864     1.991    cpu/picorv32_core/clk_IBUF_BUFG
    SLICE_X7Y5           FDRE                                         r  cpu/picorv32_core/reg_pc_reg[11]/C

Slack:                    inf
  Source:                 reset_n
                            (input port)
  Destination:            cpu/picorv32_core/reg_pc_reg[12]/R
                            (rising edge-triggered cell FDRE clocked by sys_clk  {rise@0.000ns fall@5.000ns period=10.000ns})
  Path Group:             (none)
  Path Type:              Hold (Min at Fast Process Corner)
  Data Path Delay:        1.113ns  (logic 0.210ns (18.907%)  route 0.903ns (81.093%))
  Logic Levels:           2  (IBUF=1 LUT1=1)
  Clock Path Skew:        1.991ns (DCD - SCD - CPR)
    Destination Clock Delay (DCD):    1.991ns
    Source Clock Delay      (SCD):    0.000ns
    Clock Pessimism Removal (CPR):    -0.000ns

    Location             Delay type                Incr(ns)  Path(ns)    Netlist Resource(s)
  -------------------------------------------------------------------    -------------------
    U14                                               0.000     0.000 f  reset_n (IN)
                         net (fo=0)                   0.000     0.000    reset_n
    U14                  IBUF (Prop_ibuf_I_O)         0.165     0.165 f  reset_n_IBUF_inst/O
                         net (fo=37, routed)          0.533     0.698    cpu/picorv32_core/reset_n_IBUF
    SLICE_X4Y1           LUT1 (Prop_lut1_I0_O)        0.045     0.743 r  cpu/picorv32_core/latched_rd[4]_i_1/O
                         net (fo=409, routed)         0.370     1.113    cpu/picorv32_core/reset_n
    SLICE_X7Y5           FDRE                                         r  cpu/picorv32_core/reg_pc_reg[12]/R
  -------------------------------------------------------------------    -------------------

                         (clock sys_clk rise edge)    0.000     0.000 r  
    W5                                                0.000     0.000 r  clk (IN)
                         net (fo=0)                   0.000     0.000    clk
    W5                   IBUF (Prop_ibuf_I_O)         0.414     0.414 r  clk_IBUF_inst/O
                         net (fo=1, routed)           0.685     1.099    clk_IBUF
    BUFGCTRL_X0Y0        BUFG (Prop_bufg_I_O)         0.029     1.128 r  clk_IBUF_BUFG_inst/O
                         net (fo=3069, routed)        0.864     1.991    cpu/picorv32_core/clk_IBUF_BUFG
    SLICE_X7Y5           FDRE                                         r  cpu/picorv32_core/reg_pc_reg[12]/C

Slack:                    inf
  Source:                 reset_n
                            (input port)
  Destination:            cpu/picorv32_core/reg_pc_reg[4]/R
                            (rising edge-triggered cell FDRE clocked by sys_clk  {rise@0.000ns fall@5.000ns period=10.000ns})
  Path Group:             (none)
  Path Type:              Hold (Min at Fast Process Corner)
  Data Path Delay:        1.113ns  (logic 0.210ns (18.907%)  route 0.903ns (81.093%))
  Logic Levels:           2  (IBUF=1 LUT1=1)
  Clock Path Skew:        1.991ns (DCD - SCD - CPR)
    Destination Clock Delay (DCD):    1.991ns
    Source Clock Delay      (SCD):    0.000ns
    Clock Pessimism Removal (CPR):    -0.000ns

    Location             Delay type                Incr(ns)  Path(ns)    Netlist Resource(s)
  -------------------------------------------------------------------    -------------------
    U14                                               0.000     0.000 f  reset_n (IN)
                         net (fo=0)                   0.000     0.000    reset_n
    U14                  IBUF (Prop_ibuf_I_O)         0.165     0.165 f  reset_n_IBUF_inst/O
                         net (fo=37, routed)          0.533     0.698    cpu/picorv32_core/reset_n_IBUF
    SLICE_X4Y1           LUT1 (Prop_lut1_I0_O)        0.045     0.743 r  cpu/picorv32_core/latched_rd[4]_i_1/O
                         net (fo=409, routed)         0.370     1.113    cpu/picorv32_core/reset_n
    SLICE_X7Y5           FDRE                                         r  cpu/picorv32_core/reg_pc_reg[4]/R
  -------------------------------------------------------------------    -------------------

                         (clock sys_clk rise edge)    0.000     0.000 r  
    W5                                                0.000     0.000 r  clk (IN)
                         net (fo=0)                   0.000     0.000    clk
    W5                   IBUF (Prop_ibuf_I_O)         0.414     0.414 r  clk_IBUF_inst/O
                         net (fo=1, routed)           0.685     1.099    clk_IBUF
    BUFGCTRL_X0Y0        BUFG (Prop_bufg_I_O)         0.029     1.128 r  clk_IBUF_BUFG_inst/O
                         net (fo=3069, routed)        0.864     1.991    cpu/picorv32_core/clk_IBUF_BUFG
    SLICE_X7Y5           FDRE                                         r  cpu/picorv32_core/reg_pc_reg[4]/C

Slack:                    inf
  Source:                 reset_n
                            (input port)
  Destination:            cpu/picorv32_core/reg_out_reg[7]/R
                            (rising edge-triggered cell FDRE clocked by sys_clk  {rise@0.000ns fall@5.000ns period=10.000ns})
  Path Group:             (none)
  Path Type:              Hold (Min at Fast Process Corner)
  Data Path Delay:        1.174ns  (logic 0.210ns (17.929%)  route 0.964ns (82.071%))
  Logic Levels:           2  (IBUF=1 LUT1=1)
  Clock Path Skew:        1.991ns (DCD - SCD - CPR)
    Destination Clock Delay (DCD):    1.991ns
    Source Clock Delay      (SCD):    0.000ns
    Clock Pessimism Removal (CPR):    -0.000ns

    Location             Delay type                Incr(ns)  Path(ns)    Netlist Resource(s)
  -------------------------------------------------------------------    -------------------
    U14                                               0.000     0.000 f  reset_n (IN)
                         net (fo=0)                   0.000     0.000    reset_n
    U14                  IBUF (Prop_ibuf_I_O)         0.165     0.165 f  reset_n_IBUF_inst/O
                         net (fo=37, routed)          0.533     0.698    cpu/picorv32_core/reset_n_IBUF
    SLICE_X4Y1           LUT1 (Prop_lut1_I0_O)        0.045     0.743 r  cpu/picorv32_core/latched_rd[4]_i_1/O
                         net (fo=409, routed)         0.431     1.174    cpu/picorv32_core/reset_n
    SLICE_X4Y4           FDRE                                         r  cpu/picorv32_core/reg_out_reg[7]/R
  -------------------------------------------------------------------    -------------------

                         (clock sys_clk rise edge)    0.000     0.000 r  
    W5                                                0.000     0.000 r  clk (IN)
                         net (fo=0)                   0.000     0.000    clk
    W5                   IBUF (Prop_ibuf_I_O)         0.414     0.414 r  clk_IBUF_inst/O
                         net (fo=1, routed)           0.685     1.099    clk_IBUF
    BUFGCTRL_X0Y0        BUFG (Prop_bufg_I_O)         0.029     1.128 r  clk_IBUF_BUFG_inst/O
                         net (fo=3069, routed)        0.864     1.991    cpu/picorv32_core/clk_IBUF_BUFG
    SLICE_X4Y4           FDRE                                         r  cpu/picorv32_core/reg_out_reg[7]/C

Slack:                    inf
  Source:                 reset_n
                            (input port)
  Destination:            cpu/picorv32_core/reg_pc_reg[13]/R
                            (rising edge-triggered cell FDRE clocked by sys_clk  {rise@0.000ns fall@5.000ns period=10.000ns})
  Path Group:             (none)
  Path Type:              Hold (Min at Fast Process Corner)
  Data Path Delay:        1.196ns  (logic 0.210ns (17.594%)  route 0.986ns (82.406%))
  Logic Levels:           2  (IBUF=1 LUT1=1)
  Clock Path Skew:        1.991ns (DCD - SCD - CPR)
    Destination Clock Delay (DCD):    1.991ns
    Source Clock Delay      (SCD):    0.000ns
    Clock Pessimism Removal (CPR):    -0.000ns

    Location             Delay type                Incr(ns)  Path(ns)    Netlist Resource(s)
  -------------------------------------------------------------------    -------------------
    U14                                               0.000     0.000 f  reset_n (IN)
                         net (fo=0)                   0.000     0.000    reset_n
    U14                  IBUF (Prop_ibuf_I_O)         0.165     0.165 f  reset_n_IBUF_inst/O
                         net (fo=37, routed)          0.533     0.698    cpu/picorv32_core/reset_n_IBUF
    SLICE_X4Y1           LUT1 (Prop_lut1_I0_O)        0.045     0.743 r  cpu/picorv32_core/latched_rd[4]_i_1/O
                         net (fo=409, routed)         0.453     1.196    cpu/picorv32_core/reset_n
    SLICE_X7Y6           FDRE                                         r  cpu/picorv32_core/reg_pc_reg[13]/R
  -------------------------------------------------------------------    -------------------

                         (clock sys_clk rise edge)    0.000     0.000 r  
    W5                                                0.000     0.000 r  clk (IN)
                         net (fo=0)                   0.000     0.000    clk
    W5                   IBUF (Prop_ibuf_I_O)         0.414     0.414 r  clk_IBUF_inst/O
                         net (fo=1, routed)           0.685     1.099    clk_IBUF
    BUFGCTRL_X0Y0        BUFG (Prop_bufg_I_O)         0.029     1.128 r  clk_IBUF_BUFG_inst/O
                         net (fo=3069, routed)        0.864     1.991    cpu/picorv32_core/clk_IBUF_BUFG
    SLICE_X7Y6           FDRE                                         r  cpu/picorv32_core/reg_pc_reg[13]/C

Slack:                    inf
  Source:                 reset_n
                            (input port)
  Destination:            cpu/picorv32_core/cpu_state_reg[7]/D
                            (rising edge-triggered cell FDSE clocked by sys_clk  {rise@0.000ns fall@5.000ns period=10.000ns})
  Path Group:             (none)
  Path Type:              Hold (Min at Fast Process Corner)
  Data Path Delay:        1.198ns  (logic 0.210ns (17.564%)  route 0.988ns (82.436%))
  Logic Levels:           2  (IBUF=1 LUT3=1)
  Clock Path Skew:        1.958ns (DCD - SCD - CPR)
    Destination Clock Delay (DCD):    1.958ns
    Source Clock Delay      (SCD):    0.000ns
    Clock Pessimism Removal (CPR):    -0.000ns

    Location             Delay type                Incr(ns)  Path(ns)    Netlist Resource(s)
  -------------------------------------------------------------------    -------------------
    U14                                               0.000     0.000 r  reset_n (IN)
                         net (fo=0)                   0.000     0.000    reset_n
    U14                  IBUF (Prop_ibuf_I_O)         0.165     0.165 r  reset_n_IBUF_inst/O
                         net (fo=37, routed)          0.932     1.098    cpu/picorv32_core/reset_n_IBUF
    SLICE_X14Y14         LUT3 (Prop_lut3_I0_O)        0.045     1.143 r  cpu/picorv32_core/cpu_state[7]_i_3/O
                         net (fo=1, routed)           0.056     1.198    cpu/picorv32_core/cpu_state0_out[7]
    SLICE_X15Y14         FDSE                                         r  cpu/picorv32_core/cpu_state_reg[7]/D
  -------------------------------------------------------------------    -------------------

                         (clock sys_clk rise edge)    0.000     0.000 r  
    W5                                                0.000     0.000 r  clk (IN)
                         net (fo=0)                   0.000     0.000    clk
    W5                   IBUF (Prop_ibuf_I_O)         0.414     0.414 r  clk_IBUF_inst/O
                         net (fo=1, routed)           0.685     1.099    clk_IBUF
    BUFGCTRL_X0Y0        BUFG (Prop_bufg_I_O)         0.029     1.128 r  clk_IBUF_BUFG_inst/O
                         net (fo=3069, routed)        0.831     1.958    cpu/picorv32_core/clk_IBUF_BUFG
    SLICE_X15Y14         FDSE                                         r  cpu/picorv32_core/cpu_state_reg[7]/C

Slack:                    inf
  Source:                 reset_n
                            (input port)
  Destination:            cpu/picorv32_core/cpu_state_reg[3]/D
                            (rising edge-triggered cell FDRE clocked by sys_clk  {rise@0.000ns fall@5.000ns period=10.000ns})
  Path Group:             (none)
  Path Type:              Hold (Min at Fast Process Corner)
  Data Path Delay:        1.200ns  (logic 0.210ns (17.543%)  route 0.989ns (82.457%))
  Logic Levels:           2  (IBUF=1 LUT4=1)
  Clock Path Skew:        1.958ns (DCD - SCD - CPR)
    Destination Clock Delay (DCD):    1.958ns
    Source Clock Delay      (SCD):    0.000ns
    Clock Pessimism Removal (CPR):    -0.000ns

    Location             Delay type                Incr(ns)  Path(ns)    Netlist Resource(s)
  -------------------------------------------------------------------    -------------------
    U14                                               0.000     0.000 r  reset_n (IN)
                         net (fo=0)                   0.000     0.000    reset_n
    U14                  IBUF (Prop_ibuf_I_O)         0.165     0.165 r  reset_n_IBUF_inst/O
                         net (fo=37, routed)          0.933     1.099    cpu/picorv32_core/reset_n_IBUF
    SLICE_X14Y14         LUT4 (Prop_lut4_I1_O)        0.045     1.144 r  cpu/picorv32_core/cpu_state[3]_i_1/O
                         net (fo=1, routed)           0.056     1.200    cpu/picorv32_core/cpu_state0_out[3]
    SLICE_X15Y14         FDRE                                         r  cpu/picorv32_core/cpu_state_reg[3]/D
  -------------------------------------------------------------------    -------------------

                         (clock sys_clk rise edge)    0.000     0.000 r  
    W5                                                0.000     0.000 r  clk (IN)
                         net (fo=0)                   0.000     0.000    clk
    W5                   IBUF (Prop_ibuf_I_O)         0.414     0.414 r  clk_IBUF_inst/O
                         net (fo=1, routed)           0.685     1.099    clk_IBUF
    BUFGCTRL_X0Y0        BUFG (Prop_bufg_I_O)         0.029     1.128 r  clk_IBUF_BUFG_inst/O
                         net (fo=3069, routed)        0.831     1.958    cpu/picorv32_core/clk_IBUF_BUFG
    SLICE_X15Y14         FDRE                                         r  cpu/picorv32_core/cpu_state_reg[3]/C

Slack:                    inf
  Source:                 reset_n
                            (input port)
  Destination:            cpu/picorv32_core/cpu_state_reg[6]/D
                            (rising edge-triggered cell FDRE clocked by sys_clk  {rise@0.000ns fall@5.000ns period=10.000ns})
  Path Group:             (none)
  Path Type:              Hold (Min at Fast Process Corner)
  Data Path Delay:        1.223ns  (logic 0.210ns (17.215%)  route 1.012ns (82.785%))
  Logic Levels:           2  (IBUF=1 LUT6=1)
  Clock Path Skew:        1.958ns (DCD - SCD - CPR)
    Destination Clock Delay (DCD):    1.958ns
    Source Clock Delay      (SCD):    0.000ns
    Clock Pessimism Removal (CPR):    -0.000ns

    Location             Delay type                Incr(ns)  Path(ns)    Netlist Resource(s)
  -------------------------------------------------------------------    -------------------
    U14                                               0.000     0.000 f  reset_n (IN)
                         net (fo=0)                   0.000     0.000    reset_n
    U14                  IBUF (Prop_ibuf_I_O)         0.165     0.165 f  reset_n_IBUF_inst/O
                         net (fo=37, routed)          1.012     1.178    cpu/picorv32_core/reset_n_IBUF
    SLICE_X15Y14         LUT6 (Prop_lut6_I0_O)        0.045     1.223 r  cpu/picorv32_core/cpu_state[6]_i_1/O
                         net (fo=1, routed)           0.000     1.223    cpu/picorv32_core/cpu_state0_out[6]
    SLICE_X15Y14         FDRE                                         r  cpu/picorv32_core/cpu_state_reg[6]/D
  -------------------------------------------------------------------    -------------------

                         (clock sys_clk rise edge)    0.000     0.000 r  
    W5                                                0.000     0.000 r  clk (IN)
                         net (fo=0)                   0.000     0.000    clk
    W5                   IBUF (Prop_ibuf_I_O)         0.414     0.414 r  clk_IBUF_inst/O
                         net (fo=1, routed)           0.685     1.099    clk_IBUF
    BUFGCTRL_X0Y0        BUFG (Prop_bufg_I_O)         0.029     1.128 r  clk_IBUF_BUFG_inst/O
                         net (fo=3069, routed)        0.831     1.958    cpu/picorv32_core/clk_IBUF_BUFG
    SLICE_X15Y14         FDRE                                         r  cpu/picorv32_core/cpu_state_reg[6]/C

Slack:                    inf
  Source:                 reset_n
                            (input port)
  Destination:            cpu/picorv32_core/reg_out_reg[17]/R
                            (rising edge-triggered cell FDRE clocked by sys_clk  {rise@0.000ns fall@5.000ns period=10.000ns})
  Path Group:             (none)
  Path Type:              Hold (Min at Fast Process Corner)
  Data Path Delay:        1.227ns  (logic 0.210ns (17.158%)  route 1.016ns (82.842%))
  Logic Levels:           2  (IBUF=1 LUT1=1)
  Clock Path Skew:        1.993ns (DCD - SCD - CPR)
    Destination Clock Delay (DCD):    1.993ns
    Source Clock Delay      (SCD):    0.000ns
    Clock Pessimism Removal (CPR):    -0.000ns

    Location             Delay type                Incr(ns)  Path(ns)    Netlist Resource(s)
  -------------------------------------------------------------------    -------------------
    U14                                               0.000     0.000 f  reset_n (IN)
                         net (fo=0)                   0.000     0.000    reset_n
    U14                  IBUF (Prop_ibuf_I_O)         0.165     0.165 f  reset_n_IBUF_inst/O
                         net (fo=37, routed)          0.533     0.698    cpu/picorv32_core/reset_n_IBUF
    SLICE_X4Y1           LUT1 (Prop_lut1_I0_O)        0.045     0.743 r  cpu/picorv32_core/latched_rd[4]_i_1/O
                         net (fo=409, routed)         0.483     1.227    cpu/picorv32_core/reset_n
    SLICE_X3Y6           FDRE                                         r  cpu/picorv32_core/reg_out_reg[17]/R
  -------------------------------------------------------------------    -------------------

                         (clock sys_clk rise edge)    0.000     0.000 r  
    W5                                                0.000     0.000 r  clk (IN)
                         net (fo=0)                   0.000     0.000    clk
    W5                   IBUF (Prop_ibuf_I_O)         0.414     0.414 r  clk_IBUF_inst/O
                         net (fo=1, routed)           0.685     1.099    clk_IBUF
    BUFGCTRL_X0Y0        BUFG (Prop_bufg_I_O)         0.029     1.128 r  clk_IBUF_BUFG_inst/O
                         net (fo=3069, routed)        0.866     1.993    cpu/picorv32_core/clk_IBUF_BUFG
    SLICE_X3Y6           FDRE                                         r  cpu/picorv32_core/reg_out_reg[17]/C

Slack:                    inf
  Source:                 reset_n
                            (input port)
  Destination:            cpu/picorv32_core/reg_out_reg[5]/R
                            (rising edge-triggered cell FDRE clocked by sys_clk  {rise@0.000ns fall@5.000ns period=10.000ns})
  Path Group:             (none)
  Path Type:              Hold (Min at Fast Process Corner)
  Data Path Delay:        1.241ns  (logic 0.210ns (16.961%)  route 1.031ns (83.039%))
  Logic Levels:           2  (IBUF=1 LUT1=1)
  Clock Path Skew:        1.993ns (DCD - SCD - CPR)
    Destination Clock Delay (DCD):    1.993ns
    Source Clock Delay      (SCD):    0.000ns
    Clock Pessimism Removal (CPR):    -0.000ns

    Location             Delay type                Incr(ns)  Path(ns)    Netlist Resource(s)
  -------------------------------------------------------------------    -------------------
    U14                                               0.000     0.000 f  reset_n (IN)
                         net (fo=0)                   0.000     0.000    reset_n
    U14                  IBUF (Prop_ibuf_I_O)         0.165     0.165 f  reset_n_IBUF_inst/O
                         net (fo=37, routed)          0.533     0.698    cpu/picorv32_core/reset_n_IBUF
    SLICE_X4Y1           LUT1 (Prop_lut1_I0_O)        0.045     0.743 r  cpu/picorv32_core/latched_rd[4]_i_1/O
                         net (fo=409, routed)         0.498     1.241    cpu/picorv32_core/reset_n
    SLICE_X3Y3           FDRE                                         r  cpu/picorv32_core/reg_out_reg[5]/R
  -------------------------------------------------------------------    -------------------

                         (clock sys_clk rise edge)    0.000     0.000 r  
    W5                                                0.000     0.000 r  clk (IN)
                         net (fo=0)                   0.000     0.000    clk
    W5                   IBUF (Prop_ibuf_I_O)         0.414     0.414 r  clk_IBUF_inst/O
                         net (fo=1, routed)           0.685     1.099    clk_IBUF
    BUFGCTRL_X0Y0        BUFG (Prop_bufg_I_O)         0.029     1.128 r  clk_IBUF_BUFG_inst/O
                         net (fo=3069, routed)        0.866     1.993    cpu/picorv32_core/clk_IBUF_BUFG
    SLICE_X3Y3           FDRE                                         r  cpu/picorv32_core/reg_out_reg[5]/C

Slack:                    inf
  Source:                 reset_n
                            (input port)
  Destination:            cpu/picorv32_core/cpu_state_reg[0]/R
                            (rising edge-triggered cell FDRE clocked by sys_clk  {rise@0.000ns fall@5.000ns period=10.000ns})
  Path Group:             (none)
  Path Type:              Hold (Min at Fast Process Corner)
  Data Path Delay:        1.261ns  (logic 0.210ns (16.690%)  route 1.051ns (83.310%))
  Logic Levels:           2  (IBUF=1 LUT6=1)
  Clock Path Skew:        1.958ns (DCD - SCD - CPR)
    Destination Clock Delay (DCD):    1.958ns
    Source Clock Delay      (SCD):    0.000ns
    Clock Pessimism Removal (CPR):    -0.000ns

    Location             Delay type                Incr(ns)  Path(ns)    Netlist Resource(s)
  -------------------------------------------------------------------    -------------------
    U14                                               0.000     0.000 r  reset_n (IN)
                         net (fo=0)                   0.000     0.000    reset_n
    U14                  IBUF (Prop_ibuf_I_O)         0.165     0.165 r  reset_n_IBUF_inst/O
                         net (fo=37, routed)          0.926     1.091    cpu/picorv32_core/reset_n_IBUF
    SLICE_X13Y14         LUT6 (Prop_lut6_I3_O)        0.045     1.136 r  cpu/picorv32_core/cpu_state[7]_i_1/O
                         net (fo=7, routed)           0.125     1.261    cpu/picorv32_core/cpu_state[7]_i_1_n_0
    SLICE_X15Y14         FDRE                                         r  cpu/picorv32_core/cpu_state_reg[0]/R
  -------------------------------------------------------------------    -------------------

                         (clock sys_clk rise edge)    0.000     0.000 r  
    W5                                                0.000     0.000 r  clk (IN)
                         net (fo=0)                   0.000     0.000    clk
    W5                   IBUF (Prop_ibuf_I_O)         0.414     0.414 r  clk_IBUF_inst/O
                         net (fo=1, routed)           0.685     1.099    clk_IBUF
    BUFGCTRL_X0Y0        BUFG (Prop_bufg_I_O)         0.029     1.128 r  clk_IBUF_BUFG_inst/O
                         net (fo=3069, routed)        0.831     1.958    cpu/picorv32_core/clk_IBUF_BUFG
    SLICE_X15Y14         FDRE                                         r  cpu/picorv32_core/cpu_state_reg[0]/C





